#
# There is insufficient memory for the Java Runtime Environment to continue.
# Native memory allocation (mmap) failed to map 1048576 bytes for G1 virtual space
# Possible reasons:
#   The system is out of physical RAM or swap space
#   The process is running with CompressedOops enabled, and the Java Heap may be blocking the growth of the native heap
# Possible solutions:
#   Reduce memory load on the system
#   Increase physical memory or swap space
#   Check if swap backing store is full
#   Decrease Java heap size (-Xmx/-Xms)
#   Decrease number of Java threads
#   Decrease Java thread stack sizes (-Xss)
#   Set larger code cache with -XX:ReservedCodeCacheSize=
#   JVM is running with Unscaled Compressed Oops mode in which the Java heap is
#     placed in the first 4GB address space. The Java Heap base address is the
#     maximum limit for the native heap growth. Please use -XX:HeapBaseMinAddress
#     to set the Java Heap base and to place the Java Heap above 4GB virtual address.
# This output file may be truncated or incomplete.
#
#  Out of Memory Error (os_windows.cpp:3603), pid=8824, tid=8648
#
# JRE version: Java(TM) SE Runtime Environment (21.0.7+8) (build 21.0.7+8-LTS-245)
# Java VM: Java HotSpot(TM) 64-Bit Server VM (21.0.7+8-LTS-245, mixed mode, emulated-client, sharing, tiered, compressed oops, compressed class ptrs, g1 gc, windows-amd64)
# No core dump will be written. Minidumps are not enabled by default on client versions of Windows
#

---------------  S U M M A R Y ------------

Command Line: -XX:TieredStopAtLevel=1 -Dspring.output.ansi.enabled=always -javaagent:C:\Program Files\JetBrains\IntelliJ IDEA 2026.1\lib\idea_rt.jar=50135 -Dfile.encoding=UTF-8 -Dsun.stdout.encoding=UTF-8 -Dsun.stderr.encoding=UTF-8 edu.iuh.fit.se.authservice.AuthServiceApplication

Host: 11th Gen Intel(R) Core(TM) i5-1135G7 @ 2.40GHz, 8 cores, 7G,  Windows 11 , 64 bit Build 26100 (10.0.26100.8521)
Time: Sat May 30 15:09:42 2026 SE Asia Standard Time elapsed time: 1523.868476 seconds (0d 0h 25m 23s)

---------------  T H R E A D  ---------------

Current thread (0x00000228e1372230):  JavaThread "http-nio-8083-exec-8" daemon [_thread_in_vm, id=8648, stack(0x000000f79be00000,0x000000f79bf00000) (1024K)]

Stack: [0x000000f79be00000,0x000000f79bf00000]
Native frames: (J=compiled Java code, j=interpreted, Vv=VM code, C=native code)
V  [jvm.dll+0x6cae19]
V  [jvm.dll+0x855741]
V  [jvm.dll+0x857c6e]
V  [jvm.dll+0x858343]
V  [jvm.dll+0x27e0b6]
V  [jvm.dll+0x6c7595]
V  [jvm.dll+0x6bc0fa]
V  [jvm.dll+0x353eaa]
V  [jvm.dll+0x35bb26]
V  [jvm.dll+0x3ae22b]
V  [jvm.dll+0x3ae8c4]
V  [jvm.dll+0x3ae436]
V  [jvm.dll+0x3285ee]
V  [jvm.dll+0x3268af]
V  [jvm.dll+0x65cd80]
V  [jvm.dll+0x23dba2]
V  [jvm.dll+0x4743a6]
C  0x000002288b6a9026

The last pc belongs to native nmethod (printed below).
Java frames: (J=compiled Java code, j=interpreted, Vv=VM code)
J 78  java.lang.Object.clone()Ljava/lang/Object; java.base@21.0.7 (0 bytes) @ 0x000002288b6a8f93 [0x000002288b6a8f40+0x0000000000000053]
J 260 c1 java.lang.String.<init>(Ljava/nio/charset/Charset;[BII)V java.base@21.0.7 (890 bytes) @ 0x000002288b78e19c [0x000002288b78c760+0x0000000000001a3c]
J 6111 c1 org.postgresql.jdbc.PgResultSet.getString(I)Ljava/lang/String; (293 bytes) @ 0x000002288c11c1e4 [0x000002288c11ba20+0x00000000000007c4]
J 9330 c1 com.zaxxer.hikari.pool.HikariProxyResultSet.getString(I)Ljava/lang/String; (18 bytes) @ 0x000002288be50b9c [0x000002288be50b40+0x000000000000005c]
J 9331 c1 org.hibernate.type.descriptor.jdbc.VarcharJdbcType$2.doExtract(Ljava/sql/ResultSet;ILorg/hibernate/type/descriptor/WrapperOptions;)Ljava/lang/Object; (18 bytes) @ 0x000002288be50fa4 [0x000002288be50f40+0x0000000000000064]
J 9373 c1 org.hibernate.type.descriptor.jdbc.BasicExtractor.extract(Ljava/sql/ResultSet;ILorg/hibernate/type/descriptor/WrapperOptions;)Ljava/lang/Object; (83 bytes) @ 0x000002288c19a83c [0x000002288c19a7c0+0x000000000000007c]
J 9371 c1 org.hibernate.sql.results.jdbc.internal.JdbcValuesResultSetImpl.getCurrentRowValue(I)Ljava/lang/Object; (108 bytes) @ 0x000002288c19e10c [0x000002288c19dee0+0x000000000000022c]
J 9221 c1 org.hibernate.sql.results.graph.basic.BasicResultAssembler.assemble(Lorg/hibernate/sql/results/jdbc/spi/RowProcessingState;)Ljava/lang/Object; (102 bytes) @ 0x000002288bd2ba4c [0x000002288bd2b940+0x000000000000010c]
J 10228 c1 org.hibernate.sql.results.graph.entity.internal.EntityInitializerImpl.extractConcreteTypeStateValues(Lorg/hibernate/sql/results/graph/entity/internal/EntityInitializerImpl$EntityInitializerData;)[Ljava/lang/Object; (82 bytes) @ 0x000002288c515a34 [0x000002288c515780+0x00000000000002b4]
j  org.hibernate.sql.results.graph.entity.internal.EntityInitializerImpl.initializeEntityInstance(Lorg/hibernate/sql/results/graph/entity/internal/EntityInitializerImpl$EntityInitializerData;)V+54
j  org.hibernate.sql.results.graph.entity.internal.EntityInitializerImpl.initializeInstance(Lorg/hibernate/sql/results/graph/entity/internal/EntityInitializerImpl$EntityInitializerData;)V+43
J 11540 c1 org.hibernate.sql.results.graph.entity.internal.EntityInitializerImpl.initializeInstance(Lorg/hibernate/sql/results/graph/InitializerData;)V (9 bytes) @ 0x000002288c0608b4 [0x000002288c060840+0x0000000000000074]
j  org.hibernate.sql.results.internal.StandardRowReader.coordinateInitializers(Lorg/hibernate/sql/results/jdbc/spi/RowProcessingState;)V+121
j  org.hibernate.sql.results.internal.StandardRowReader.readRow(Lorg/hibernate/sql/results/jdbc/spi/RowProcessingState;)Ljava/lang/Object;+2
j  org.hibernate.sql.results.spi.ListResultsConsumer.read(Lorg/hibernate/sql/results/internal/RowProcessingStateStandardImpl;Lorg/hibernate/sql/results/spi/RowReader;Lorg/hibernate/sql/results/spi/ListResultsConsumer$Results;)I+12
j  org.hibernate.sql.results.spi.ListResultsConsumer.consume(Lorg/hibernate/sql/results/jdbc/spi/JdbcValues;Lorg/hibernate/engine/spi/SharedSessionContractImplementor;Lorg/hibernate/sql/results/jdbc/spi/JdbcValuesSourceProcessingOptions;Lorg/hibernate/sql/results/jdbc/internal/JdbcValuesSourceProcessingStateStandardImpl;Lorg/hibernate/sql/results/internal/RowProcessingStateStandardImpl;Lorg/hibernate/sql/results/spi/RowReader;)Ljava/util/List;+239
j  org.hibernate.sql.results.spi.ListResultsConsumer.consume(Lorg/hibernate/sql/results/jdbc/spi/JdbcValues;Lorg/hibernate/engine/spi/SharedSessionContractImplementor;Lorg/hibernate/sql/results/jdbc/spi/JdbcValuesSourceProcessingOptions;Lorg/hibernate/sql/results/jdbc/internal/JdbcValuesSourceProcessingStateStandardImpl;Lorg/hibernate/sql/results/internal/RowProcessingStateStandardImpl;Lorg/hibernate/sql/results/spi/RowReader;)Ljava/lang/Object;+10
j  org.hibernate.sql.exec.internal.JdbcSelectExecutorStandardImpl.doExecuteQuery(Lorg/hibernate/sql/exec/spi/JdbcOperationQuerySelect;Lorg/hibernate/sql/exec/spi/JdbcParameterBindings;Lorg/hibernate/sql/exec/spi/ExecutionContext;Lorg/hibernate/sql/results/spi/RowTransformer;Ljava/lang/Class;ILorg/hibernate/sql/exec/spi/JdbcSelectExecutor$StatementCreator;Lorg/hibernate/sql/results/spi/ResultsConsumer;)Ljava/lang/Object;+295
j  org.hibernate.sql.exec.internal.JdbcSelectExecutorStandardImpl.executeQuery(Lorg/hibernate/sql/exec/spi/JdbcOperationQuerySelect;Lorg/hibernate/sql/exec/spi/JdbcParameterBindings;Lorg/hibernate/sql/exec/spi/ExecutionContext;Lorg/hibernate/sql/results/spi/RowTransformer;Ljava/lang/Class;ILorg/hibernate/sql/exec/spi/JdbcSelectExecutor$StatementCreator;Lorg/hibernate/sql/results/spi/ResultsConsumer;)Ljava/lang/Object;+66
j  org.hibernate.sql.exec.spi.JdbcSelectExecutor.executeQuery(Lorg/hibernate/sql/exec/spi/JdbcOperationQuerySelect;Lorg/hibernate/sql/exec/spi/JdbcParameterBindings;Lorg/hibernate/sql/exec/spi/ExecutionContext;Lorg/hibernate/sql/results/spi/RowTransformer;Ljava/lang/Class;ILorg/hibernate/sql/results/spi/ResultsConsumer;)Ljava/lang/Object;+16
j  org.hibernate.sql.exec.spi.JdbcSelectExecutor.list(Lorg/hibernate/sql/exec/spi/JdbcOperationQuerySelect;Lorg/hibernate/sql/exec/spi/JdbcParameterBindings;Lorg/hibernate/sql/exec/spi/ExecutionContext;Lorg/hibernate/sql/results/spi/RowTransformer;Ljava/lang/Class;Lorg/hibernate/sql/results/spi/ListResultsConsumer$UniqueSemantic;I)Ljava/util/List;+15
j  org.hibernate.query.sqm.internal.ConcreteSqmSelectQueryPlan.lambda$new$1(Ljava/lang/String;Lorg/hibernate/query/sqm/tree/select/SqmSelectStatement;Ljava/lang/Class;Lorg/hibernate/sql/results/internal/TupleMetadata;Lorg/hibernate/sql/results/spi/ListResultsConsumer$UniqueSemantic;Lorg/hibernate/query/sqm/internal/DomainParameterXref;Ljava/lang/Void;Lorg/hibernate/query/spi/DomainQueryExecutionContext;Lorg/hibernate/query/sqm/internal/ConcreteSqmSelectQueryPlan$CacheableSqmInterpretation;Lorg/hibernate/sql/exec/spi/JdbcParameterBindings;)Ljava/util/List;+143
j  org.hibernate.query.sqm.internal.ConcreteSqmSelectQueryPlan$$Lambda+0x0000022895e0cc88.interpret(Ljava/lang/Object;Lorg/hibernate/query/spi/DomainQueryExecutionContext;Lorg/hibernate/query/sqm/internal/ConcreteSqmSelectQueryPlan$CacheableSqmInterpretation;Lorg/hibernate/sql/exec/spi/JdbcParameterBindings;)Ljava/lang/Object;+32
j  org.hibernate.query.sqm.internal.ConcreteSqmSelectQueryPlan.withCacheableSqmInterpretation(Lorg/hibernate/query/spi/DomainQueryExecutionContext;Ljava/lang/Object;Lorg/hibernate/query/sqm/internal/ConcreteSqmSelectQueryPlan$SqmInterpreter;)Ljava/lang/Object;+259
j  org.hibernate.query.sqm.internal.ConcreteSqmSelectQueryPlan.performList(Lorg/hibernate/query/spi/DomainQueryExecutionContext;)Ljava/util/List;+28
j  org.hibernate.query.sqm.internal.QuerySqmImpl.doList()Ljava/util/List;+65
j  org.hibernate.query.spi.AbstractSelectionQuery.list()Ljava/util/List;+8
j  org.hibernate.query.Query.getResultList()Ljava/util/List;+1
j  org.springframework.data.jpa.repository.support.SimpleJpaRepository.findAllById(Ljava/lang/Iterable;)Ljava/util/List;+136
J 10498 c1 java.lang.invoke.LambdaForm$DMH+0x0000022895114400.invokeVirtual(Ljava/lang/Object;Ljava/lang/Object;Ljava/lang/Object;)Ljava/lang/Object; java.base@21.0.7 (15 bytes) @ 0x000002288c485024 [0x000002288c484fc0+0x0000000000000064]
J 10372 c1 java.lang.invoke.LambdaForm$MH+0x0000022895088000.invoke(Ljava/lang/Object;Ljava/lang/Object;Ljava/lang/Object;)Ljava/lang/Object; java.base@21.0.7 (56 bytes) @ 0x000002288c564db4 [0x000002288c564c60+0x0000000000000154]
J 3592 c1 jdk.internal.reflect.DirectMethodHandleAccessor.invoke(Ljava/lang/Object;[Ljava/lang/Object;)Ljava/lang/Object; java.base@21.0.7 (92 bytes) @ 0x000002288be067f4 [0x000002288be06560+0x0000000000000294]
J 10011 c1 org.springframework.aop.support.AopUtils.invokeJoinpointUsingReflection(Ljava/lang/Object;Ljava/lang/reflect/Method;[Ljava/lang/Object;)Ljava/lang/Object; (86 bytes) @ 0x000002288c3e6c5c [0x000002288c3e6a40+0x000000000000021c]
j  org.springframework.data.repository.core.support.RepositoryMethodInvoker$RepositoryFragmentMethodInvoker.lambda$new$0(Lorg/springframework/data/repository/core/support/RepositoryMethodInvoker$RepositoryFragmentMethodInvoker$CoroutineAdapterInformation;Ljava/lang/Object;Ljava/lang/reflect/Method;[Ljava/lang/Object;)Ljava/lang/Object;+38
j  org.springframework.data.repository.core.support.RepositoryMethodInvoker$RepositoryFragmentMethodInvoker$$Lambda+0x0000022895ed9f00.invoke([Ljava/lang/Object;)Ljava/lang/Object;+13
j  org.springframework.data.repository.core.support.RepositoryMethodInvoker.doInvoke(Ljava/lang/Class;Lorg/springframework/data/repository/core/support/RepositoryInvocationMulticaster;[Ljava/lang/Object;)Ljava/lang/Object;+11
j  org.springframework.data.repository.core.support.RepositoryMethodInvoker.invoke(Ljava/lang/Class;Lorg/springframework/data/repository/core/support/RepositoryInvocationMulticaster;[Ljava/lang/Object;)Ljava/lang/Object;+4
j  org.springframework.data.repository.core.support.RepositoryComposition$RepositoryFragments.invoke(Ljava/lang/Class;Lorg/springframework/data/repository/core/support/RepositoryInvocationMulticaster;Ljava/lang/reflect/Method;Ljava/lang/reflect/Method;[Ljava/lang/Object;)Ljava/lang/Object;+113
j  org.springframework.data.repository.core.support.RepositoryComposition.invoke(Lorg/springframework/data/repository/core/support/RepositoryInvocationMulticaster;Ljava/lang/reflect/Method;[Ljava/lang/Object;)Ljava/lang/Object;+84
j  org.springframework.data.repository.core.support.RepositoryFactorySupport$ImplementationMethodExecutionInterceptor.invoke(Lorg/aopalliance/intercept/MethodInvocation;)Ljava/lang/Object;+24
J 9930 c1 org.springframework.aop.framework.ReflectiveMethodInvocation.proceed()Ljava/lang/Object; (126 bytes) @ 0x000002288c4087c4 [0x000002288c408560+0x0000000000000264]
j  org.springframework.data.repository.core.support.QueryExecutorMethodInterceptor.doInvoke(Lorg/aopalliance/intercept/MethodInvocation;)Ljava/lang/Object;+88
j  org.springframework.data.repository.core.support.QueryExecutorMethodInterceptor.invoke(Lorg/aopalliance/intercept/MethodInvocation;)Ljava/lang/Object;+46
J 9930 c1 org.springframework.aop.framework.ReflectiveMethodInvocation.proceed()Ljava/lang/Object; (126 bytes) @ 0x000002288c4087c4 [0x000002288c408560+0x0000000000000264]
j  org.springframework.data.projection.DefaultMethodInvokingMethodInterceptor.invoke(Lorg/aopalliance/intercept/MethodInvocation;)Ljava/lang/Object;+15
J 9930 c1 org.springframework.aop.framework.ReflectiveMethodInvocation.proceed()Ljava/lang/Object; (126 bytes) @ 0x000002288c4087c4 [0x000002288c408560+0x0000000000000264]
j  org.springframework.transaction.interceptor.TransactionInterceptor$$Lambda+0x0000022895df7208.proceedWithInvocation()Ljava/lang/Object;+4
j  org.springframework.transaction.interceptor.TransactionAspectSupport.invokeWithinTransaction(Ljava/lang/reflect/Method;Ljava/lang/Class;Lorg/springframework/transaction/interceptor/TransactionAspectSupport$InvocationCallback;)Ljava/lang/Object;+193
j  org.springframework.transaction.interceptor.TransactionInterceptor.invoke(Lorg/aopalliance/intercept/MethodInvocation;)Ljava/lang/Object;+42
J 9930 c1 org.springframework.aop.framework.ReflectiveMethodInvocation.proceed()Ljava/lang/Object; (126 bytes) @ 0x000002288c4087c4 [0x000002288c408560+0x0000000000000264]
j  org.springframework.dao.support.PersistenceExceptionTranslationInterceptor.invoke(Lorg/aopalliance/intercept/MethodInvocation;)Ljava/lang/Object;+1
J 9930 c1 org.springframework.aop.framework.ReflectiveMethodInvocation.proceed()Ljava/lang/Object; (126 bytes) @ 0x000002288c4087c4 [0x000002288c408560+0x0000000000000264]
j  org.springframework.data.jpa.repository.support.CrudMethodMetadataPostProcessor$CrudMethodMetadataPopulatingMethodInterceptor.invoke(Lorg/aopalliance/intercept/MethodInvocation;)Ljava/lang/Object;+139
J 9930 c1 org.springframework.aop.framework.ReflectiveMethodInvocation.proceed()Ljava/lang/Object; (126 bytes) @ 0x000002288c4087c4 [0x000002288c408560+0x0000000000000264]
J 10098 c1 org.springframework.aop.framework.JdkDynamicAopProxy.invoke(Ljava/lang/Object;Ljava/lang/reflect/Method;[Ljava/lang/Object;)Ljava/lang/Object; (666 bytes) @ 0x000002288c3cb074 [0x000002288c3caca0+0x00000000000003d4]
j  jdk.proxy2.$Proxy159.findAllById(Ljava/lang/Iterable;)Ljava/util/List;+16 jdk.proxy2
j  edu.iuh.fit.se.authservice.service.UserAccountService.batchLookup(Ljava/util/List;)Ljava/util/List;+62
J 10498 c1 java.lang.invoke.LambdaForm$DMH+0x0000022895114400.invokeVirtual(Ljava/lang/Object;Ljava/lang/Object;Ljava/lang/Object;)Ljava/lang/Object; java.base@21.0.7 (15 bytes) @ 0x000002288c485024 [0x000002288c484fc0+0x0000000000000064]
j  java.lang.invoke.LambdaForm$MH+0x00000228950b1000.invoke(Ljava/lang/Object;Ljava/lang/Object;Ljava/lang/Object;)Ljava/lang/Object;+52 java.base@21.0.7
J 3592 c1 jdk.internal.reflect.DirectMethodHandleAccessor.invoke(Ljava/lang/Object;[Ljava/lang/Object;)Ljava/lang/Object; java.base@21.0.7 (92 bytes) @ 0x000002288be067f4 [0x000002288be06560+0x0000000000000294]
J 10011 c1 org.springframework.aop.support.AopUtils.invokeJoinpointUsingReflection(Ljava/lang/Object;Ljava/lang/reflect/Method;[Ljava/lang/Object;)Ljava/lang/Object; (86 bytes) @ 0x000002288c3e6c5c [0x000002288c3e6a40+0x000000000000021c]
J 9930 c1 org.springframework.aop.framework.ReflectiveMethodInvocation.proceed()Ljava/lang/Object; (126 bytes) @ 0x000002288c4087fc [0x000002288c408560+0x000000000000029c]
j  org.springframework.transaction.interceptor.TransactionInterceptor$$Lambda+0x0000022895df7208.proceedWithInvocation()Ljava/lang/Object;+4
j  org.springframework.transaction.interceptor.TransactionAspectSupport.invokeWithinTransaction(Ljava/lang/reflect/Method;Ljava/lang/Class;Lorg/springframework/transaction/interceptor/TransactionAspectSupport$InvocationCallback;)Ljava/lang/Object;+193
j  org.springframework.transaction.interceptor.TransactionInterceptor.invoke(Lorg/aopalliance/intercept/MethodInvocation;)Ljava/lang/Object;+42
J 9930 c1 org.springframework.aop.framework.ReflectiveMethodInvocation.proceed()Ljava/lang/Object; (126 bytes) @ 0x000002288c4087c4 [0x000002288c408560+0x0000000000000264]
j  org.springframework.aop.framework.CglibAopProxy$DynamicAdvisedInterceptor.intercept(Ljava/lang/Object;Ljava/lang/reflect/Method;[Ljava/lang/Object;Lorg/springframework/cglib/proxy/MethodProxy;)Ljava/lang/Object;+120
j  edu.iuh.fit.se.authservice.service.UserAccountService$$SpringCGLIB$$0.batchLookup(Ljava/util/List;)Ljava/util/List;+36
j  edu.iuh.fit.se.authservice.controller.UserController.batchLookup(Ljava/util/List;)Lorg/springframework/http/ResponseEntity;+5
J 10498 c1 java.lang.invoke.LambdaForm$DMH+0x0000022895114400.invokeVirtual(Ljava/lang/Object;Ljava/lang/Object;Ljava/lang/Object;)Ljava/lang/Object; java.base@21.0.7 (15 bytes) @ 0x000002288c485024 [0x000002288c484fc0+0x0000000000000064]
j  java.lang.invoke.LambdaForm$MH+0x00000228950b1000.invoke(Ljava/lang/Object;Ljava/lang/Object;Ljava/lang/Object;)Ljava/lang/Object;+52 java.base@21.0.7
J 3592 c1 jdk.internal.reflect.DirectMethodHandleAccessor.invoke(Ljava/lang/Object;[Ljava/lang/Object;)Ljava/lang/Object; java.base@21.0.7 (92 bytes) @ 0x000002288be067f4 [0x000002288be06560+0x0000000000000294]
J 3596 c1 java.lang.reflect.Method.invoke(Ljava/lang/Object;[Ljava/lang/Object;)Ljava/lang/Object; java.base@21.0.7 (108 bytes) @ 0x000002288be02e54 [0x000002288be02c80+0x00000000000001d4]
j  org.springframework.web.method.support.InvocableHandlerMethod.doInvoke([Ljava/lang/Object;)Ljava/lang/Object;+55
j  org.springframework.web.method.support.InvocableHandlerMethod.invokeForRequest(Lorg/springframework/web/context/request/NativeWebRequest;Lorg/springframework/web/method/support/ModelAndViewContainer;[Ljava/lang/Object;)Ljava/lang/Object;+82
j  org.springframework.web.servlet.mvc.method.annotation.ServletInvocableHandlerMethod.invokeAndHandle(Lorg/springframework/web/context/request/ServletWebRequest;Lorg/springframework/web/method/support/ModelAndViewContainer;[Ljava/lang/Object;)V+4
j  org.springframework.web.servlet.mvc.method.annotation.RequestMappingHandlerAdapter.invokeHandlerMethod(Ljakarta/servlet/http/HttpServletRequest;Ljakarta/servlet/http/HttpServletResponse;Lorg/springframework/web/method/HandlerMethod;)Lorg/springframework/web/servlet/ModelAndView;+309
j  org.springframework.web.servlet.mvc.method.annotation.RequestMappingHandlerAdapter.handleInternal(Ljakarta/servlet/http/HttpServletRequest;Ljakarta/servlet/http/HttpServletResponse;Lorg/springframework/web/method/HandlerMethod;)Lorg/springframework/web/servlet/ModelAndView;+81
j  org.springframework.web.servlet.mvc.method.AbstractHandlerMethodAdapter.handle(Ljakarta/servlet/http/HttpServletRequest;Ljakarta/servlet/http/HttpServletResponse;Ljava/lang/Object;)Lorg/springframework/web/servlet/ModelAndView;+7
j  org.springframework.web.servlet.DispatcherServlet.doDispatch(Ljakarta/servlet/http/HttpServletRequest;Ljakarta/servlet/http/HttpServletResponse;)V+304
j  org.springframework.web.servlet.DispatcherServlet.doService(Ljakarta/servlet/http/HttpServletRequest;Ljakarta/servlet/http/HttpServletResponse;)V+242
j  org.springframework.web.servlet.FrameworkServlet.processRequest(Ljakarta/servlet/http/HttpServletRequest;Ljakarta/servlet/http/HttpServletResponse;)V+70
j  org.springframework.web.servlet.FrameworkServlet.doPost(Ljakarta/servlet/http/HttpServletRequest;Ljakarta/servlet/http/HttpServletResponse;)V+3
j  jakarta.servlet.http.HttpServlet.service(Ljakarta/servlet/http/HttpServletRequest;Ljakarta/servlet/http/HttpServletResponse;)V+150
j  org.springframework.web.servlet.FrameworkServlet.service(Ljakarta/servlet/http/HttpServletRequest;Ljakarta/servlet/http/HttpServletResponse;)V+20
j  jakarta.servlet.http.HttpServlet.service(Ljakarta/servlet/ServletRequest;Ljakarta/servlet/ServletResponse;)V+37
J 9812 c1 org.apache.catalina.core.ApplicationFilterChain.internalDoFilter(Ljakarta/servlet/ServletRequest;Ljakarta/servlet/ServletResponse;)V (386 bytes) @ 0x000002288c54293c [0x000002288c5424a0+0x000000000000049c]
J 9813 c1 org.apache.catalina.core.ApplicationFilterChain.doFilter(Ljakarta/servlet/ServletRequest;Ljakarta/servlet/ServletResponse;)V (103 bytes) @ 0x000002288c41aa84 [0x000002288c41aa40+0x0000000000000044]
j  org.apache.tomcat.websocket.server.WsFilter.doFilter(Ljakarta/servlet/ServletRequest;Ljakarta/servlet/ServletResponse;Ljakarta/servlet/FilterChain;)V+21
J 9812 c1 org.apache.catalina.core.ApplicationFilterChain.internalDoFilter(Ljakarta/servlet/ServletRequest;Ljakarta/servlet/ServletResponse;)V (386 bytes) @ 0x000002288c542dcc [0x000002288c5424a0+0x000000000000092c]
J 9813 c1 org.apache.catalina.core.ApplicationFilterChain.doFilter(Ljakarta/servlet/ServletRequest;Ljakarta/servlet/ServletResponse;)V (103 bytes) @ 0x000002288c41aa84 [0x000002288c41aa40+0x0000000000000044]
j  edu.iuh.fit.se.authservice.security.JwtAuthenticationFilter.doFilterInternal(Ljakarta/servlet/http/HttpServletRequest;Ljakarta/servlet/http/HttpServletResponse;Ljakarta/servlet/FilterChain;)V+28
J 9728 c1 org.springframework.web.filter.OncePerRequestFilter.doFilter(Ljakarta/servlet/ServletRequest;Ljakarta/servlet/ServletResponse;Ljakarta/servlet/FilterChain;)V (178 bytes) @ 0x000002288c561fbc [0x000002288c5618e0+0x00000000000006dc]
J 9812 c1 org.apache.catalina.core.ApplicationFilterChain.internalDoFilter(Ljakarta/servlet/ServletRequest;Ljakarta/servlet/ServletResponse;)V (386 bytes) @ 0x000002288c542dcc [0x000002288c5424a0+0x000000000000092c]
J 9813 c1 org.apache.catalina.core.ApplicationFilterChain.doFilter(Ljakarta/servlet/ServletRequest;Ljakarta/servlet/ServletResponse;)V (103 bytes) @ 0x000002288c41aa84 [0x000002288c41aa40+0x0000000000000044]
J 10087 c1 org.springframework.web.filter.CompositeFilter$VirtualFilterChain.doFilter(Ljakarta/servlet/ServletRequest;Ljakarta/servlet/ServletResponse;)V (69 bytes) @ 0x000002288c3cffa4 [0x000002288c3cff00+0x00000000000000a4]
J 10087 c1 org.springframework.web.filter.CompositeFilter$VirtualFilterChain.doFilter(Ljakarta/servlet/ServletRequest;Ljakarta/servlet/ServletResponse;)V (69 bytes) @ 0x000002288c3cffa4 [0x000002288c3cff00+0x00000000000000a4]
j  org.springframework.security.web.FilterChainProxy.lambda$doFilterInternal$3(Lorg/springframework/security/web/firewall/FirewalledRequest;Ljakarta/servlet/FilterChain;Ljakarta/servlet/ServletRequest;Ljakarta/servlet/ServletResponse;)V+35
j  org.springframework.security.web.FilterChainProxy$$Lambda+0x0000022895e5dd30.doFilter(Ljakarta/servlet/ServletRequest;Ljakarta/servlet/ServletResponse;)V+10
j  org.springframework.security.web.ObservationFilterChainDecorator$FilterObservation$SimpleFilterObservation.lambda$wrap$1(Ljakarta/servlet/FilterChain;Ljakarta/servlet/ServletRequest;Ljakarta/servlet/ServletResponse;)V+24
j  org.springframework.security.web.ObservationFilterChainDecorator$FilterObservation$SimpleFilterObservation$$Lambda+0x0000022895e71758.doFilter(Ljakarta/servlet/ServletRequest;Ljakarta/servlet/ServletResponse;)V+10
j  org.springframework.security.web.ObservationFilterChainDecorator$AroundFilterObservation$SimpleAroundFilterObservation.lambda$wrap$1(Ljakarta/servlet/FilterChain;Ljakarta/servlet/ServletRequest;Ljakarta/servlet/ServletResponse;)V+7
j  org.springframework.security.web.ObservationFilterChainDecorator$AroundFilterObservation$SimpleAroundFilterObservation$$Lambda+0x0000022895e71b88.doFilter(Ljakarta/servlet/ServletRequest;Ljakarta/servlet/ServletResponse;)V+10
j  org.springframework.security.web.ObservationFilterChainDecorator.lambda$wrapSecured$0(Ljakarta/servlet/FilterChain;Ljakarta/servlet/ServletRequest;Ljakarta/servlet/ServletResponse;)V+47
j  org.springframework.security.web.ObservationFilterChainDecorator$$Lambda+0x0000022895e5e378.doFilter(Ljakarta/servlet/ServletRequest;Ljakarta/servlet/ServletResponse;)V+10
J 9513 c1 org.springframework.security.web.ObservationFilterChainDecorator$VirtualFilterChain.doFilter(Ljakarta/servlet/ServletRequest;Ljakarta/servlet/ServletResponse;)V (106 bytes) @ 0x000002288c16f1bc [0x000002288c16ee40+0x000000000000037c]
j  org.springframework.security.web.access.intercept.AuthorizationFilter.doFilter(Ljakarta/servlet/ServletRequest;Ljakarta/servlet/ServletResponse;Ljakarta/servlet/FilterChain;)V+147
J 9567 c1 org.springframework.security.web.ObservationFilterChainDecorator$ObservationFilter.wrapFilter(Ljakarta/servlet/ServletRequest;Ljakarta/servlet/ServletResponse;Ljakarta/servlet/FilterChain;)V (216 bytes) @ 0x000002288c157dac [0x000002288c157600+0x00000000000007ac]
J 9566 c1 org.springframework.security.web.ObservationFilterChainDecorator$ObservationFilter.doFilter(Ljakarta/servlet/ServletRequest;Ljakarta/servlet/ServletResponse;Ljakarta/servlet/FilterChain;)V (50 bytes) @ 0x000002288c1599b4 [0x000002288c159800+0x00000000000001b4]
J 9513 c1 org.springframework.security.web.ObservationFilterChainDecorator$VirtualFilterChain.doFilter(Ljakarta/servlet/ServletRequest;Ljakarta/servlet/ServletResponse;)V (106 bytes) @ 0x000002288c16f18c [0x000002288c16ee40+0x000000000000034c]
j  org.springframework.security.web.access.ExceptionTranslationFilter.doFilter(Ljakarta/servlet/http/HttpServletRequest;Ljakarta/servlet/http/HttpServletResponse;Ljakarta/servlet/FilterChain;)V+3
j  org.springframework.security.web.access.ExceptionTranslationFilter.doFilter(Ljakarta/servlet/ServletRequest;Ljakarta/servlet/ServletResponse;Ljakarta/servlet/FilterChain;)V+10
J 9567 c1 org.springframework.security.web.ObservationFilterChainDecorator$ObservationFilter.wrapFilter(Ljakarta/servlet/ServletRequest;Ljakarta/servlet/ServletResponse;Ljakarta/servlet/FilterChain;)V (216 bytes) @ 0x000002288c157dac [0x000002288c157600+0x00000000000007ac]
J 9566 c1 org.springframework.security.web.ObservationFilterChainDecorator$ObservationFilter.doFilter(Ljakarta/servlet/ServletRequest;Ljakarta/servlet/ServletResponse;Ljakarta/servlet/FilterChain;)V (50 bytes) @ 0x000002288c1599b4 [0x000002288c159800+0x00000000000001b4]
J 9513 c1 org.springframework.security.web.ObservationFilterChainDecorator$VirtualFilterChain.doFilter(Ljakarta/servlet/ServletRequest;Ljakarta/servlet/ServletResponse;)V (106 bytes) @ 0x000002288c16f18c [0x000002288c16ee40+0x000000000000034c]
j  org.springframework.security.web.session.SessionManagementFilter.doFilter(Ljakarta/servlet/http/HttpServletRequest;Ljakarta/servlet/http/HttpServletResponse;Ljakarta/servlet/FilterChain;)V+223
j  org.springframework.security.web.session.SessionManagementFilter.doFilter(Ljakarta/servlet/ServletRequest;Ljakarta/servlet/ServletResponse;Ljakarta/servlet/FilterChain;)V+10
J 9567 c1 org.springframework.security.web.ObservationFilterChainDecorator$ObservationFilter.wrapFilter(Ljakarta/servlet/ServletRequest;Ljakarta/servlet/ServletResponse;Ljakarta/servlet/FilterChain;)V (216 bytes) @ 0x000002288c157dac [0x000002288c157600+0x00000000000007ac]
J 9566 c1 org.springframework.security.web.ObservationFilterChainDecorator$ObservationFilter.doFilter(Ljakarta/servlet/ServletRequest;Ljakarta/servlet/ServletResponse;Ljakarta/servlet/FilterChain;)V (50 bytes) @ 0x000002288c1599b4 [0x000002288c159800+0x00000000000001b4]
J 9513 c1 org.springframework.security.web.ObservationFilterChainDecorator$VirtualFilterChain.doFilter(Ljakarta/servlet/ServletRequest;Ljakarta/servlet/ServletResponse;)V (106 bytes) @ 0x000002288c16f18c [0x000002288c16ee40+0x000000000000034c]
j  org.springframework.security.web.authentication.AnonymousAuthenticationFilter.doFilter(Ljakarta/servlet/ServletRequest;Ljakarta/servlet/ServletResponse;Ljakarta/servlet/FilterChain;)V+33
J 9567 c1 org.springframework.security.web.ObservationFilterChainDecorator$ObservationFilter.wrapFilter(Ljakarta/servlet/ServletRequest;Ljakarta/servlet/ServletResponse;Ljakarta/servlet/FilterChain;)V (216 bytes) @ 0x000002288c157dac [0x000002288c157600+0x00000000000007ac]
J 9566 c1 org.springframework.security.web.ObservationFilterChainDecorator$ObservationFilter.doFilter(Ljakarta/servlet/ServletRequest;Ljakarta/servlet/ServletResponse;Ljakarta/servlet/FilterChain;)V (50 bytes) @ 0x000002288c1599b4 [0x000002288c159800+0x00000000000001b4]
J 9513 c1 org.springframework.security.web.ObservationFilterChainDecorator$VirtualFilterChain.doFilter(Ljakarta/servlet/ServletRequest;Ljakarta/servlet/ServletResponse;)V (106 bytes) @ 0x000002288c16f18c [0x000002288c16ee40+0x000000000000034c]
j  org.springframework.security.web.servletapi.SecurityContextHolderAwareRequestFilter.doFilter(Ljakarta/servlet/ServletRequest;Ljakarta/servlet/ServletResponse;Ljakarta/servlet/FilterChain;)V+19
J 9567 c1 org.springframework.security.web.ObservationFilterChainDecorator$ObservationFilter.wrapFilter(Ljakarta/servlet/ServletRequest;Ljakarta/servlet/ServletResponse;Ljakarta/servlet/FilterChain;)V (216 bytes) @ 0x000002288c157dac [0x000002288c157600+0x00000000000007ac]
J 9566 c1 org.springframework.security.web.ObservationFilterChainDecorator$ObservationFilter.doFilter(Ljakarta/servlet/ServletRequest;Ljakarta/servlet/ServletResponse;Ljakarta/servlet/FilterChain;)V (50 bytes) @ 0x000002288c1599b4 [0x000002288c159800+0x00000000000001b4]
J 9513 c1 org.springframework.security.web.ObservationFilterChainDecorator$VirtualFilterChain.doFilter(Ljakarta/servlet/ServletRequest;Ljakarta/servlet/ServletResponse;)V (106 bytes) @ 0x000002288c16f18c [0x000002288c16ee40+0x000000000000034c]
j  org.springframework.security.web.savedrequest.RequestCacheAwareFilter.doFilter(Ljakarta/servlet/ServletRequest;Ljakarta/servlet/ServletResponse;Ljakarta/servlet/FilterChain;)V+32
J 9567 c1 org.springframework.security.web.ObservationFilterChainDecorator$ObservationFilter.wrapFilter(Ljakarta/servlet/ServletRequest;Ljakarta/servlet/ServletResponse;Ljakarta/servlet/FilterChain;)V (216 bytes) @ 0x000002288c157dac [0x000002288c157600+0x00000000000007ac]
J 9566 c1 org.springframework.security.web.ObservationFilterChainDecorator$ObservationFilter.doFilter(Ljakarta/servlet/ServletRequest;Ljakarta/servlet/ServletResponse;Ljakarta/servlet/FilterChain;)V (50 bytes) @ 0x000002288c1599b4 [0x000002288c159800+0x00000000000001b4]
J 9513 c1 org.springframework.security.web.ObservationFilterChainDecorator$VirtualFilterChain.doFilter(Ljakarta/servlet/ServletRequest;Ljakarta/servlet/ServletResponse;)V (106 bytes) @ 0x000002288c16f18c [0x000002288c16ee40+0x000000000000034c]
j  org.springframework.security.web.authentication.logout.LogoutFilter.doFilter(Ljakarta/servlet/http/HttpServletRequest;Ljakarta/servlet/http/HttpServletResponse;Ljakarta/servlet/FilterChain;)V+83
j  org.springframework.security.web.authentication.logout.LogoutFilter.doFilter(Ljakarta/servlet/ServletRequest;Ljakarta/servlet/ServletResponse;Ljakarta/servlet/FilterChain;)V+10
J 9567 c1 org.springframework.security.web.ObservationFilterChainDecorator$ObservationFilter.wrapFilter(Ljakarta/servlet/ServletRequest;Ljakarta/servlet/ServletResponse;Ljakarta/servlet/FilterChain;)V (216 bytes) @ 0x000002288c157dac [0x000002288c157600+0x00000000000007ac]
J 9566 c1 org.springframework.security.web.ObservationFilterChainDecorator$ObservationFilter.doFilter(Ljakarta/servlet/ServletRequest;Ljakarta/servlet/ServletResponse;Ljakarta/servlet/FilterChain;)V (50 bytes) @ 0x000002288c1599b4 [0x000002288c159800+0x00000000000001b4]
J 9513 c1 org.springframework.security.web.ObservationFilterChainDecorator$VirtualFilterChain.doFilter(Ljakarta/servlet/ServletRequest;Ljakarta/servlet/ServletResponse;)V (106 bytes) @ 0x000002288c16f18c [0x000002288c16ee40+0x000000000000034c]
j  org.springframework.web.filter.CorsFilter.doFilterInternal(Ljakarta/servlet/http/HttpServletRequest;Ljakarta/servlet/http/HttpServletResponse;Ljakarta/servlet/FilterChain;)V+43
J 9728 c1 org.springframework.web.filter.OncePerRequestFilter.doFilter(Ljakarta/servlet/ServletRequest;Ljakarta/servlet/ServletResponse;Ljakarta/servlet/FilterChain;)V (178 bytes) @ 0x000002288c561fbc [0x000002288c5618e0+0x00000000000006dc]
J 9567 c1 org.springframework.security.web.ObservationFilterChainDecorator$ObservationFilter.wrapFilter(Ljakarta/servlet/ServletRequest;Ljakarta/servlet/ServletResponse;Ljakarta/servlet/FilterChain;)V (216 bytes) @ 0x000002288c157dac [0x000002288c157600+0x00000000000007ac]
J 9566 c1 org.springframework.security.web.ObservationFilterChainDecorator$ObservationFilter.doFilter(Ljakarta/servlet/ServletRequest;Ljakarta/servlet/ServletResponse;Ljakarta/servlet/FilterChain;)V (50 bytes) @ 0x000002288c1599b4 [0x000002288c159800+0x00000000000001b4]
J 9513 c1 org.springframework.security.web.ObservationFilterChainDecorator$VirtualFilterChain.doFilter(Ljakarta/servlet/ServletRequest;Ljakarta/servlet/ServletResponse;)V (106 bytes) @ 0x000002288c16f18c [0x000002288c16ee40+0x000000000000034c]
j  org.springframework.security.web.header.HeaderWriterFilter.doHeadersAfter(Ljakarta/servlet/http/HttpServletRequest;Ljakarta/servlet/http/HttpServletResponse;Ljakarta/servlet/FilterChain;)V+29
j  org.springframework.security.web.header.HeaderWriterFilter.doFilterInternal(Ljakarta/servlet/http/HttpServletRequest;Ljakarta/servlet/http/HttpServletResponse;Ljakarta/servlet/FilterChain;)V+21
J 9728 c1 org.springframework.web.filter.OncePerRequestFilter.doFilter(Ljakarta/servlet/ServletRequest;Ljakarta/servlet/ServletResponse;Ljakarta/servlet/FilterChain;)V (178 bytes) @ 0x000002288c561fbc [0x000002288c5618e0+0x00000000000006dc]
J 9567 c1 org.springframework.security.web.ObservationFilterChainDecorator$ObservationFilter.wrapFilter(Ljakarta/servlet/ServletRequest;Ljakarta/servlet/ServletResponse;Ljakarta/servlet/FilterChain;)V (216 bytes) @ 0x000002288c157dac [0x000002288c157600+0x00000000000007ac]
J 9566 c1 org.springframework.security.web.ObservationFilterChainDecorator$ObservationFilter.doFilter(Ljakarta/servlet/ServletRequest;Ljakarta/servlet/ServletResponse;Ljakarta/servlet/FilterChain;)V (50 bytes) @ 0x000002288c1599b4 [0x000002288c159800+0x00000000000001b4]
J 9513 c1 org.springframework.security.web.ObservationFilterChainDecorator$VirtualFilterChain.doFilter(Ljakarta/servlet/ServletRequest;Ljakarta/servlet/ServletResponse;)V (106 bytes) @ 0x000002288c16f18c [0x000002288c16ee40+0x000000000000034c]
j  org.springframework.security.web.context.SecurityContextHolderFilter.doFilter(Ljakarta/servlet/http/HttpServletRequest;Ljakarta/servlet/http/HttpServletResponse;Ljakarta/servlet/FilterChain;)V+59
j  org.springframework.security.web.context.SecurityContextHolderFilter.doFilter(Ljakarta/servlet/ServletRequest;Ljakarta/servlet/ServletResponse;Ljakarta/servlet/FilterChain;)V+10
J 9567 c1 org.springframework.security.web.ObservationFilterChainDecorator$ObservationFilter.wrapFilter(Ljakarta/servlet/ServletRequest;Ljakarta/servlet/ServletResponse;Ljakarta/servlet/FilterChain;)V (216 bytes) @ 0x000002288c157dac [0x000002288c157600+0x00000000000007ac]
J 9566 c1 org.springframework.security.web.ObservationFilterChainDecorator$ObservationFilter.doFilter(Ljakarta/servlet/ServletRequest;Ljakarta/servlet/ServletResponse;Ljakarta/servlet/FilterChain;)V (50 bytes) @ 0x000002288c1599b4 [0x000002288c159800+0x00000000000001b4]
J 9513 c1 org.springframework.security.web.ObservationFilterChainDecorator$VirtualFilterChain.doFilter(Ljakarta/servlet/ServletRequest;Ljakarta/servlet/ServletResponse;)V (106 bytes) @ 0x000002288c16f18c [0x000002288c16ee40+0x000000000000034c]
j  org.springframework.security.web.context.request.async.WebAsyncManagerIntegrationFilter.doFilterInternal(Ljakarta/servlet/http/HttpServletRequest;Ljakarta/servlet/http/HttpServletResponse;Ljakarta/servlet/FilterChain;)V+55
J 9728 c1 org.springframework.web.filter.OncePerRequestFilter.doFilter(Ljakarta/servlet/ServletRequest;Ljakarta/servlet/ServletResponse;Ljakarta/servlet/FilterChain;)V (178 bytes) @ 0x000002288c561fbc [0x000002288c5618e0+0x00000000000006dc]
J 9567 c1 org.springframework.security.web.ObservationFilterChainDecorator$ObservationFilter.wrapFilter(Ljakarta/servlet/ServletRequest;Ljakarta/servlet/ServletResponse;Ljakarta/servlet/FilterChain;)V (216 bytes) @ 0x000002288c157dac [0x000002288c157600+0x00000000000007ac]
J 9566 c1 org.springframework.security.web.ObservationFilterChainDecorator$ObservationFilter.doFilter(Ljakarta/servlet/ServletRequest;Ljakarta/servlet/ServletResponse;Ljakarta/servlet/FilterChain;)V (50 bytes) @ 0x000002288c1599b4 [0x000002288c159800+0x00000000000001b4]
J 9513 c1 org.springframework.security.web.ObservationFilterChainDecorator$VirtualFilterChain.doFilter(Ljakarta/servlet/ServletRequest;Ljakarta/servlet/ServletResponse;)V (106 bytes) @ 0x000002288c16f18c [0x000002288c16ee40+0x000000000000034c]
j  org.springframework.security.web.session.DisableEncodeUrlFilter.doFilterInternal(Ljakarta/servlet/http/HttpServletRequest;Ljakarta/servlet/http/HttpServletResponse;Ljakarta/servlet/FilterChain;)V+10
J 9728 c1 org.springframework.web.filter.OncePerRequestFilter.doFilter(Ljakarta/servlet/ServletRequest;Ljakarta/servlet/ServletResponse;Ljakarta/servlet/FilterChain;)V (178 bytes) @ 0x000002288c561fbc [0x000002288c5618e0+0x00000000000006dc]
J 9567 c1 org.springframework.security.web.ObservationFilterChainDecorator$ObservationFilter.wrapFilter(Ljakarta/servlet/ServletRequest;Ljakarta/servlet/ServletResponse;Ljakarta/servlet/FilterChain;)V (216 bytes) @ 0x000002288c157dac [0x000002288c157600+0x00000000000007ac]
j  org.springframework.security.web.ObservationFilterChainDecorator$ObservationFilter$$Lambda+0x0000022895e60970.doFilter(Ljakarta/servlet/ServletRequest;Ljakarta/servlet/ServletResponse;Ljakarta/servlet/FilterChain;)V+7
j  org.springframework.security.web.ObservationFilterChainDecorator$AroundFilterObservation$SimpleAroundFilterObservation.lambda$wrap$0(Ljakarta/servlet/Filter;Ljakarta/servlet/ServletRequest;Ljakarta/servlet/ServletResponse;Ljakarta/servlet/FilterChain;)V+9
j  org.springframework.security.web.ObservationFilterChainDecorator$AroundFilterObservation$SimpleAroundFilterObservation$$Lambda+0x0000022895e60de0.doFilter(Ljakarta/servlet/ServletRequest;Ljakarta/servlet/ServletResponse;Ljakarta/servlet/FilterChain;)V+11
J 9566 c1 org.springframework.security.web.ObservationFilterChainDecorator$ObservationFilter.doFilter(Ljakarta/servlet/ServletRequest;Ljakarta/servlet/ServletResponse;Ljakarta/servlet/FilterChain;)V (50 bytes) @ 0x000002288c15998c [0x000002288c159800+0x000000000000018c]
J 9513 c1 org.springframework.security.web.ObservationFilterChainDecorator$VirtualFilterChain.doFilter(Ljakarta/servlet/ServletRequest;Ljakarta/servlet/ServletResponse;)V (106 bytes) @ 0x000002288c16f18c [0x000002288c16ee40+0x000000000000034c]
j  org.springframework.security.web.FilterChainProxy.doFilterInternal(Ljakarta/servlet/ServletRequest;Ljakarta/servlet/ServletResponse;Ljakarta/servlet/FilterChain;)V+163
j  org.springframework.security.web.FilterChainProxy.doFilter(Ljakarta/servlet/ServletRequest;Ljakarta/servlet/ServletResponse;Ljakarta/servlet/FilterChain;)V+48
J 10087 c1 org.springframework.web.filter.CompositeFilter$VirtualFilterChain.doFilter(Ljakarta/servlet/ServletRequest;Ljakarta/servlet/ServletResponse;)V (69 bytes) @ 0x000002288c3d0064 [0x000002288c3cff00+0x0000000000000164]
j  org.springframework.web.filter.ServletRequestPathFilter.doFilter(Ljakarta/servlet/ServletRequest;Ljakarta/servlet/ServletResponse;Ljakarta/servlet/FilterChain;)V+25
J 10087 c1 org.springframework.web.filter.CompositeFilter$VirtualFilterChain.doFilter(Ljakarta/servlet/ServletRequest;Ljakarta/servlet/ServletResponse;)V (69 bytes) @ 0x000002288c3d0064 [0x000002288c3cff00+0x0000000000000164]
j  org.springframework.web.filter.CompositeFilter.doFilter(Ljakarta/servlet/ServletRequest;Ljakarta/servlet/ServletResponse;Ljakarta/servlet/FilterChain;)V+14
j  org.springframework.security.config.annotation.web.configuration.WebSecurityConfiguration$CompositeFilterChainProxy.doFilter(Ljakarta/servlet/ServletRequest;Ljakarta/servlet/ServletResponse;Ljakarta/servlet/FilterChain;)V+7
J 10087 c1 org.springframework.web.filter.CompositeFilter$VirtualFilterChain.doFilter(Ljakarta/servlet/ServletRequest;Ljakarta/servlet/ServletResponse;)V (69 bytes) @ 0x000002288c3d0064 [0x000002288c3cff00+0x0000000000000164]
j  org.springframework.web.servlet.handler.HandlerMappingIntrospector.lambda$createCacheFilter$4(Ljakarta/servlet/ServletRequest;Ljakarta/servlet/ServletResponse;Ljakarta/servlet/FilterChain;)V+13
j  org.springframework.web.servlet.handler.HandlerMappingIntrospector$$Lambda+0x0000022895d5fd98.doFilter(Ljakarta/servlet/ServletRequest;Ljakarta/servlet/ServletResponse;Ljakarta/servlet/FilterChain;)V+7
J 10087 c1 org.springframework.web.filter.CompositeFilter$VirtualFilterChain.doFilter(Ljakarta/servlet/ServletRequest;Ljakarta/servlet/ServletResponse;)V (69 bytes) @ 0x000002288c3d0064 [0x000002288c3cff00+0x0000000000000164]
j  org.springframework.web.filter.CompositeFilter.doFilter(Ljakarta/servlet/ServletRequest;Ljakarta/servlet/ServletResponse;Ljakarta/servlet/FilterChain;)V+14
j  org.springframework.security.config.annotation.web.configuration.WebMvcSecurityConfiguration$CompositeFilterChainProxy.doFilter(Ljakarta/servlet/ServletRequest;Ljakarta/servlet/ServletResponse;Ljakarta/servlet/FilterChain;)V+7
j  org.springframework.web.filter.DelegatingFilterProxy.invokeDelegate(Ljakarta/servlet/Filter;Ljakarta/servlet/ServletRequest;Ljakarta/servlet/ServletResponse;Ljakarta/servlet/FilterChain;)V+5
j  org.springframework.web.filter.DelegatingFilterProxy.doFilter(Ljakarta/servlet/ServletRequest;Ljakarta/servlet/ServletResponse;Ljakarta/servlet/FilterChain;)V+98
J 9812 c1 org.apache.catalina.core.ApplicationFilterChain.internalDoFilter(Ljakarta/servlet/ServletRequest;Ljakarta/servlet/ServletResponse;)V (386 bytes) @ 0x000002288c542dcc [0x000002288c5424a0+0x000000000000092c]
J 9813 c1 org.apache.catalina.core.ApplicationFilterChain.doFilter(Ljakarta/servlet/ServletRequest;Ljakarta/servlet/ServletResponse;)V (103 bytes) @ 0x000002288c41aa84 [0x000002288c41aa40+0x0000000000000044]
j  org.springframework.web.filter.RequestContextFilter.doFilterInternal(Ljakarta/servlet/http/HttpServletRequest;Ljakarta/servlet/http/HttpServletResponse;Ljakarta/servlet/FilterChain;)V+21
J 9728 c1 org.springframework.web.filter.OncePerRequestFilter.doFilter(Ljakarta/servlet/ServletRequest;Ljakarta/servlet/ServletResponse;Ljakarta/servlet/FilterChain;)V (178 bytes) @ 0x000002288c561fbc [0x000002288c5618e0+0x00000000000006dc]
J 9812 c1 org.apache.catalina.core.ApplicationFilterChain.internalDoFilter(Ljakarta/servlet/ServletRequest;Ljakarta/servlet/ServletResponse;)V (386 bytes) @ 0x000002288c542dcc [0x000002288c5424a0+0x000000000000092c]
J 9813 c1 org.apache.catalina.core.ApplicationFilterChain.doFilter(Ljakarta/servlet/ServletRequest;Ljakarta/servlet/ServletResponse;)V (103 bytes) @ 0x000002288c41aa84 [0x000002288c41aa40+0x0000000000000044]
j  org.springframework.web.filter.FormContentFilter.doFilterInternal(Ljakarta/servlet/http/HttpServletRequest;Ljakarta/servlet/http/HttpServletResponse;Ljakarta/servlet/FilterChain;)V+38
J 9728 c1 org.springframework.web.filter.OncePerRequestFilter.doFilter(Ljakarta/servlet/ServletRequest;Ljakarta/servlet/ServletResponse;Ljakarta/servlet/FilterChain;)V (178 bytes) @ 0x000002288c561fbc [0x000002288c5618e0+0x00000000000006dc]
J 9812 c1 org.apache.catalina.core.ApplicationFilterChain.internalDoFilter(Ljakarta/servlet/ServletRequest;Ljakarta/servlet/ServletResponse;)V (386 bytes) @ 0x000002288c542dcc [0x000002288c5424a0+0x000000000000092c]
J 9813 c1 org.apache.catalina.core.ApplicationFilterChain.doFilter(Ljakarta/servlet/ServletRequest;Ljakarta/servlet/ServletResponse;)V (103 bytes) @ 0x000002288c41aa84 [0x000002288c41aa40+0x0000000000000044]
j  org.springframework.web.filter.ServerHttpObservationFilter.doFilterInternal(Ljakarta/servlet/http/HttpServletRequest;Ljakarta/servlet/http/HttpServletResponse;Ljakarta/servlet/FilterChain;)V+28
J 9728 c1 org.springframework.web.filter.OncePerRequestFilter.doFilter(Ljakarta/servlet/ServletRequest;Ljakarta/servlet/ServletResponse;Ljakarta/servlet/FilterChain;)V (178 bytes) @ 0x000002288c561fbc [0x000002288c5618e0+0x00000000000006dc]
J 9812 c1 org.apache.catalina.core.ApplicationFilterChain.internalDoFilter(Ljakarta/servlet/ServletRequest;Ljakarta/servlet/ServletResponse;)V (386 bytes) @ 0x000002288c542dcc [0x000002288c5424a0+0x000000000000092c]
J 9813 c1 org.apache.catalina.core.ApplicationFilterChain.doFilter(Ljakarta/servlet/ServletRequest;Ljakarta/servlet/ServletResponse;)V (103 bytes) @ 0x000002288c41aa84 [0x000002288c41aa40+0x0000000000000044]
j  org.springframework.web.filter.CharacterEncodingFilter.doFilterInternal(Ljakarta/servlet/http/HttpServletRequest;Ljakarta/servlet/http/HttpServletResponse;Ljakarta/servlet/FilterChain;)V+53
J 9728 c1 org.springframework.web.filter.OncePerRequestFilter.doFilter(Ljakarta/servlet/ServletRequest;Ljakarta/servlet/ServletResponse;Ljakarta/servlet/FilterChain;)V (178 bytes) @ 0x000002288c561fbc [0x000002288c5618e0+0x00000000000006dc]
J 9812 c1 org.apache.catalina.core.ApplicationFilterChain.internalDoFilter(Ljakarta/servlet/ServletRequest;Ljakarta/servlet/ServletResponse;)V (386 bytes) @ 0x000002288c542dcc [0x000002288c5424a0+0x000000000000092c]
J 9813 c1 org.apache.catalina.core.ApplicationFilterChain.doFilter(Ljakarta/servlet/ServletRequest;Ljakarta/servlet/ServletResponse;)V (103 bytes) @ 0x000002288c41aa84 [0x000002288c41aa40+0x0000000000000044]
j  org.apache.catalina.core.StandardWrapperValve.invoke(Lorg/apache/catalina/connector/Request;Lorg/apache/catalina/connector/Response;)V+511
j  org.apache.catalina.core.StandardContextValve.invoke(Lorg/apache/catalina/connector/Request;Lorg/apache/catalina/connector/Response;)V+169
j  org.apache.catalina.authenticator.AuthenticatorBase.invoke(Lorg/apache/catalina/connector/Request;Lorg/apache/catalina/connector/Response;)V+221
j  org.apache.catalina.core.StandardHostValve.invoke(Lorg/apache/catalina/connector/Request;Lorg/apache/catalina/connector/Response;)V+131
j  org.apache.catalina.valves.ErrorReportValve.invoke(Lorg/apache/catalina/connector/Request;Lorg/apache/catalina/connector/Response;)V+6
j  org.apache.catalina.core.StandardEngineValve.invoke(Lorg/apache/catalina/connector/Request;Lorg/apache/catalina/connector/Response;)V+59
j  org.apache.catalina.connector.CoyoteAdapter.service(Lorg/apache/coyote/Request;Lorg/apache/coyote/Response;)V+188
j  org.apache.coyote.http11.Http11Processor.service(Lorg/apache/tomcat/util/net/SocketWrapperBase;)Lorg/apache/tomcat/util/net/AbstractEndpoint$Handler$SocketState;+796
j  org.apache.coyote.AbstractProcessorLight.process(Lorg/apache/tomcat/util/net/SocketWrapperBase;Lorg/apache/tomcat/util/net/SocketEvent;)Lorg/apache/tomcat/util/net/AbstractEndpoint$Handler$SocketState;+155
j  org.apache.coyote.AbstractProtocol$ConnectionHandler.process(Lorg/apache/tomcat/util/net/SocketWrapperBase;Lorg/apache/tomcat/util/net/SocketEvent;)Lorg/apache/tomcat/util/net/AbstractEndpoint$Handler$SocketState;+477
j  org.apache.tomcat.util.net.NioEndpoint$SocketProcessor.doRun()V+222
j  org.apache.tomcat.util.net.SocketProcessorBase.run()V+32
j  org.apache.tomcat.util.threads.ThreadPoolExecutor.runWorker(Lorg/apache/tomcat/util/threads/ThreadPoolExecutor$Worker;)V+92
j  org.apache.tomcat.util.threads.ThreadPoolExecutor$Worker.run()V+5
j  org.apache.tomcat.util.threads.TaskThread$WrappingRunnable.run()V+4
j  java.lang.Thread.runWith(Ljava/lang/Object;Ljava/lang/Runnable;)V+5 java.base@21.0.7
j  java.lang.Thread.run()V+19 java.base@21.0.7
v  ~StubRoutines::call_stub 0x000002288b5710e7

Compiled method (n/a) 1523969   78     n 0       java.lang.Object::clone (native)
 total in heap  [0x000002288b6a8d90,0x000002288b6a9470] = 1760
 relocation     [0x000002288b6a8ef0,0x000002288b6a8f28] = 56
 main code      [0x000002288b6a8f40,0x000002288b6a9469] = 1321
 stub code      [0x000002288b6a9469,0x000002288b6a9470] = 7

[Constant Pool (empty)]

[MachCode]
[Entry Point]
  # {method} {0x00000228940011e0} 'clone' '()Ljava/lang/Object;' in 'java/lang/Object'
  #           [sp+0x70]  (sp of caller)
  0x000002288b6a8f40: 448b 5208 | 49bb 0000 | 0094 2802 | 0000 4d03 | d349 3bc2 | 0f84 0600 

  0x000002288b6a8f58: ;   {runtime_call ic_miss_stub}
  0x000002288b6a8f58: 0000 e921 | 5af1 ff90 
[Verified Entry Point]
  0x000002288b6a8f60: 8984 2400 | 80ff ff55 | 488b ec48 | 83ec 6090 | 4181 7f20 | 1300 0000 

  0x000002288b6a8f78: ;   {runtime_call StubRoutines (final stubs)}
  0x000002288b6a8f78: 7405 e801 | ceef ff48 | 8954 2420 | 4883 fa00 | 488d 5424 | 2048 0f44 | 5424 20c5 

  0x000002288b6a8f94: ;   {internal_word}
  0x000002288b6a8f94: f877 49ba | 938f 6a8b | 2802 0000 | 4d89 97a0 | 0300 0049 | 89a7 9803 

  0x000002288b6a8fac: ;   {external_word}
  0x000002288b6a8fac: 0000 49ba | 2058 1569 | fe7f 0000 | 4180 3a00 | 0f84 4600 

  0x000002288b6a8fc0: ;   {metadata({method} {0x00000228940011e0} 'clone' '()Ljava/lang/Object;' in 'java/lang/Object')}
  0x000002288b6a8fc0: 0000 5248 | bad8 1100 | 9428 0200 | 0049 8bcf | 4883 ec20 | 40f6 c40f | 0f84 1900 | 0000 4883 
  0x000002288b6a8fe0: ;   {runtime_call}
  0x000002288b6a8fe0: ec08 48b8 | 500d c668 | fe7f 0000 | ffd0 4883 | c408 e90c 

  0x000002288b6a8ff4: ;   {runtime_call}
  0x000002288b6a8ff4: 0000 0048 | b850 0dc6 | 68fe 7f00 | 00ff d048 | 83c4 205a | 498d 8fb8 | 0300 0041 | c787 4404 
  0x000002288b6a9014: 0000 0400 

  0x000002288b6a9018: ;   {runtime_call}
  0x000002288b6a9018: 0000 48b8 | e041 9a68 | fe7f 0000 | ffd0 c5f8 | 7741 c787 | 4404 0000 | 0500 0000 | f083 4424 
  0x000002288b6a9038: c000 493b | af48 0400 | 000f 870e | 0000 0041 | 83bf 4004 | 0000 000f | 842b 0000 | 00c5 f877 
  0x000002288b6a9058: 4889 45f8 | 498b cf4c | 8be4 4883 | ec20 4883 

  0x000002288b6a9068: ;   {runtime_call}
  0x000002288b6a9068: e4f0 48b8 | 30b9 9168 | fe7f 0000 | ffd0 498b | e44d 33e4 | 488b 45f8 | 41c7 8744 | 0400 0008 
  0x000002288b6a9088: 0000 0041 | 83bf c004 | 0000 020f | 84a3 0300 

  0x000002288b6a9098: ;   {external_word}
  0x000002288b6a9098: 0049 ba20 | 5815 69fe | 7f00 0041 | 803a 000f | 844c 0000 | 0048 8945 

  0x000002288b6a90b0: ;   {metadata({method} {0x00000228940011e0} 'clone' '()Ljava/lang/Object;' in 'java/lang/Object')}
  0x000002288b6a90b0: f848 bad8 | 1100 9428 | 0200 0049 | 8bcf 4883 | ec20 40f6 | c40f 0f84 | 1900 0000 | 4883 ec08 
  0x000002288b6a90d0: ;   {runtime_call}
  0x000002288b6a90d0: 48b8 500d | c668 fe7f | 0000 ffd0 | 4883 c408 | e90c 0000 

  0x000002288b6a90e4: ;   {runtime_call}
  0x000002288b6a90e4: 0048 b850 | 0dc6 68fe | 7f00 00ff | d048 83c4 | 2048 8b45 | f849 c787 | 9803 0000 | 0000 0000 
  0x000002288b6a9104: 49c7 87a0 | 0300 0000 | 0000 00c5 | f877 4885 | c00f 84fe | 0200 00a8 | 030f 8508 | 0000 0048 
  0x000002288b6a9124: 8b00 e9ee | 0200 00a8 | 010f 8509 | 0000 0048 | 8b40 fee9 | dd02 0000 | 488b 40ff | 4180 7f40 
  0x000002288b6a9144: 000f 84ce | 0200 0048 | 83f8 000f | 84c4 0200 | 0049 8b4f | 2848 83f9 | 000f 8414 | 0000 0048 
  0x000002288b6a9164: 83e9 0849 | 894f 2849 | 034f 3848 | 8901 e9a2 | 0200 0048 | 81ec 5001 | 0000 4889 | 0424 4889 
  0x000002288b6a9184: 4c24 0848 | 8954 2410 | 4889 7424 | 1848 897c | 2420 4c89 | 4424 284c | 894c 2430 | 4c89 5424 
  0x000002288b6a91a4: 384c 895c | 2440 c5fb | 1144 2450 | c5fb 114c | 2458 c5fb | 1154 2460 | c5fb 115c | 2468 c5fb 
  0x000002288b6a91c4: 1164 2470 | c5fb 116c | 2478 c5fb | 11b4 2480 | 0000 00c5 | fb11 bc24 | 8800 0000 | c57b 1184 
  0x000002288b6a91e4: ;   {no_reloc}
  0x000002288b6a91e4: 2490 0000 | 00c5 7b11 | 8c24 9800 | 0000 c57b | 1194 24a0 | 0000 00c5 | 7b11 9c24 | a800 0000 
  0x000002288b6a9204: c57b 11a4 | 24b0 0000 | 00c5 7b11 | ac24 b800 | 0000 c57b | 11b4 24c0 | 0000 00c5 | 7b11 bc24 
  0x000002288b6a9224: c800 0000 | 62e1 ff08 | 1144 241a | 62e1 ff08 | 114c 241b | 62e1 ff08 | 1154 241c | 62e1 ff08 
  0x000002288b6a9244: 115c 241d | 62e1 ff08 | 1164 241e | 62e1 ff08 | 116c 241f | 62e1 ff08 | 1174 2420 | 62e1 ff08 
  0x000002288b6a9264: 117c 2421 | 6261 ff08 | 1144 2422 | 6261 ff08 | 114c 2423 | 6261 ff08 | 1154 2424 | 6261 ff08 
  0x000002288b6a9284: 115c 2425 | 6261 ff08 | 1164 2426 | 6261 ff08 | 116c 2427 | 6261 ff08 | 1174 2428 | 6261 ff08 
  0x000002288b6a92a4: 117c 2429 | 498b d748 | 8bc8 4883 | ec20 40f6 | c40f 0f84 | 1900 0000 | 4883 ec08 

  0x000002288b6a92c0: ;   {runtime_call}
  0x000002288b6a92c0: 48b8 90f6 | 8468 fe7f | 0000 ffd0 | 4883 c408 | e90c 0000 

  0x000002288b6a92d4: ;   {runtime_call}
  0x000002288b6a92d4: 0048 b890 | f684 68fe | 7f00 00ff | d048 83c4 | 2062 61ff | 0810 7c24 | 2962 61ff | 0810 7424 
  0x000002288b6a92f4: 2862 61ff | 0810 6c24 | 2762 61ff | 0810 6424 | 2662 61ff | 0810 5c24 | 2562 61ff | 0810 5424 
  0x000002288b6a9314: 2462 61ff | 0810 4c24 | 2362 61ff | 0810 4424 | 2262 e1ff | 0810 7c24 | 2162 e1ff | 0810 7424 
  0x000002288b6a9334: 2062 e1ff | 0810 6c24 | 1f62 e1ff | 0810 6424 | 1e62 e1ff | 0810 5c24 | 1d62 e1ff | 0810 5424 
  0x000002288b6a9354: 1c62 e1ff | 0810 4c24 | 1b62 e1ff | 0810 4424 | 1ac5 7b10 | bc24 c800 | 0000 c57b | 10b4 24c0 
  0x000002288b6a9374: 0000 00c5 | 7b10 ac24 | b800 0000 | c57b 10a4 | 24b0 0000 | 00c5 7b10 | 9c24 a800 | 0000 c57b 
  0x000002288b6a9394: 1094 24a0 | 0000 00c5 | 7b10 8c24 | 9800 0000 | c57b 1084 | 2490 0000 | 00c5 fb10 | bc24 8800 
  0x000002288b6a93b4: 0000 c5fb | 10b4 2480 | 0000 00c5 | fb10 6c24 | 78c5 fb10 | 6424 70c5 | fb10 5c24 | 68c5 fb10 
  0x000002288b6a93d4: ;   {no_reloc}
  0x000002288b6a93d4: 5424 60c5 | fb10 4c24 | 58c5 fb10 | 4424 504c | 8b5c 2440 | 4c8b 5424 | 384c 8b4c | 2430 4c8b 
  0x000002288b6a93f4: 4424 2848 | 8b7c 2420 | 488b 7424 | 1848 8b54 | 2410 488b | 4c24 0848 | 8b04 2448 | 81c4 5001 
  0x000002288b6a9414: 0000 c5f8 | 7749 8b8f | 2804 0000 | c781 0001 | 0000 0000 | 0000 c949 | 837f 0800 | 0f85 0100 
  0x000002288b6a9434: ;   {runtime_call StubRoutines (initial stubs)}
  0x000002288b6a9434: 0000 c3e9 | c47a ecff | c5f8 7748 | 8945 f84c | 8be4 4883 | ec20 4883 

  0x000002288b6a944c: ;   {runtime_call}
  0x000002288b6a944c: e4f0 48b8 | 4045 c668 | fe7f 0000 | ffd0 498b | e44d 33e4 | 488b 45f8 | e930 fcff | fff4 f4f4 
  0x000002288b6a946c: f4f4 f4f4 
[/MachCode]


Compiled method (c1) 1523977  260   !   1       java.lang.String::<init> (890 bytes)
 total in heap  [0x000002288b78c110,0x000002288b790810] = 18176
 relocation     [0x000002288b78c270,0x000002288b78c750] = 1248
 main code      [0x000002288b78c760,0x000002288b78f0e0] = 10624
 stub code      [0x000002288b78f0e0,0x000002288b78f3f0] = 784
 metadata       [0x000002288b78f3f0,0x000002288b78f468] = 120
 scopes data    [0x000002288b78f468,0x000002288b78ff40] = 2776
 scopes pcs     [0x000002288b78ff40,0x000002288b790750] = 2064
 dependencies   [0x000002288b790750,0x000002288b790758] = 8
 handler table  [0x000002288b790758,0x000002288b790770] = 24
 nul chk table  [0x000002288b790770,0x000002288b790810] = 160

[Constant Pool (empty)]

[MachCode]
[Entry Point]
  # {method} {0x000002289445a410} '<init>' '(Ljava/nio/charset/Charset;[BII)V' in 'java/lang/String'
  # this:     rdx:rdx   = 'java/lang/String'
  # parm0:    r8:r8     = 'java/nio/charset/Charset'
  # parm1:    r9:r9     = '[B'
  # parm2:    rdi       = int
  # parm3:    rsi       = int
  #           [sp+0x250]  (sp of caller)
  0x000002288b78c760: 448b 5208 | 49bb 0000 | 0094 2802 | 0000 4d03 | d34c 3bd0 

  0x000002288b78c774: ;   {runtime_call ic_miss_stub}
  0x000002288b78c774: 0f85 0622 | e3ff 660f | 1f44 0000 
[Verified Entry Point]
  0x000002288b78c780: 8984 2400 | 80ff ff55 | 4881 ec40 | 0200 0090 | 4181 7f20 | 1300 0000 

  0x000002288b78c798: ;   {runtime_call StubRoutines (final stubs)}
  0x000002288b78c798: 7405 e8e1 | 95e1 ff48 | 8994 2418 | 0100 004c | 8984 2450 | 0100 004c | 898c 2408 | 0100 0089 
  0x000002288b78c7b8: bc24 0001 | 0000 89b4 | 24f8 0000 | 0085 f60f | 8459 1a00 

  0x000002288b78c7cc: ;   {oop(a 'sun/nio/cs/UTF_8'{0x0000000085ef0558})}
  0x000002288b78c7cc: 0048 bb58 | 05ef 8500 | 0000 004c | 3bc3 0f85 | f106 0000 | 4c8b de44 | 03df 4489 | 9c24 0401 
  0x000002288b78c7ec: 0000 488b | dfe9 2900 | 0000 6690 

  0x000002288b78c7f8: ; implicit exception: dispatches to 0x000002288b78eab1
  0x000002288b78c7f8: 413b 590c | 0f83 b922 | 0000 4863 | c341 0fbe | 4401 1085 | c00f 8c17 | 0000 00ff | c34d 8b97 
  0x000002288b78c818: ; ImmutableOopMap {rdx=Oop r9=Oop [264]=Oop [280]=Oop }
                      ;*goto {reexecute=1 rethrow=0 return_oop=0}
                      ; - (reexecute) java.lang.StringCoding::countPositives@28 (line 52)
                      ; - java.lang.String::<init>@47 (line 538)
  0x000002288b78c818: 5004 0000 

  0x000002288b78c81c: ;   {poll}
  0x000002288b78c81c: 4185 0241 | 3bdb 0f8d | 0900 0000 | ebce 2bdf | e903 0000 | 0048 8bde | 3bde 0f85 | 2300 0000 
  0x000002288b78c83c: 85ff 0f85 | 0d00 0000 

  0x000002288b78c844: ; implicit exception: dispatches to 0x000002288b78eac9
  0x000002288b78c844: 418b 590c | 443b db0f | 8434 1900 | 0044 3bdf | 0f8d f517 | 0000 e9d2 | 1f00 004c | 8beb 488b 
  0x000002288b78c864: ;   {metadata({type array byte})}
  0x000002288b78c864: de48 ba68 | 2200 9428 | 0200 004c | 8bc7 4863 | db48 8bfb | 4881 fbff | ffff 000f | 8749 2200 
  0x000002288b78c884: 0048 be17 | 0000 0000 | 0000 0048 | 8d34 1e48 | 83e6 f849 | 8b87 b801 | 0000 488d | 3430 493b 
  0x000002288b78c8a4: b7c8 0100 | 000f 871f | 2200 0049 | 89b7 b801 | 0000 482b | f048 c700 | 0100 0000 | 488b ca49 
  0x000002288b78c8c4: ba00 0000 | 9428 0200 | 0049 2bca | 8948 0889 | 580c 4883 | ee10 4885 | f60f 8411 | 0000 0048 
  0x000002288b78c8e4: 33db 48c1 | ee03 4889 | 5cf0 0848 | ffce 75f6 | 4889 8424 | 1001 0000 | 4585 ed0f | 8f0b 0000 
  0x000002288b78c904: 0049 8bdd | 498b f8e9 | c000 0000 | 498b d149 | 8bf8 4c8b | c74c 8bc8 | bf00 0000 | 0049 8bf5 
  0x000002288b78c924: 4489 ac24 | fc00 0000 | 4885 d20f | 84a3 2100 | 0045 85c0 | 0f8c 9a21 | 0000 498d | 0c30 3b4a 
  0x000002288b78c944: 0c0f 878d | 2100 0048 | 8d0c 3741 | 3b49 0c0f | 877f 2100 | 0085 f60f | 8c77 2100 | 004d 63c0 
  0x000002288b78c964: ;   {no_reloc}
  0x000002288b78c964: 4863 ff4a | 8d4c 0210 | 498d 5439 | 104c 8bc6 | 4883 ec20 | 40f6 c40f | 0f84 1200 | 0000 4883 
  0x000002288b78c984: ;   {runtime_call StubRoutines (final stubs)}
  0x000002288b78c984: ec08 e8b5 | 30e1 ff48 | 83c4 08e9 | 0500 0000 

  0x000002288b78c994: ;   {runtime_call StubRoutines (final stubs)}
  0x000002288b78c994: e8a7 30e1 | ff48 83c4 | 208b 9424 | fc00 0000 | 0394 2400 | 0100 008b | 9c24 fc00 | 0000 488b 
  0x000002288b78c9b4: fa48 8b84 | 2410 0100 | 0044 8b9c | 2404 0100 | 004c 8b8c | 2408 0100 | 0066 6690 | 413b fb0f 
  0x000002288b78c9d4: 8d20 0100 | 0048 8bd7 | ffc2 413b | 790c 0f83 | 0b21 0000 | 4863 ff41 | 0fbe 7439 | 1085 f60f 
  0x000002288b78c9f4: 8da8 0000 | 0048 8bfe | 81e7 fe00 | 0000 81ff | c200 0000 | 0f85 e600 | 0000 413b | d30f 8ddd 
  0x000002288b78ca14: 0000 0041 | 3b51 0c0f | 83e0 2000 | 0048 63fa | 410f be7c | 3910 83ff | c00f 8dc1 | 0000 0048 
  0x000002288b78ca34: 8bcb ffc1 | c1e6 0648 | 33f7 81f6 | 800f 0000 | 81e6 ffff | 0000 81e6 | ffff 0000 | 3b58 0c0f 
  0x000002288b78ca54: 83b6 2000 | 0048 63db | 488b fe83 | e701 448b | 4008 49ba | 0000 0094 | 2802 0000 | 4d03 c245 
  0x000002288b78ca74: 8b40 0841 | 81e0 0004 | 0000 4585 | c048 0f44 | fe40 887c | 1810 ffc2 | 4d8b 9750 

  0x000002288b78ca90: ; ImmutableOopMap {rax=Oop r9=Oop [264]=Oop [272]=Oop [280]=Oop }
                      ;*goto {reexecute=1 rethrow=0 return_oop=0}
                      ; - (reexecute) java.lang.String::<init>@192 (line 561)
                      ;   {poll}
  0x000002288b78ca90: 0400 0041 | 8502 488b | d948 8bfa | e92f ffff | ff48 8bfb | ffc7 3b58 | 0c0f 836e | 2000 0048 
  0x000002288b78cab0: 63db 488b | ce83 e101 | 448b 4008 | 49ba 0000 | 0094 2802 | 0000 4d03 | c245 8b40 | 0841 81e0 
  0x000002288b78cad0: 0004 0000 | 4585 c048 | 0f44 ce88 | 4c18 104d | 8b97 5004 

  0x000002288b78cae4: ; ImmutableOopMap {rax=Oop r9=Oop [264]=Oop [272]=Oop [280]=Oop }
                      ;*goto {reexecute=1 rethrow=0 return_oop=0}
                      ; - (reexecute) java.lang.String::<init>@140 (line 554)
                      ;   {poll}
  0x000002288b78cae4: 0000 4185 | 0248 8bdf | 488b fae9 | dcfe ffff | ffca 488b | fa41 3bfb | 0f85 9501 | 0000 448b 
  0x000002288b78cb04: 400c 413b | d80f 850d | 0000 0048 | 8b94 2418 | 0100 00e9 | f114 0000 | 413b d80f | 8559 0000 
  0x000002288b78cb24: 0048 8bd0 | 0f1f 4400 | 0048 b8ff | ffff ffff 

  0x000002288b78cb34: ;   {virtual_call}
  0x000002288b78cb34: ffff ffe8 

  0x000002288b78cb38: ; ImmutableOopMap {[280]=Oop }
                      ;*invokevirtual clone {reexecute=0 rethrow=0 return_oop=0}
                      ; - java.util.Arrays::copyOf@7 (line 3539)
                      ; - java.lang.String::<init>@219 (line 571)
  0x000002288b78cb38: 4428 e3ff 

  0x000002288b78cb3c: ;   {other}
  0x000002288b78cb3c: 0f1f 8400 | 2c0a 0003 | 4885 c00f | 8429 0000 

  0x000002288b78cb4c: ;   {metadata({type array byte})}
  0x000002288b78cb4c: 0048 bf68 | 2200 9428 | 0200 008b | 7008 49ba | 0000 0094 | 2802 0000 | 4903 f248 | 3b7e 380f 
  0x000002288b78cb6c: 85ba 1f00 | 00e9 0000 | 0000 488b | d8e9 8414 | 0000 4c8b | cb49 8bd9 

  0x000002288b78cb84: ;   {metadata({type array byte})}
  0x000002288b78cb84: 48ba 6822 | 0094 2802 | 0000 4c8b | d848 63db | 488b fb48 | 81fb ffff | ff00 0f87 | 901f 0000 
  0x000002288b78cba4: 48be 1700 | 0000 0000 | 0000 488d | 341e 4883 | e6f8 498b | 87b8 0100 | 0048 8d34 | 3049 3bb7 
  0x000002288b78cbc4: c801 0000 | 0f87 661f | 0000 4989 | b7b8 0100 | 0048 2bf0 | 48c7 0001 | 0000 0048 | 8bca 49ba 
  0x000002288b78cbe4: 0000 0094 | 2802 0000 | 492b ca89 | 4808 8958 | 0c48 83ee | 1048 85f6 | 0f84 1100 | 0000 4833 
  0x000002288b78cc04: db48 c1ee | 0348 895c | f008 48ff | ce75 f645 | 3bc1 498b | d949 0f4e | d849 8bd3 | 41b8 0000 
  0x000002288b78cc24: 0000 4c8b | c8bf 0000 | 0000 488b | f348 8984 | 2420 0100 | 0049 8d0c | 303b 4a0c | 0f87 f81e 
  0x000002288b78cc44: 0000 85f6 | 0f8c f01e | 0000 4d63 | c048 63ff | 4a8d 4c02 | 1049 8d54 | 3910 4c8b | c648 83ec 
  0x000002288b78cc64: 2040 f6c4 | 0f0f 8412 | 0000 0048 

  0x000002288b78cc70: ;   {runtime_call StubRoutines (final stubs)}
  0x000002288b78cc70: 83ec 08e8 | c82d e1ff | 4883 c408 | e905 0000 

  0x000002288b78cc80: ;   {runtime_call StubRoutines (final stubs)}
  0x000002288b78cc80: 00e8 ba2d | e1ff 4883 | c420 488b | 9c24 2001 | 0000 e96b | 1300 0089 | bc24 2c01 | 0000 899c 
  0x000002288b78cca0: 2428 0100 | 008b 9424 | f800 0000 

  0x000002288b78ccac: ;   {static_call}
  0x000002288b78ccac: 6666 90e8 

  0x000002288b78ccb0: ; ImmutableOopMap {[264]=Oop [272]=Oop [280]=Oop }
                      ;*invokestatic newBytesFor {reexecute=0 rethrow=0 return_oop=0}
                      ; - java.lang.String::<init>@238 (line 577)
  0x000002288b78ccb0: 8c6c 1400 

  0x000002288b78ccb4: ;   {other}
  0x000002288b78ccb4: 0f1f 8400 | a40b 0004 | 488b 9424 | 1001 0000 | 41b8 0000 | 0000 4c8b | c8bf 0000 | 0000 8bb4 
  0x000002288b78ccd4: 2428 0100 | 0048 8984 | 2430 0100 | 0066 0f1f 

  0x000002288b78cce4: ;   {static_call}
  0x000002288b78cce4: 4400 00e8 

  0x000002288b78cce8: ; ImmutableOopMap {[264]=Oop [280]=Oop [304]=Oop }
                      ;*invokestatic inflate {reexecute=0 rethrow=0 return_oop=0}
                      ; - java.lang.StringLatin1::inflate@6 (line 771)
                      ; - java.lang.String::<init>@251 (line 578)
  0x000002288b78cce8: d4bc 3800 

  0x000002288b78ccec: ;   {other}
  0x000002288b78ccec: 0f1f 8400 | dc0b 0005 | 488b 9424 | 0801 0000 | 448b 8424 | 2c01 0000 | 448b 8c24 | 0401 0000 
  0x000002288b78cd0c: 488b bc24 | 3001 0000 | 8bb4 2428 | 0100 00b9 | 0100 0000 | 0f1f 8000 

  0x000002288b78cd24: ;   {static_call}
  0x000002288b78cd24: 0000 00e8 

  0x000002288b78cd28: ; ImmutableOopMap {[280]=Oop [304]=Oop }
                      ;*invokestatic decodeUTF8_UTF16 {reexecute=0 rethrow=0 return_oop=0}
                      ; - java.lang.String::<init>@267 (line 580)
  0x000002288b78cd28: f44f 8300 

  0x000002288b78cd2c: ;   {other}
  0x000002288b78cd2c: 0f1f 8400 | 1c0c 0006 | 3b84 24f8 | 0000 000f | 850d 0000 | 0048 8b84 | 2430 0100 | 00e9 7b12 
  0x000002288b78cd4c: 0000 4c8b | 8424 3001 | 0000 4c8b | c841 d1e1 

  0x000002288b78cd5c: ; implicit exception: dispatches to 0x000002288b78eb49
  0x000002288b78cd5c: 458b 580c | 453b cb0f | 8555 0000 | 0049 8bd0 | 9048 b8ff | ffff ffff 

  0x000002288b78cd74: ;   {virtual_call}
  0x000002288b78cd74: ffff ffe8 

  0x000002288b78cd78: ; ImmutableOopMap {[280]=Oop }
                      ;*invokevirtual clone {reexecute=0 rethrow=0 return_oop=0}
                      ; - java.util.Arrays::copyOf@7 (line 3539)
                      ; - java.lang.String::<init>@285 (line 582)
  0x000002288b78cd78: 0426 e3ff 

  0x000002288b78cd7c: ;   {other}
  0x000002288b78cd7c: 0f1f 8400 | 6c0c 0007 | 4885 c00f | 8429 0000 

  0x000002288b78cd8c: ;   {metadata({type array byte})}
  0x000002288b78cd8c: 0048 bf68 | 2200 9428 | 0200 008b | 7008 49ba | 0000 0094 | 2802 0000 | 4903 f248 | 3b7e 380f 
  0x000002288b78cdac: 859d 1d00 | 00e9 0000 | 0000 488b | d8e9 0b01 | 0000 498b 

  0x000002288b78cdc0: ;   {metadata({type array byte})}
  0x000002288b78cdc0: d948 ba68 | 2200 9428 | 0200 0048 | 63db 488b | fb48 81fb | ffff ff00 | 0f87 791d | 0000 48be 
  0x000002288b78cde0: 1700 0000 | 0000 0000 | 488d 341e | 4883 e6f8 | 498b 87b8 | 0100 0048 | 8d34 3049 | 3bb7 c801 
  0x000002288b78ce00: 0000 0f87 | 4f1d 0000 | 4989 b7b8 | 0100 0048 | 2bf0 48c7 | 0001 0000 | 0048 8bca | 49ba 0000 
  0x000002288b78ce20: 0094 2802 | 0000 492b | ca89 4808 | 8958 0c48 | 83ee 1048 | 85f6 0f84 | 1100 0000 | 4833 db48 
  0x000002288b78ce40: c1ee 0348 | 895c f008 | 48ff ce75 | f645 3bd9 | 498b f149 | 0f4e f349 | 8bd0 41b8 | 0000 0000 
  0x000002288b78ce60: 4c8b c8bf | 0000 0000 | 4889 8424 | 3801 0000 | 498d 0c30 | 3b4a 0c0f | 87e4 1c00 | 0085 f60f 
  0x000002288b78ce80: 8cdc 1c00 | 004d 63c0 | 4863 ff4a | 8d4c 0210 | 498d 5439 | 104c 8bc6 | 4883 ec20 | 40f6 c40f 
  0x000002288b78cea0: 0f84 1200 | 0000 4883 

  0x000002288b78cea8: ;   {runtime_call StubRoutines (final stubs)}
  0x000002288b78cea8: ec08 e891 | 2be1 ff48 | 83c4 08e9 | 0500 0000 

  0x000002288b78ceb8: ;   {runtime_call StubRoutines (final stubs)}
  0x000002288b78ceb8: e883 2be1 | ff48 83c4 | 2048 8b9c | 2438 0100 | 0048 8bc3 | e9f8 1000 

  0x000002288b78ced0: ;   {oop(a 'sun/nio/cs/ISO_8859_1'{0x0000000085ef8848})}
  0x000002288b78ced0: 0048 bb48 | 88ef 8500 | 0000 004c | 3bc3 0f85 | b601 0000 | 8bbc 2400 | 0100 008b | b424 f800 
  0x000002288b78cef0: 0000 03f7 | 85ff 4c8b | 8c24 0801 | 0000 0f85 | 0c00 0000 

  0x000002288b78cf04: ; implicit exception: dispatches to 0x000002288b78eb71
  0x000002288b78cf04: 418b 590c | 3bf3 0f84 | 2e01 0000 | 3bf7 0f8c | 3117 0000 | 4c8b c644 | 2bc7 498b 

  0x000002288b78cf20: ;   {metadata({type array byte})}
  0x000002288b78cf20: d848 ba68 | 2200 9428 | 0200 004c | 8bdf 4863 | db48 8bfb | 4881 fbff | ffff 000f | 8735 1c00 
  0x000002288b78cf40: 0048 be17 | 0000 0000 | 0000 0048 | 8d34 1e48 | 83e6 f849 | 8b87 b801 | 0000 488d | 3430 493b 
  0x000002288b78cf60: b7c8 0100 | 000f 870b | 1c00 0049 | 89b7 b801 | 0000 482b | f048 c700 | 0100 0000 | 488b ca49 
  0x000002288b78cf80: ba00 0000 | 9428 0200 | 0049 2bca | 8948 0889 | 580c 4883 | ee10 4885 | f60f 8411 | 0000 0048 
  0x000002288b78cfa0: 33db 48c1 | ee03 4889 | 5cf0 0848 | ffce 75f6 

  0x000002288b78cfb0: ; implicit exception: dispatches to 0x000002288b78eb80
  0x000002288b78cfb0: 418b 510c | 412b d341 | 3bd0 498b | f048 0f4e | f249 8bd1 | 4d8b c34c | 8bc8 bf00 | 0000 0048 
  0x000002288b78cfd0: 8984 2440 | 0100 0045 | 85c0 0f8c | a51b 0000 | 498d 0c30 | 3b4a 0c0f | 8798 1b00 | 0085 f60f 
  0x000002288b78cff0: 8c90 1b00 | 004d 63c0 | 4863 ff4a | 8d4c 0210 | 498d 5439 | 104c 8bc6 | 4883 ec20 | 40f6 c40f 
  0x000002288b78d010: 0f84 1200 | 0000 4883 

  0x000002288b78d018: ;   {runtime_call StubRoutines (final stubs)}
  0x000002288b78d018: ec08 e821 | 2ae1 ff48 | 83c4 08e9 | 0500 0000 

  0x000002288b78d028: ;   {runtime_call StubRoutines (final stubs)}
  0x000002288b78d028: e813 2ae1 | ff48 83c4 | 2048 8b84 | 2440 0100 | 00e9 520f | 0000 498b | d10f 1f40 | 0048 b8ff 
  0x000002288b78d048: ffff ffff 

  0x000002288b78d04c: ;   {virtual_call}
  0x000002288b78d04c: ffff ffe8 

  0x000002288b78d050: ; ImmutableOopMap {[280]=Oop }
                      ;*invokevirtual clone {reexecute=0 rethrow=0 return_oop=0}
                      ; - java.util.Arrays::copyOfRange@18 (line 3856)
                      ; - java.lang.String::<init>@378 (line 597)
  0x000002288b78d050: 2c23 e3ff 

  0x000002288b78d054: ;   {other}
  0x000002288b78d054: 0f1f 8400 | 440f 0008 | 4885 c00f | 842a 0000 

  0x000002288b78d064: ;   {metadata({type array byte})}
  0x000002288b78d064: 0048 be68 | 2200 9428 | 0200 0044 | 8b48 0849 | ba00 0000 | 9428 0200 | 004d 03ca | 493b 7138 
  0x000002288b78d084: 0f85 071b | 0000 e900 | 0000 0048 | 8bd0 488b | c2e9 f60e | 0000 448b | 9c24 0001 | 0000 4c8b 
  0x000002288b78d0a4: 8c24 0801 

  0x000002288b78d0a8: ;   {oop(a 'sun/nio/cs/US_ASCII'{0x0000000085ef84a8})}
  0x000002288b78d0a8: 0000 48ba | a884 ef85 | 0000 0000 | 4c3b c20f | 858a 0200 | 0049 8bd1 | 4d8b c344 | 8b8c 24f8 
  0x000002288b78d0c8: 0000 000f 

  0x000002288b78d0cc: ;   {static_call}
  0x000002288b78d0cc: 1f40 00e8 

  0x000002288b78d0d0: ; ImmutableOopMap {[264]=Oop [280]=Oop }
                      ;*invokestatic countPositives {reexecute=0 rethrow=0 return_oop=0}
                      ; - java.lang.StringCoding::hasNegatives@3 (line 38)
                      ; - java.lang.String::<init>@428 (line 604)
  0x000002288b78d0d0: ec45 ffff 

  0x000002288b78d0d4: ;   {other}
  0x000002288b78d0d4: 0f1f 8400 | c40f 0009 | 3b84 24f8 | 0000 00bb | 0000 0000 | 7405 bb01 | 0000 0083 | e301 85db 
  0x000002288b78d0f4: 0f85 b701 | 0000 8bbc | 2400 0100 | 008b b424 | f800 0000 | 03f7 85ff | 4c8b 8c24 | 0801 0000 
  0x000002288b78d114: 0f85 0c00 | 0000 418b | 590c 3bf3 | 0f84 2e01 | 0000 3bf7 | 0f8c 3313 | 0000 4c8b | c644 2bc7 
  0x000002288b78d134: ;   {metadata({type array byte})}
  0x000002288b78d134: 498b d848 | ba68 2200 | 9428 0200 | 004c 8bdf | 4863 db48 | 8bfb 4881 | fbff ffff | 000f 8748 
  0x000002288b78d154: 1a00 0048 | be17 0000 | 0000 0000 | 0048 8d34 | 1e48 83e6 | f849 8b87 | b801 0000 | 488d 3430 
  0x000002288b78d174: 493b b7c8 | 0100 000f | 871e 1a00 | 0049 89b7 | b801 0000 | 482b f048 | c700 0100 | 0000 488b 
  0x000002288b78d194: ca49 ba00 | 0000 9428 | 0200 0049 | 2bca 8948 | 0889 580c | 4883 ee10 | 4885 f60f | 8411 0000 
  0x000002288b78d1b4: 0048 33db | 48c1 ee03 | 4889 5cf0 | 0848 ffce | 75f6 418b | 510c 412b | d341 3bd0 | 498b f048 
  0x000002288b78d1d4: 0f4e f249 | 8bd1 4d8b | c34c 8bc8 | bf00 0000 | 0048 8984 | 2448 0100 | 0045 85c0 | 0f8c b819 
  0x000002288b78d1f4: 0000 498d | 0c30 3b4a | 0c0f 87ab | 1900 0085 | f60f 8ca3 | 1900 004d | 63c0 4863 | ff4a 8d4c 
  0x000002288b78d214: 0210 498d | 5439 104c | 8bc6 4883 | ec20 40f6 | c40f 0f84 | 1200 0000 | 4883 ec08 

  0x000002288b78d230: ;   {runtime_call StubRoutines (final stubs)}
  0x000002288b78d230: e80b 28e1 | ff48 83c4 | 08e9 0500 

  0x000002288b78d23c: ;   {runtime_call StubRoutines (final stubs)}
  0x000002288b78d23c: 0000 e8fd | 27e1 ff48 | 83c4 2048 | 8b84 2448 | 0100 00e9 | 030d 0000 | 498b d166 | 0f1f 4400 
  0x000002288b78d25c: 0048 b868 | 2200 9428 

  0x000002288b78d264: ;   {virtual_call}
  0x000002288b78d264: 0200 00e8 

  0x000002288b78d268: ; ImmutableOopMap {[280]=Oop }
                      ;*invokevirtual clone {reexecute=0 rethrow=0 return_oop=0}
                      ; - java.util.Arrays::copyOfRange@18 (line 3856)
                      ; - java.lang.String::<init>@441 (line 605)
  0x000002288b78d268: d4bc f1ff 

  0x000002288b78d26c: ;   {other}
  0x000002288b78d26c: 0f1f 8400 | 5c11 000a | 4885 c00f | 8429 0000 

  0x000002288b78d27c: ;   {metadata({type array byte})}
  0x000002288b78d27c: 0048 bb68 | 2200 9428 | 0200 008b | 7808 49ba | 0000 0094 | 2802 0000 | 4903 fa48 | 3b5f 380f 
  0x000002288b78d29c: 8518 1900 | 00e9 0000 | 0000 488b | d048 8bc2 | e9a6 0c00 | 008b 9424 | f800 0000 | 0f1f 8000 
  0x000002288b78d2bc: ;   {static_call}
  0x000002288b78d2bc: 0000 00e8 

  0x000002288b78d2c0: ; ImmutableOopMap {[264]=Oop [280]=Oop }
                      ;*invokestatic newBytesFor {reexecute=0 rethrow=0 return_oop=0}
                      ; - java.lang.String::<init>@457 (line 608)
  0x000002288b78d2c0: bc25 e3ff 

  0x000002288b78d2c4: ;   {other}
  0x000002288b78d2c4: 0f1f 8400 | b411 000b | 8bbc 2400 | 0100 00ba | 0000 0000 | 8bb4 24f8 | 0000 004c | 8b8c 2408 
  0x000002288b78d2e4: 0100 00e9 | 5100 0000 | 0f1f 4000 | 488b dfff | c341 3b79 | 0c0f 83cd | 1800 0048 | 63ff 410f 
  0x000002288b78d304: be7c 3910 | 488b caff | c185 ff0f | 8c0b 0000 | 0081 e7ff | ff00 00e9 | 0500 0000 | bffd ff00 
  0x000002288b78d324: 0048 63d2 

  0x000002288b78d328: ; implicit exception: dispatches to 0x000002288b78ebda
  0x000002288b78d328: 6689 7c50 | 104d 8b97 

  0x000002288b78d330: ; ImmutableOopMap {rax=Oop r9=Oop [264]=Oop [280]=Oop }
                      ;*goto {reexecute=1 rethrow=0 return_oop=0}
                      ; - (reexecute) java.lang.String::<init>@503 (line 613)
  0x000002288b78d330: 5004 0000 

  0x000002288b78d334: ;   {poll}
  0x000002288b78d334: 4185 0248 | 8bd1 488b | fb3b d60f | 8dd9 0b00 | 00eb a949 | 8bd0 6666 | 9048 b8ff | ffff ffff 
  0x000002288b78d354: ;   {virtual_call}
  0x000002288b78d354: ffff ffe8 

  0x000002288b78d358: ; ImmutableOopMap {[264]=Oop [280]=Oop [336]=Oop }
                      ;*invokevirtual newDecoder {reexecute=0 rethrow=0 return_oop=0}
                      ; - java.lang.String::<init>@521 (line 626)
  0x000002288b78d358: 2cbf 3100 

  0x000002288b78d35c: ;   {other}
  0x000002288b78d35c: 0f1f 8400 | 4c12 000d | 4885 c00f | 8452 0000 | 0066 6690 

  0x000002288b78d370: ;   {metadata('sun/nio/cs/ArrayDecoder')}
  0x000002288b78d370: 48bb 88ee | 0b94 2802 | 0000 8b78 | 0849 ba00 | 0000 9428 | 0200 0049 | 03fa 483b | fb0f 8431 
  0x000002288b78d390: 0000 008b | 7314 483b | 1c37 0f84 | 2400 0000 | 83fe 200f | 8516 0000 

  0x000002288b78d3a8: ;   {runtime_call slow_subtype_check Runtime1 stub}
  0x000002288b78d3a8: 0057 53e8 | 50cb efff | 5f5b 85db | 0f84 0500 | 0000 e905 | 0000 0048 | 33d2 eb0a | 48ba 0100 
  0x000002288b78d3c8: 0000 0000 | 0000 85d2 | 0f84 2d04 | 0000 4885 | c00f 8450 | 0000 0090 

  0x000002288b78d3e0: ;   {metadata('sun/nio/cs/ArrayDecoder')}
  0x000002288b78d3e0: 48bb 88ee | 0b94 2802 | 0000 8b78 | 0849 ba00 | 0000 9428 | 0200 0049 | 03fa 483b | fb0f 842c 
  0x000002288b78d400: 0000 008b | 5314 483b | 1c17 0f84 | 1f00 0000 | 83fa 200f | 85f8 1700 

  0x000002288b78d418: ;   {runtime_call slow_subtype_check Runtime1 stub}
  0x000002288b78d418: 0057 53e8 | e0ca efff | 5f5b 85db | 0f84 e717 | 0000 e900 | 0000 0048 | 8bf0 488b | d648 8984 
  0x000002288b78d438: 2460 0100 | 0048 89b4 | 2458 0100 | 0048 b8b0 | 4f2a d928 

  0x000002288b78d44c: ;   {virtual_call}
  0x000002288b78d44c: 0200 00e8 

  0x000002288b78d450: ; ImmutableOopMap {[264]=Oop [280]=Oop [344]=Oop [352]=Oop }
                      ;*invokeinterface isASCIICompatible {reexecute=0 rethrow=0 return_oop=0}
                      ; - java.lang.String::<init>@543 (line 630)
  0x000002288b78d450: fd69 e3ff 

  0x000002288b78d454: ;   {other}
  0x000002288b78d454: 0f1f 8400 | 4413 000e | 85c0 0f84 | 4600 0000 | 488b 9424 | 0801 0000 | 448b 8424 | 0001 0000 
  0x000002288b78d474: 448b 8c24 | f800 0000 

  0x000002288b78d47c: ;   {static_call}
  0x000002288b78d47c: 6666 90e8 

  0x000002288b78d480: ; ImmutableOopMap {[264]=Oop [280]=Oop [344]=Oop [352]=Oop }
                      ;*invokestatic countPositives {reexecute=0 rethrow=0 return_oop=0}
                      ; - java.lang.StringCoding::hasNegatives@3 (line 38)
                      ; - java.lang.String::<init>@555 (line 630)
  0x000002288b78d480: 3c42 ffff 

  0x000002288b78d484: ;   {other}
  0x000002288b78d484: 0f1f 8400 | 7413 000f | 3b84 24f8 | 0000 00ba | 0000 0000 | 7405 ba01 | 0000 0083 | e201 85d2 
  0x000002288b78d4a4: 0f84 2003 | 0000 488b | 9424 5801 | 0000 6666 | 9048 b8ff | ffff ffff 

  0x000002288b78d4bc: ;   {virtual_call}
  0x000002288b78d4bc: ffff ffe8 

  0x000002288b78d4c0: ; ImmutableOopMap {[264]=Oop [280]=Oop [344]=Oop [352]=Oop }
                      ;*invokeinterface isLatin1Decodable {reexecute=0 rethrow=0 return_oop=0}
                      ; - java.lang.String::<init>@611 (line 642)
  0x000002288b78d4c0: bc1e e3ff 

  0x000002288b78d4c4: ;   {other}
  0x000002288b78d4c4: 0f1f 8400 | b413 0010 | 85c0 0f85 | 1a09 0000 | 488b 9424 | 6001 0000 | 9048 b8ff | ffff ffff 
  0x000002288b78d4e4: ;   {virtual_call}
  0x000002288b78d4e4: ffff ffe8 

  0x000002288b78d4e8: ; ImmutableOopMap {[264]=Oop [280]=Oop [344]=Oop [352]=Oop }
                      ;*invokevirtual maxCharsPerByte {reexecute=0 rethrow=0 return_oop=0}
                      ; - java.lang.String::<init>@655 (line 650)
  0x000002288b78d4e8: 941e e3ff 

  0x000002288b78d4ec: ;   {other}
  0x000002288b78d4ec: 0f1f 8400 | dc13 0011 

  0x000002288b78d4f4: ;   {oop(a 'java/nio/charset/CodingErrorAction'{0x0000000085f3f990})}
  0x000002288b78d4f4: 48be 90f9 | f385 0000 | 0000 8bbc | 24f8 0000 | 00c5 f32a | cfc5 fa5a | c0c5 f359 | c8c5 fb2c 
  0x000002288b78d514: d981 fb00 | 0000 8075 | 0f48 83ec | 08c5 fb11 

  0x000002288b78d524: ;   {runtime_call StubRoutines (initial stubs)}
  0x000002288b78d524: 0c24 e820 | 3ede ff5b | 4c8b c648 | 8b94 2460 | 0100 0089 | 9c24 7001 | 0000 4889 | b424 6801 
  0x000002288b78d544: 0000 0f1f | 8000 0000 | 0048 b8ff | ffff ffff 

  0x000002288b78d554: ;   {virtual_call}
  0x000002288b78d554: ffff ffe8 

  0x000002288b78d558: ; ImmutableOopMap {[264]=Oop [280]=Oop [344]=Oop [360]=Oop }
                      ;*invokevirtual onMalformedInput {reexecute=0 rethrow=0 return_oop=0}
                      ; - java.lang.String::<init>@668 (line 651)
  0x000002288b78d558: 241e e3ff 

  0x000002288b78d55c: ;   {other}
  0x000002288b78d55c: 0f1f 8400 | 4c14 0012 | 4c8b 8424 | 6801 0000 | 488b d066 | 0f1f 4400 | 0048 b8ff | ffff ffff 
  0x000002288b78d57c: ;   {virtual_call}
  0x000002288b78d57c: ffff ffe8 

  0x000002288b78d580: ; ImmutableOopMap {[264]=Oop [280]=Oop [344]=Oop }
                      ;*invokevirtual onUnmappableCharacter {reexecute=0 rethrow=0 return_oop=0}
                      ; - java.lang.String::<init>@674 (line 652)
  0x000002288b78d580: fc1d e3ff 

  0x000002288b78d584: ;   {other}
  0x000002288b78d584: 0f1f 8400 | 7414 0013 | 8b9c 2470 

  0x000002288b78d590: ;   {metadata({type array char})}
  0x000002288b78d590: 0100 0048 | bab0 1c00 | 9428 0200 | 0048 63db | 488b fb48 | 81fb ffff | ff00 0f87 | 6a16 0000 
  0x000002288b78d5b0: 48be 1700 | 0000 0000 | 0000 488d | 345e 4883 | e6f8 498b | 87b8 0100 | 0048 8d34 | 3049 3bb7 
  0x000002288b78d5d0: c801 0000 | 0f87 4016 | 0000 4989 | b7b8 0100 | 0048 2bf0 | 48c7 0001 | 0000 0048 | 8bca 49ba 
  0x000002288b78d5f0: 0000 0094 | 2802 0000 | 492b ca89 | 4808 8958 | 0c48 83ee | 1048 85f6 | 0f84 1100 | 0000 4833 
  0x000002288b78d610: db48 c1ee | 0348 895c | f008 48ff | ce75 f64c | 8b84 2408 | 0100 0044 | 8b8c 2400 | 0100 008b 
  0x000002288b78d630: bc24 f800 | 0000 488b | f048 8b94 | 2458 0100 | 0048 8984 | 2478 0100 | 000f 1f40 | 0048 b8ff 
  0x000002288b78d650: ffff ffff 

  0x000002288b78d654: ;   {virtual_call}
  0x000002288b78d654: ffff ffe8 

  0x000002288b78d658: ; ImmutableOopMap {[280]=Oop [376]=Oop }
                      ;*invokeinterface decode {reexecute=0 rethrow=0 return_oop=0}
                      ; - java.lang.String::<init>@692 (line 654)
  0x000002288b78d658: 241d e3ff 

  0x000002288b78d65c: ;   {other}
  0x000002288b78d65c: 0f1f 8400 | 4c15 0014 

  0x000002288b78d664: ;   {metadata({type array byte})}
  0x000002288b78d664: 488b d848 | ba68 2200 | 9428 0200 | 004c 8bd8 | 4863 db48 | 8bfb 4881 | fbff ffff | 000f 879d 
  0x000002288b78d684: 1500 0048 | be17 0000 | 0000 0000 | 0048 8d34 | 1e48 83e6 | f849 8b87 | b801 0000 | 488d 3430 
  0x000002288b78d6a4: 493b b7c8 | 0100 000f | 8773 1500 | 0049 89b7 | b801 0000 | 482b f048 | c700 0100 | 0000 488b 
  0x000002288b78d6c4: ca49 ba00 | 0000 9428 | 0200 0049 | 2bca 8948 | 0889 580c | 4883 ee10 | 4885 f60f | 8411 0000 
  0x000002288b78d6e4: 0048 33db | 48c1 ee03 | 4889 5cf0 | 0848 ffce | 75f6 488b | 9424 7801 | 0000 41b8 | 0000 0000 
  0x000002288b78d704: 4c8b c8bf | 0000 0000 | 498b f348 | 8984 2480 | 0100 0044 | 899c 2474 

  0x000002288b78d71c: ;   {static_call}
  0x000002288b78d71c: 0100 00e8 

  0x000002288b78d720: ; ImmutableOopMap {[280]=Oop [376]=Oop [384]=Oop }
                      ;*invokestatic compress {reexecute=0 rethrow=0 return_oop=0}
                      ; - java.lang.StringUTF16::compress@9 (line 162)
                      ; - java.lang.String::<init>@710 (line 656)
  0x000002288b78d720: 5c21 e3ff 

  0x000002288b78d724: ;   {other}
  0x000002288b78d724: 0f1f 8400 | 1416 0015 | 3b84 2474 | 0100 0048 | 8b84 2480 

  0x000002288b78d738: ;   {oop(nullptr)}
  0x000002288b78d738: 0100 0048 | be00 0000 | 0000 0000 | 0048 0f44 | f048 85f6 | 488b 9424 | 1801 0000 | 0f85 5206 
  0x000002288b78d758: 0000 c642 | 1001 8b94 | 2474 0100 

  0x000002288b78d764: ;   {static_call}
  0x000002288b78d764: 0066 90e8 

  0x000002288b78d768: ; ImmutableOopMap {[280]=Oop [376]=Oop }
                      ;*invokestatic newBytesFor {reexecute=0 rethrow=0 return_oop=0}
                      ; - java.lang.StringUTF16::toBytes@1 (line 152)
                      ; - java.lang.String::<init>@743 (line 664)
  0x000002288b78d768: 1421 e3ff 

  0x000002288b78d76c: ;   {other}
  0x000002288b78d76c: 0f1f 8400 | 5c16 0016 | ba00 0000 | 00be 0000 | 0000 8bbc | 2474 0100 | 0048 8b9c | 2478 0100 
  0x000002288b78d78c: 00e9 2e00 | 0000 660f | 1f44 0000 | 3b73 0c0f | 838d 1400 | 0048 63ce | 0fb7 4c4b | 104c 63c2 
  0x000002288b78d7ac: ; implicit exception: dispatches to 0x000002288b78ec3c
  0x000002288b78d7ac: 6642 894c | 4010 ffc6 | ffc2 4d8b | 9750 0400 

  0x000002288b78d7bc: ; ImmutableOopMap {rax=Oop rbx=Oop [280]=Oop }
                      ;*goto {reexecute=1 rethrow=0 return_oop=0}
                      ; - (reexecute) java.lang.StringUTF16::toBytes@29 (line 153)
                      ; - java.lang.String::<init>@743 (line 664)
                      ;   {poll}
  0x000002288b78d7bc: 0041 8502 | 3bd7 0f8d | 9e05 0000 | ebce 8bbc | 2400 0100 | 008b b424 | f800 0000 | 03f7 85ff 
  0x000002288b78d7dc: 4c8b 8c24 | 0801 0000 | 0f85 0c00 | 0000 418b | 510c 3bf2 | 0f84 ce04 | 0000 3bf7 | 0f8d 9503 
  0x000002288b78d7fc: 0000 e976 | 0a00 0048 | 8984 2460 | 0100 0048 | 8b94 2460 | 0100 0066 | 9048 b830 | 4d07 e128 
  0x000002288b78d81c: ;   {virtual_call}
  0x000002288b78d81c: 0200 00e8 

  0x000002288b78d820: ; ImmutableOopMap {[264]=Oop [280]=Oop [336]=Oop [352]=Oop }
                      ;*invokevirtual maxCharsPerByte {reexecute=0 rethrow=0 return_oop=0}
                      ; - java.lang.String::<init>@754 (line 669)
  0x000002288b78d820: 2d66 e3ff 

  0x000002288b78d824: ;   {other}
  0x000002288b78d824: 0f1f 8400 | 1417 0018 | 8bb4 24f8 | 0000 00c5 | f32a cec5 | fa5a c0c5 | f359 c8c5 | fb2c f981 
  0x000002288b78d844: ff00 0000 | 8075 0f48 | 83ec 08c5 | fb11 0c24 

  0x000002288b78d854: ;   {runtime_call StubRoutines (initial stubs)}
  0x000002288b78d854: e8f2 3ade 

  0x000002288b78d858: ;   {oop(a 'java/nio/charset/CodingErrorAction'{0x0000000085f3f990})}
  0x000002288b78d858: ff5f 48bb | 90f9 f385 | 0000 0000 | 4c8b c348 | 8b94 2460 | 0100 0089 | bc24 9001 | 0000 4889 
  0x000002288b78d878: 9c24 8801 | 0000 0f1f | 8000 0000 | 0048 b840 | 5207 e128 

  0x000002288b78d88c: ;   {virtual_call}
  0x000002288b78d88c: 0200 00e8 

  0x000002288b78d890: ; ImmutableOopMap {[264]=Oop [280]=Oop [336]=Oop [352]=Oop [392]=Oop }
                      ;*invokevirtual onMalformedInput {reexecute=0 rethrow=0 return_oop=0}
                      ; - java.lang.String::<init>@767 (line 670)
  0x000002288b78d890: 4176 e3ff 

  0x000002288b78d894: ;   {other}
  0x000002288b78d894: 0f1f 8400 | 8417 0019 | 4c8b 8424 | 8801 0000 | 488b d066 | 0f1f 4400 | 0048 b8c0 | 5007 e128 
  0x000002288b78d8b4: ;   {virtual_call}
  0x000002288b78d8b4: 0200 00e8 

  0x000002288b78d8b8: ; ImmutableOopMap {[264]=Oop [280]=Oop [336]=Oop [352]=Oop }
                      ;*invokevirtual onUnmappableCharacter {reexecute=0 rethrow=0 return_oop=0}
                      ; - java.lang.String::<init>@773 (line 671)
  0x000002288b78d8b8: 1976 e3ff 

  0x000002288b78d8bc: ;   {other}
  0x000002288b78d8bc: 0f1f 8400 | ac17 001a | 8b9c 2490 

  0x000002288b78d8c8: ;   {metadata({type array char})}
  0x000002288b78d8c8: 0100 0048 | bab0 1c00 | 9428 0200 | 0048 63db | 488b fb48 | 81fb ffff | ff00 0f87 | 5e13 0000 
  0x000002288b78d8e8: 48be 1700 | 0000 0000 | 0000 488d | 345e 4883 | e6f8 498b | 87b8 0100 | 0048 8d34 | 3049 3bb7 
  0x000002288b78d908: c801 0000 | 0f87 3413 | 0000 4989 | b7b8 0100 | 0048 2bf0 | 48c7 0001 | 0000 0048 | 8bca 49ba 
  0x000002288b78d928: 0000 0094 | 2802 0000 | 492b ca89 | 4808 8958 | 0c48 83ee | 1048 85f6 | 0f84 1100 | 0000 4833 
  0x000002288b78d948: db48 c1ee | 0348 895c | f008 48ff | ce75 f64c | 8b84 2450 | 0100 0041 | 8b50 0849 | ba00 0000 
  0x000002288b78d968: 9428 0200 | 0049 03d2 | 488b 5270 | 488b 128b | 5234 4885 | d20f 8400 | 0000 0048 | 8b94 2460 
  0x000002288b78d988: 0100 004c | 8bc0 4c8b | 8c24 0801 | 0000 8bbc | 2400 0100 | 008b b424 | f800 0000 | 4889 8424 
  0x000002288b78d9a8: 9801 0000 

  0x000002288b78d9ac: ;   {static_call}
  0x000002288b78d9ac: 6666 90e8 

  0x000002288b78d9b0: ; ImmutableOopMap {[280]=Oop [408]=Oop }
                      ;*invokestatic decodeWithDecoder {reexecute=0 rethrow=0 return_oop=0}
                      ; - java.lang.String::<init>@819 (line 681)
  0x000002288b78d9b0: 1e19 0000 

  0x000002288b78d9b4: ;   {other}
  0x000002288b78d9b4: 0f1f 8400 | a418 001b 

  0x000002288b78d9bc: ;   {metadata({type array byte})}
  0x000002288b78d9bc: 488b d848 | ba68 2200 | 9428 0200 | 004c 8bd8 | 4863 db48 | 8bfb 4881 | fbff ffff | 000f 8776 
  0x000002288b78d9dc: 1200 0048 | be17 0000 | 0000 0000 | 0048 8d34 | 1e48 83e6 | f849 8b87 | b801 0000 | 488d 3430 
  0x000002288b78d9fc: 493b b7c8 | 0100 000f | 874c 1200 | 0049 89b7 | b801 0000 | 482b f048 | c700 0100 | 0000 488b 
  0x000002288b78da1c: ca49 ba00 | 0000 9428 | 0200 0049 | 2bca 8948 | 0889 580c | 4883 ee10 | 4885 f60f | 8411 0000 
  0x000002288b78da3c: 0048 33db | 48c1 ee03 | 4889 5cf0 | 0848 ffce | 75f6 488b | 9424 9801 | 0000 41b8 | 0000 0000 
  0x000002288b78da5c: 4c8b c8bf | 0000 0000 | 498b f348 | 8984 24a0 | 0100 0044 | 899c 2494 

  0x000002288b78da74: ;   {static_call}
  0x000002288b78da74: 0100 00e8 

  0x000002288b78da78: ; ImmutableOopMap {[280]=Oop [408]=Oop [416]=Oop }
                      ;*invokestatic compress {reexecute=0 rethrow=0 return_oop=0}
                      ; - java.lang.StringUTF16::compress@9 (line 162)
                      ; - java.lang.String::<init>@850 (line 687)
  0x000002288b78da78: 4457 f1ff 

  0x000002288b78da7c: ;   {other}
  0x000002288b78da7c: 0f1f 8400 | 6c19 001c | 3b84 2494 | 0100 0048 | 8b84 24a0 

  0x000002288b78da90: ;   {oop(nullptr)}
  0x000002288b78da90: 0100 0048 | be00 0000 | 0000 0000 | 0048 0f44 | f048 85f6 | 488b 9424 | 1801 0000 | 0f85 9f00 
  0x000002288b78dab0: 0000 c642 | 1001 8b94 | 2494 0100 

  0x000002288b78dabc: ;   {static_call}
  0x000002288b78dabc: 0066 90e8 

  0x000002288b78dac0: ; ImmutableOopMap {[280]=Oop [408]=Oop }
                      ;*invokestatic newBytesFor {reexecute=0 rethrow=0 return_oop=0}
                      ; - java.lang.StringUTF16::toBytes@1 (line 152)
                      ; - java.lang.String::<init>@883 (line 695)
  0x000002288b78dac0: bc1d e3ff 

  0x000002288b78dac4: ;   {other}
  0x000002288b78dac4: 0f1f 8400 | b419 001d | bb00 0000 | 00ba 0000 | 0000 8bb4 | 2494 0100 | 0048 8bbc | 2498 0100 
  0x000002288b78dae4: 00e9 2e00 | 0000 660f | 1f44 0000 | 3b57 0c0f | 8366 1100 | 0048 63ca | 0fb7 4c4f | 104c 63c3 
  0x000002288b78db04: ; implicit exception: dispatches to 0x000002288b78ec6d
  0x000002288b78db04: 6642 894c | 4010 ffc2 | ffc3 4d8b | 9750 0400 

  0x000002288b78db14: ; ImmutableOopMap {rax=Oop rdi=Oop [280]=Oop }
                      ;*goto {reexecute=1 rethrow=0 return_oop=0}
                      ; - (reexecute) java.lang.StringUTF16::toBytes@29 (line 153)
                      ; - java.lang.String::<init>@883 (line 695)
                      ;   {poll}
  0x000002288b78db14: 0041 8502 | 3bde 7cd4 | 488b 9424 | 1801 0000 | 410f be5f | 4085 db0f | 8541 1100 | 004c 8bd0 
  0x000002288b78db34: 4489 5214 | 488b da48 | 33d8 48c1 | eb14 4883 | fb00 0f85 | 4111 0000 | e912 0700 | 0041 0fbe 
  0x000002288b78db54: 5f40 85db | 0f85 4711 | 0000 4c8b | d644 8952 | 1448 8bda | 4833 de48 | c1eb 1448 | 83fb 000f 
  0x000002288b78db74: 8547 1100 | 00c6 4210 | 0048 81c4 | 4002 0000 

  0x000002288b78db84: ;   {poll_return}
  0x000002288b78db84: 5d49 3ba7 | 4804 0000 | 0f87 4611 | 0000 c34c | 8bc6 442b | 8424 0001 | 0000 498b 

  0x000002288b78dba0: ;   {metadata({type array byte})}
  0x000002288b78dba0: d848 ba68 | 2200 9428 | 0200 0048 | 63db 488b | fb48 81fb | ffff ff00 | 0f87 3011 | 0000 48be 
  0x000002288b78dbc0: 1700 0000 | 0000 0000 | 488d 341e | 4883 e6f8 | 498b 87b8 | 0100 0048 | 8d34 3049 | 3bb7 c801 
  0x000002288b78dbe0: 0000 0f87 | 0611 0000 | 4989 b7b8 | 0100 0048 | 2bf0 48c7 | 0001 0000 | 0048 8bca | 49ba 0000 
  0x000002288b78dc00: 0094 2802 | 0000 492b | ca89 4808 | 8958 0c48 | 83ee 1048 | 85f6 0f84 | 1100 0000 | 4833 db48 
  0x000002288b78dc20: c1ee 0348 | 895c f008 | 48ff ce75 | f641 8b51 | 0c2b 9424 | 0001 0000 | 413b d049 | 8bf0 480f 
  0x000002288b78dc40: 4ef2 498b | d144 8b84 | 2400 0100 | 004c 8bc8 | bf00 0000 | 0048 8984 | 24a8 0100 | 0045 85c0 
  0x000002288b78dc60: 0f8c 9710 | 0000 498d | 0c30 3b4a | 0c0f 878a | 1000 0085 | f60f 8c82 | 1000 004d | 63c0 4863 
  0x000002288b78dc80: ff4a 8d4c | 0210 498d | 5439 104c | 8bc6 4883 | ec20 40f6 | c40f 0f84 | 1200 0000 | 4883 ec08 
  0x000002288b78dca0: ;   {runtime_call StubRoutines (final stubs)}
  0x000002288b78dca0: e89b 1de1 | ff48 83c4 | 08e9 0500 

  0x000002288b78dcac: ;   {runtime_call StubRoutines (final stubs)}
  0x000002288b78dcac: 0000 e88d | 1de1 ff48 | 83c4 2048 | 8b84 24a8 | 0100 00e9 | 5800 0000 | 498b d166 | 0f1f 4400 
  0x000002288b78dccc: 0048 b868 | 2200 9428 

  0x000002288b78dcd4: ;   {virtual_call}
  0x000002288b78dcd4: 0200 00e8 

  0x000002288b78dcd8: ; ImmutableOopMap {[280]=Oop }
                      ;*invokevirtual clone {reexecute=0 rethrow=0 return_oop=0}
                      ; - java.util.Arrays::copyOfRange@18 (line 3856)
                      ; - java.lang.String::<init>@574 (line 632)
  0x000002288b78dcd8: 64b2 f1ff 

  0x000002288b78dcdc: ;   {other}
  0x000002288b78dcdc: 0f1f 8400 | cc1b 001f | 4885 c00f | 8429 0000 

  0x000002288b78dcec: ;   {metadata({type array byte})}
  0x000002288b78dcec: 0048 bf68 | 2200 9428 | 0200 008b | 7008 49ba | 0000 0094 | 2802 0000 | 4903 f248 | 3b7e 380f 
  0x000002288b78dd0c: 85f8 0f00 | 00e9 0000 | 0000 488b | d848 8bc3 | 488b 9424 | 1801 0000 | 410f be5f | 4085 db0f 
  0x000002288b78dd2c: 85e1 0f00 | 004c 8bd0 | 4489 5214 | 488b da48 | 33d8 48c1 | eb14 4883 | fb00 0f85 | e10f 0000 
  0x000002288b78dd4c: c642 1000 | 4881 c440 | 0200 005d 

  0x000002288b78dd58: ;   {poll_return}
  0x000002288b78dd58: 493b a748 | 0400 000f | 87e0 0f00 | 00c3 488b | 9424 1801 | 0000 410f | be5f 4085 | db0f 85e0 
  0x000002288b78dd78: 0f00 004c | 8bd0 4489 | 5214 488b | da48 33d8 | 48c1 eb14 | 4883 fb00 | 0f85 e00f | 0000 4881 
  0x000002288b78dd98: c440 0200 

  0x000002288b78dd9c: ;   {poll_return}
  0x000002288b78dd9c: 005d 493b | a748 0400 | 000f 87e3 | 0f00 00c3 | 410f be5f | 4085 db0f | 85eb 0f00 | 004c 8bd6 
  0x000002288b78ddbc: 4489 5214 | 488b da48 | 33de 48c1 | eb14 4883 | fb00 0f85 | eb0f 0000 | c642 1000 | 4881 c440 
  0x000002288b78dddc: 0200 005d 

  0x000002288b78dde0: ;   {poll_return}
  0x000002288b78dde0: 493b a748 | 0400 000f | 87ea 0f00 | 00c3 4c8b | ac24 5801 | 0000 448b | 9c24 f800 | 0000 4c8b 
  0x000002288b78de00: 8c24 0801 | 0000 498b 

  0x000002288b78de08: ;   {metadata({type array byte})}
  0x000002288b78de08: db48 ba68 | 2200 9428 | 0200 0048 | 63db 488b | fb48 81fb | ffff ff00 | 0f87 c70f | 0000 48be 
  0x000002288b78de28: 1700 0000 | 0000 0000 | 488d 341e | 4883 e6f8 | 498b 87b8 | 0100 0048 | 8d34 3049 | 3bb7 c801 
  0x000002288b78de48: 0000 0f87 | 9d0f 0000 | 4989 b7b8 | 0100 0048 | 2bf0 48c7 | 0001 0000 | 0048 8bca | 49ba 0000 
  0x000002288b78de68: 0094 2802 | 0000 492b | ca89 4808 | 8958 0c48 | 83ee 1048 | 85f6 0f84 | 1100 0000 | 4833 db48 
  0x000002288b78de88: c1ee 0348 | 895c f008 | 48ff ce75 | f64d 8bc1 | 448b 8c24 | 0001 0000 | 498b fb48 | 8bf0 498b 
  0x000002288b78dea8: d548 8984 | 24b0 0100 | 000f 1f40 | 0048 b8ff | ffff ffff 

  0x000002288b78debc: ;   {virtual_call}
  0x000002288b78debc: ffff ffe8 

  0x000002288b78dec0: ; ImmutableOopMap {[280]=Oop [432]=Oop }
                      ;*invokeinterface decodeToLatin1 {reexecute=0 rethrow=0 return_oop=0}
                      ; - java.lang.String::<init>@633 (line 644)
  0x000002288b78dec0: bc14 e3ff 

  0x000002288b78dec4: ;   {other}
  0x000002288b78dec4: 0f1f 8400 | b41d 0020 | 410f be5f | 4085 db48 | 8b94 2418 | 0100 000f | 8516 0f00 | 0048 8b84 
  0x000002288b78dee4: 24b0 0100 | 004c 8bd0 | 4489 5214 | 488b da48 | 33d8 48c1 | eb14 4883 | fb00 0f85 | 0e0f 0000 
  0x000002288b78df04: c642 1000 | 4881 c440 | 0200 005d 

  0x000002288b78df10: ;   {poll_return}
  0x000002288b78df10: 493b a748 | 0400 000f | 870d 0f00 | 00c3 488b | 9424 1801 | 0000 410f | be5f 4085 | db0f 850d 
  0x000002288b78df30: 0f00 004c | 8bd0 4489 | 5214 488b | da48 33d8 | 48c1 eb14 | 4883 fb00 | 0f85 0d0f | 0000 c642 
  0x000002288b78df50: 1001 e90c | 0300 0048 | 8b94 2418 | 0100 0041 | 0fbe 5f40 | 85db 0f85 | 070f 0000 | 4c8b d044 
  0x000002288b78df70: 8952 1448 | 8bda 4833 | d848 c1eb | 1448 83fb | 000f 8507 | 0f00 00c6 | 4210 00e9 | d302 0000 
  0x000002288b78df90: 488b 9424 | 1801 0000 | 410f be5f | 4085 db0f | 8501 0f00 | 004c 8bd0 | 4489 5214 | 488b da48 
  0x000002288b78dfb0: 33d8 48c1 | eb14 4883 | fb00 0f85 | 010f 0000 | c642 1000 | e99a 0200 | 0048 8b94 | 2418 0100 
  0x000002288b78dfd0: 0041 0fbe | 5f40 85db | 0f85 fb0e | 0000 4c8b | d044 8952 | 1448 8bda | 4833 d848 | c1eb 1448 
  0x000002288b78dff0: 83fb 000f | 85fb 0e00 | 00c6 4210 | 01e9 6102 | 0000 488b | 9424 1801 | 0000 488b 

  0x000002288b78e00c: ;   {no_reloc}
  0x000002288b78e00c: c341 0fbe | 5f40 85db | 0f85 f20e | 0000 4c8b | d044 8952 | 1448 8bda | 4833 d848 | c1eb 1448 
  0x000002288b78e02c: 83fb 000f | 85f2 0e00 | 00c6 4210 | 0048 81c4 | 4002 0000 

  0x000002288b78e040: ;   {poll_return}
  0x000002288b78e040: 5d49 3ba7 | 4804 0000 | 0f87 f10e | 0000 c344 | 8b9c 2404 | 0100 0044 | 2b9c 2400 | 0100 0049 
  0x000002288b78e060: ;   {metadata({type array byte})}
  0x000002288b78e060: 8bdb 48ba | 6822 0094 | 2802 0000 | 4863 db48 | 8bfb 4881 | fbff ffff | 000f 87d6 | 0e00 0048 
  0x000002288b78e080: be17 0000 | 0000 0000 | 0048 8d34 | 1e48 83e6 | f849 8b87 | b801 0000 | 488d 3430 | 493b b7c8 
  0x000002288b78e0a0: 0100 000f | 87ac 0e00 | 0049 89b7 | b801 0000 | 482b f048 | c700 0100 | 0000 488b | ca49 ba00 
  0x000002288b78e0c0: 0000 9428 | 0200 0049 | 2bca 8948 | 0889 580c | 4883 ee10 | 4885 f60f | 8411 0000 | 0048 33db 
  0x000002288b78e0e0: 48c1 ee03 | 4889 5cf0 | 0848 ffce | 75f6 418b | 510c 2b94 | 2400 0100 | 0041 3bd3 | 4c0f 4eda 
  0x000002288b78e100: 498b d144 | 8b84 2400 | 0100 004c | 8bc8 bf00 | 0000 0049 | 8bf3 4889 | 8424 b801 | 0000 4585 
  0x000002288b78e120: c00f 8c3d | 0e00 0049 | 8d0c 303b | 4a0c 0f87 | 300e 0000 | 85f6 0f8c | 280e 0000 | 4d63 c048 
  0x000002288b78e140: 63ff 4a8d | 4c02 1049 | 8d54 3910 | 4c8b c648 | 83ec 2040 | f6c4 0f0f | 8412 0000 | 0048 83ec 
  0x000002288b78e160: ;   {runtime_call StubRoutines (final stubs)}
  0x000002288b78e160: 08e8 da18 | e1ff 4883 | c408 e905 

  0x000002288b78e16c: ;   {runtime_call StubRoutines (final stubs)}
  0x000002288b78e16c: 0000 00e8 | cc18 e1ff | 4883 c420 | 488b 8424 | b801 0000 | e957 0000 | 0049 8bd1 | 0f1f 4400 
  0x000002288b78e18c: 0048 b868 | 2200 9428 

  0x000002288b78e194: ;   {virtual_call}
  0x000002288b78e194: 0200 00e8 

  0x000002288b78e198: ; ImmutableOopMap {[280]=Oop }
                      ;*invokevirtual clone {reexecute=0 rethrow=0 return_oop=0}
                      ; - java.util.Arrays::copyOfRange@18 (line 3856)
                      ; - java.lang.String::<init>@66 (line 540)
  0x000002288b78e198: a4ad f1ff 

  0x000002288b78e19c: ;   {other}
  0x000002288b78e19c: 0f1f 8400 | 8c20 0021 | 4885 c00f | 8429 0000 

  0x000002288b78e1ac: ;   {metadata({type array byte})}
  0x000002288b78e1ac: 0048 ba68 | 2200 9428 | 0200 008b | 7808 49ba | 0000 0094 | 2802 0000 | 4903 fa48 | 3b57 380f 
  0x000002288b78e1cc: 85a0 0d00 | 00e9 0000 | 0000 488b | d048 8bc2 | 488b 9424 | 1801 0000 | 410f be77 | 4085 f60f 
  0x000002288b78e1ec: 8589 0d00 | 004c 8bd0 | 4489 5214 | 488b f248 | 33f0 48c1 | ee14 4883 | fe00 0f85 | 890d 0000 
  0x000002288b78e20c: c642 1000 | 4881 c440 | 0200 005d 

  0x000002288b78e218: ;   {poll_return}
  0x000002288b78e218: 493b a748 | 0400 000f | 8788 0d00 | 00c3 410f | be77 4085 | f60f 8590 

  0x000002288b78e230: ;   {oop([B{0x0000000085f2b258})}
  0x000002288b78e230: 0d00 0049 | ba58 b2f2 | 8500 0000 | 0044 8952 

  0x000002288b78e240: ;   {oop([B{0x0000000085f2b258})}
  0x000002288b78e240: 1448 be58 | b2f2 8500 | 0000 0048 | 8bfa 4833 | fe48 c1ef | 1448 83ff | 000f 857f | 0d00 00c6 
  0x000002288b78e260: 4210 0048 | 81c4 4002 

  0x000002288b78e268: ;   {poll_return}
  0x000002288b78e268: 0000 5d49 | 3ba7 4804 | 0000 0f87 | 7e0d 0000 | c389 b424 | c801 0000 

  0x000002288b78e280: ;   {metadata('java/lang/IllegalArgumentException')}
  0x000002288b78e280: 48ba c0c1 | 0694 2802 | 0000 498b | 87b8 0100 | 0048 8d78 | 2849 3bbf | c801 0000 | 0f87 6a0d 
  0x000002288b78e2a0: 0000 4989 | bfb8 0100 | 0048 c700 | 0100 0000 | 488b ca49 | ba00 0000 | 9428 0200 | 0049 2bca 
  0x000002288b78e2c0: 8948 0848 | 33c9 8948 | 0c48 33c9 | 4889 4810 | 4889 4818 | 4889 4820 

  0x000002288b78e2d8: ;   {metadata('java/lang/StringBuilder')}
  0x000002288b78e2d8: 48ba 1880 | 0094 2802 | 0000 4889 | 8424 d001 | 0000 498b | 87b8 0100 | 0048 8d78 | 1849 3bbf 
  0x000002288b78e2f8: c801 0000 | 0f87 170d | 0000 4989 | bfb8 0100 | 0048 c700 | 0100 0000 | 488b ca49 | ba00 0000 
  0x000002288b78e318: 9428 0200 | 0049 2bca | 8948 0848 | 33c9 8948 | 0c48 33c9 | 4889 4810 | 41b8 1000 | 0000 488b 
  0x000002288b78e338: d048 8984 | 24c0 0100 | 0066 0f1f 

  0x000002288b78e344: ;   {optimized virtual_call}
  0x000002288b78e344: 4400 00e8 

  0x000002288b78e348: ; ImmutableOopMap {[264]=Oop [280]=Oop [448]=Oop [464]=Oop }
                      ;*invokespecial <init> {reexecute=0 rethrow=0 return_oop=0}
                      ; - java.lang.StringBuilder::<init>@3 (line 106)
                      ; - java.util.Arrays::checkLength@13 (line 3821)
                      ; - java.util.Arrays::copyOfRangeByte@2 (line 3861)
                      ; - java.util.Arrays::copyOfRange@13 (line 3854)
                      ; - java.lang.String::<init>@574 (line 632)
  0x000002288b78e348: 340b e3ff 

  0x000002288b78e34c: ;   {other}
  0x000002288b78e34c: 0f1f 8400 | 3c22 0022 | 448b 8424 | 0001 0000 | 488b 9424 | c001 0000 

  0x000002288b78e364: ;   {optimized virtual_call}
  0x000002288b78e364: 6666 90e8 

  0x000002288b78e368: ; ImmutableOopMap {[264]=Oop [280]=Oop [448]=Oop [464]=Oop }
                      ;*invokespecial append {reexecute=0 rethrow=0 return_oop=0}
                      ; - java.lang.StringBuilder::append@2 (line 253)
                      ; - java.util.Arrays::checkLength@17 (line 3821)
                      ; - java.util.Arrays::copyOfRangeByte@2 (line 3861)
                      ; - java.util.Arrays::copyOfRange@13 (line 3854)
                      ; - java.lang.String::<init>@574 (line 632)
  0x000002288b78e368: 140b e3ff 

  0x000002288b78e36c: ;   {other}
  0x000002288b78e36c: 0f1f 8400 | 5c22 0023 

  0x000002288b78e374: ;   {oop(" > "{0x00000000fff48068})}
  0x000002288b78e374: 49b8 6880 | f4ff 0000 | 0000 488b | 9424 c001 

  0x000002288b78e384: ;   {optimized virtual_call}
  0x000002288b78e384: 0000 90e8 

  0x000002288b78e388: ; ImmutableOopMap {[264]=Oop [280]=Oop [448]=Oop [464]=Oop }
                      ;*invokespecial append {reexecute=0 rethrow=0 return_oop=0}
                      ; - java.lang.StringBuilder::append@2 (line 179)
                      ; - java.util.Arrays::checkLength@23 (line 3821)
                      ; - java.util.Arrays::copyOfRangeByte@2 (line 3861)
                      ; - java.util.Arrays::copyOfRange@13 (line 3854)
                      ; - java.lang.String::<init>@574 (line 632)
  0x000002288b78e388: f40a e3ff 

  0x000002288b78e38c: ;   {other}
  0x000002288b78e38c: 0f1f 8400 | 7c22 0024 | 448b 8424 | c801 0000 | 488b 9424 | c001 0000 

  0x000002288b78e3a4: ;   {optimized virtual_call}
  0x000002288b78e3a4: 6666 90e8 

  0x000002288b78e3a8: ; ImmutableOopMap {[264]=Oop [280]=Oop [448]=Oop [464]=Oop }
                      ;*invokespecial append {reexecute=0 rethrow=0 return_oop=0}
                      ; - java.lang.StringBuilder::append@2 (line 253)
                      ; - java.util.Arrays::checkLength@27 (line 3821)
                      ; - java.util.Arrays::copyOfRangeByte@2 (line 3861)
                      ; - java.util.Arrays::copyOfRange@13 (line 3854)
                      ; - java.lang.String::<init>@574 (line 632)
  0x000002288b78e3a8: d40a e3ff 

  0x000002288b78e3ac: ;   {other}
  0x000002288b78e3ac: 0f1f 8400 | 9c22 0025 

  0x000002288b78e3b4: ;   {metadata('java/lang/String')}
  0x000002288b78e3b4: 48ba 40e7 | 0094 2802 | 0000 498b | 87b8 0100 | 0048 8d78 | 1849 3bbf | c801 0000 | 0f87 500c 
  0x000002288b78e3d4: 0000 4989 | bfb8 0100 | 0048 c700 | 0100 0000 | 488b ca49 | ba00 0000 | 9428 0200 | 0049 2bca 
  0x000002288b78e3f4: 8948 0848 | 33c9 8948 | 0c48 33c9 | 4889 4810 | 4c8b 8424 | c001 0000 

  0x000002288b78e40c: ;   {oop(nullptr)}
  0x000002288b78e40c: 49b9 0000 | 0000 0000 | 0000 488b | d048 8984 | 24d8 0100 | 0066 0f1f 

  0x000002288b78e424: ;   {optimized virtual_call}
  0x000002288b78e424: 4400 00e8 

  0x000002288b78e428: ; ImmutableOopMap {[264]=Oop [280]=Oop [464]=Oop [472]=Oop }
                      ;*invokespecial <init> {reexecute=0 rethrow=0 return_oop=0}
                      ; - java.lang.String::<init>@3 (line 1507)
                      ; - java.lang.StringBuilder::toString@5 (line 475)
                      ; - java.util.Arrays::checkLength@30 (line 3821)
                      ; - java.util.Arrays::copyOfRangeByte@2 (line 3861)
                      ; - java.util.Arrays::copyOfRange@13 (line 3854)
                      ; - java.lang.String::<init>@574 (line 632)
  0x000002288b78e428: 540a e3ff 

  0x000002288b78e42c: ;   {other}
  0x000002288b78e42c: 0f1f 8400 | 1c23 0026 | 4c8b 8424 | d801 0000 | 488b 9424 | d001 0000 

  0x000002288b78e444: ;   {optimized virtual_call}
  0x000002288b78e444: 6666 90e8 

  0x000002288b78e448: ; ImmutableOopMap {[264]=Oop [280]=Oop [464]=Oop }
                      ;*invokespecial <init> {reexecute=0 rethrow=0 return_oop=0}
                      ; - java.util.Arrays::checkLength@33 (line 3821)
                      ; - java.util.Arrays::copyOfRangeByte@2 (line 3861)
                      ; - java.util.Arrays::copyOfRange@13 (line 3854)
                      ; - java.lang.String::<init>@574 (line 632)
  0x000002288b78e448: 340a e3ff 

  0x000002288b78e44c: ;   {other}
  0x000002288b78e44c: 0f1f 8400 | 3c23 0027 | 488b 8424 | d001 0000 | e971 0c00 | 0089 b424 | cc01 0000 

  0x000002288b78e468: ;   {metadata('java/lang/IllegalArgumentException')}
  0x000002288b78e468: 48ba c0c1 | 0694 2802 | 0000 498b | 87b8 0100 | 0048 8d78 | 2849 3bbf | c801 0000 | 0f87 a90b 
  0x000002288b78e488: 0000 4989 | bfb8 0100 | 0048 c700 | 0100 0000 | 488b ca49 | ba00 0000 | 9428 0200 | 0049 2bca 
  0x000002288b78e4a8: 8948 0848 | 33c9 8948 | 0c48 33c9 | 4889 4810 | 4889 4818 | 4889 4820 

  0x000002288b78e4c0: ;   {metadata('java/lang/StringBuilder')}
  0x000002288b78e4c0: 48ba 1880 | 0094 2802 | 0000 4889 | 8424 e801 | 0000 498b | 87b8 0100 | 0048 8d78 | 1849 3bbf 
  0x000002288b78e4e0: c801 0000 | 0f87 560b | 0000 4989 | bfb8 0100 | 0048 c700 | 0100 0000 | 488b ca49 | ba00 0000 
  0x000002288b78e500: 9428 0200 | 0049 2bca | 8948 0848 | 33c9 8948 | 0c48 33c9 | 4889 4810 | 41b8 1000 | 0000 488b 
  0x000002288b78e520: d048 8984 | 24e0 0100 | 0066 0f1f 

  0x000002288b78e52c: ;   {optimized virtual_call}
  0x000002288b78e52c: 4400 00e8 

  0x000002288b78e530: ; ImmutableOopMap {[264]=Oop [280]=Oop [480]=Oop [488]=Oop }
                      ;*invokespecial <init> {reexecute=0 rethrow=0 return_oop=0}
                      ; - java.lang.StringBuilder::<init>@3 (line 106)
                      ; - java.util.Arrays::checkLength@13 (line 3821)
                      ; - java.util.Arrays::copyOfRangeByte@2 (line 3861)
                      ; - java.util.Arrays::copyOfRange@13 (line 3854)
                      ; - java.lang.String::<init>@441 (line 605)
  0x000002288b78e530: 4c09 e3ff 

  0x000002288b78e534: ;   {other}
  0x000002288b78e534: 0f1f 8400 | 2424 0028 | 448b 8424 | 0001 0000 | 488b 9424 | e001 0000 

  0x000002288b78e54c: ;   {optimized virtual_call}
  0x000002288b78e54c: 6666 90e8 

  0x000002288b78e550: ; ImmutableOopMap {[264]=Oop [280]=Oop [480]=Oop [488]=Oop }
                      ;*invokespecial append {reexecute=0 rethrow=0 return_oop=0}
                      ; - java.lang.StringBuilder::append@2 (line 253)
                      ; - java.util.Arrays::checkLength@17 (line 3821)
                      ; - java.util.Arrays::copyOfRangeByte@2 (line 3861)
                      ; - java.util.Arrays::copyOfRange@13 (line 3854)
                      ; - java.lang.String::<init>@441 (line 605)
  0x000002288b78e550: 2c09 e3ff 

  0x000002288b78e554: ;   {other}
  0x000002288b78e554: 0f1f 8400 | 4424 0029 

  0x000002288b78e55c: ;   {oop(" > "{0x00000000fff48068})}
  0x000002288b78e55c: 49b8 6880 | f4ff 0000 | 0000 488b | 9424 e001 

  0x000002288b78e56c: ;   {optimized virtual_call}
  0x000002288b78e56c: 0000 90e8 

  0x000002288b78e570: ; ImmutableOopMap {[264]=Oop [280]=Oop [480]=Oop [488]=Oop }
                      ;*invokespecial append {reexecute=0 rethrow=0 return_oop=0}
                      ; - java.lang.StringBuilder::append@2 (line 179)
                      ; - java.util.Arrays::checkLength@23 (line 3821)
                      ; - java.util.Arrays::copyOfRangeByte@2 (line 3861)
                      ; - java.util.Arrays::copyOfRange@13 (line 3854)
                      ; - java.lang.String::<init>@441 (line 605)
  0x000002288b78e570: 0c09 e3ff 

  0x000002288b78e574: ;   {other}
  0x000002288b78e574: 0f1f 8400 | 6424 002a | 448b 8424 | cc01 0000 | 488b 9424 | e001 0000 

  0x000002288b78e58c: ;   {optimized virtual_call}
  0x000002288b78e58c: 6666 90e8 

  0x000002288b78e590: ; ImmutableOopMap {[264]=Oop [280]=Oop [480]=Oop [488]=Oop }
                      ;*invokespecial append {reexecute=0 rethrow=0 return_oop=0}
                      ; - java.lang.StringBuilder::append@2 (line 253)
                      ; - java.util.Arrays::checkLength@27 (line 3821)
                      ; - java.util.Arrays::copyOfRangeByte@2 (line 3861)
                      ; - java.util.Arrays::copyOfRange@13 (line 3854)
                      ; - java.lang.String::<init>@441 (line 605)
  0x000002288b78e590: ec08 e3ff 

  0x000002288b78e594: ;   {other}
  0x000002288b78e594: 0f1f 8400 | 8424 002b 

  0x000002288b78e59c: ;   {metadata('java/lang/String')}
  0x000002288b78e59c: 48ba 40e7 | 0094 2802 | 0000 498b | 87b8 0100 | 0048 8d78 | 1849 3bbf | c801 0000 | 0f87 8f0a 
  0x000002288b78e5bc: 0000 4989 | bfb8 0100 | 0048 c700 | 0100 0000 | 488b ca49 | ba00 0000 | 9428 0200 | 0049 2bca 
  0x000002288b78e5dc: 8948 0848 | 33c9 8948 | 0c48 33c9 | 4889 4810 | 4c8b 8424 | e001 0000 

  0x000002288b78e5f4: ;   {oop(nullptr)}
  0x000002288b78e5f4: 49b9 0000 | 0000 0000 | 0000 488b | d048 8984 | 24f0 0100 | 0066 0f1f 

  0x000002288b78e60c: ;   {optimized virtual_call}
  0x000002288b78e60c: 4400 00e8 

  0x000002288b78e610: ; ImmutableOopMap {[264]=Oop [280]=Oop [488]=Oop [496]=Oop }
                      ;*invokespecial <init> {reexecute=0 rethrow=0 return_oop=0}
                      ; - java.lang.String::<init>@3 (line 1507)
                      ; - java.lang.StringBuilder::toString@5 (line 475)
                      ; - java.util.Arrays::checkLength@30 (line 3821)
                      ; - java.util.Arrays::copyOfRangeByte@2 (line 3861)
                      ; - java.util.Arrays::copyOfRange@13 (line 3854)
                      ; - java.lang.String::<init>@441 (line 605)
  0x000002288b78e610: 6c08 e3ff 

  0x000002288b78e614: ;   {other}
  0x000002288b78e614: 0f1f 8400 | 0425 002c | 4c8b 8424 | f001 0000 | 488b 9424 | e801 0000 

  0x000002288b78e62c: ;   {optimized virtual_call}
  0x000002288b78e62c: 6666 90e8 

  0x000002288b78e630: ; ImmutableOopMap {[264]=Oop [280]=Oop [488]=Oop }
                      ;*invokespecial <init> {reexecute=0 rethrow=0 return_oop=0}
                      ; - java.util.Arrays::checkLength@33 (line 3821)
                      ; - java.util.Arrays::copyOfRangeByte@2 (line 3861)
                      ; - java.util.Arrays::copyOfRange@13 (line 3854)
                      ; - java.lang.String::<init>@441 (line 605)
  0x000002288b78e630: 4c08 e3ff 

  0x000002288b78e634: ;   {other}
  0x000002288b78e634: 0f1f 8400 | 2425 002d | 488b 8424 | e801 0000 | e989 0a00 | 0089 b424 | 0002 0000 

  0x000002288b78e650: ;   {metadata('java/lang/IllegalArgumentException')}
  0x000002288b78e650: 48ba c0c1 | 0694 2802 | 0000 498b | 87b8 0100 | 0048 8d78 | 2849 3bbf | c801 0000 | 0f87 e809 
  0x000002288b78e670: 0000 4989 | bfb8 0100 | 0048 c700 | 0100 0000 | 488b ca49 | ba00 0000 | 9428 0200 | 0049 2bca 
  0x000002288b78e690: 8948 0848 | 33c9 8948 | 0c48 33c9 | 4889 4810 | 4889 4818 | 4889 4820 

  0x000002288b78e6a8: ;   {metadata('java/lang/StringBuilder')}
  0x000002288b78e6a8: 48ba 1880 | 0094 2802 | 0000 4889 | 8424 0802 | 0000 498b | 87b8 0100 | 0048 8d78 | 1849 3bbf 
  0x000002288b78e6c8: c801 0000 | 0f87 9509 | 0000 4989 | bfb8 0100 | 0048 c700 | 0100 0000 | 488b ca49 | ba00 0000 
  0x000002288b78e6e8: 9428 0200 | 0049 2bca | 8948 0848 | 33c9 8948 | 0c48 33c9 | 4889 4810 | 41b8 1000 | 0000 488b 
  0x000002288b78e708: d048 8984 | 24f8 0100 | 0066 0f1f 

  0x000002288b78e714: ;   {optimized virtual_call}
  0x000002288b78e714: 4400 00e8 

  0x000002288b78e718: ; ImmutableOopMap {[264]=Oop [280]=Oop [504]=Oop [520]=Oop }
                      ;*invokespecial <init> {reexecute=0 rethrow=0 return_oop=0}
                      ; - java.lang.StringBuilder::<init>@3 (line 106)
                      ; - java.util.Arrays::checkLength@13 (line 3821)
                      ; - java.util.Arrays::copyOfRangeByte@2 (line 3861)
                      ; - java.util.Arrays::copyOfRange@13 (line 3854)
                      ; - java.lang.String::<init>@378 (line 597)
  0x000002288b78e718: 6407 e3ff 

  0x000002288b78e71c: ;   {other}
  0x000002288b78e71c: 0f1f 8400 | 0c26 002e | 448b 8424 | 0001 0000 | 488b 9424 | f801 0000 

  0x000002288b78e734: ;   {optimized virtual_call}
  0x000002288b78e734: 6666 90e8 

  0x000002288b78e738: ; ImmutableOopMap {[264]=Oop [280]=Oop [504]=Oop [520]=Oop }
                      ;*invokespecial append {reexecute=0 rethrow=0 return_oop=0}
                      ; - java.lang.StringBuilder::append@2 (line 253)
                      ; - java.util.Arrays::checkLength@17 (line 3821)
                      ; - java.util.Arrays::copyOfRangeByte@2 (line 3861)
                      ; - java.util.Arrays::copyOfRange@13 (line 3854)
                      ; - java.lang.String::<init>@378 (line 597)
  0x000002288b78e738: 4407 e3ff 

  0x000002288b78e73c: ;   {other}
  0x000002288b78e73c: 0f1f 8400 | 2c26 002f 

  0x000002288b78e744: ;   {oop(" > "{0x00000000fff48068})}
  0x000002288b78e744: 49b8 6880 | f4ff 0000 | 0000 488b | 9424 f801 

  0x000002288b78e754: ;   {optimized virtual_call}
  0x000002288b78e754: 0000 90e8 

  0x000002288b78e758: ; ImmutableOopMap {[264]=Oop [280]=Oop [504]=Oop [520]=Oop }
                      ;*invokespecial append {reexecute=0 rethrow=0 return_oop=0}
                      ; - java.lang.StringBuilder::append@2 (line 179)
                      ; - java.util.Arrays::checkLength@23 (line 3821)
                      ; - java.util.Arrays::copyOfRangeByte@2 (line 3861)
                      ; - java.util.Arrays::copyOfRange@13 (line 3854)
                      ; - java.lang.String::<init>@378 (line 597)
  0x000002288b78e758: 2407 e3ff 

  0x000002288b78e75c: ;   {other}
  0x000002288b78e75c: 0f1f 8400 | 4c26 0030 | 448b 8424 | 0002 0000 | 488b 9424 | f801 0000 

  0x000002288b78e774: ;   {optimized virtual_call}
  0x000002288b78e774: 6666 90e8 

  0x000002288b78e778: ; ImmutableOopMap {[264]=Oop [280]=Oop [504]=Oop [520]=Oop }
                      ;*invokespecial append {reexecute=0 rethrow=0 return_oop=0}
                      ; - java.lang.StringBuilder::append@2 (line 253)
                      ; - java.util.Arrays::checkLength@27 (line 3821)
                      ; - java.util.Arrays::copyOfRangeByte@2 (line 3861)
                      ; - java.util.Arrays::copyOfRange@13 (line 3854)
                      ; - java.lang.String::<init>@378 (line 597)
  0x000002288b78e778: 0407 e3ff 

  0x000002288b78e77c: ;   {other}
  0x000002288b78e77c: 0f1f 8400 | 6c26 0031 

  0x000002288b78e784: ;   {metadata('java/lang/String')}
  0x000002288b78e784: 48ba 40e7 | 0094 2802 | 0000 498b | 87b8 0100 | 0048 8d78 | 1849 3bbf | c801 0000 | 0f87 ce08 
  0x000002288b78e7a4: 0000 4989 | bfb8 0100 | 0048 c700 | 0100 0000 | 488b ca49 | ba00 0000 | 9428 0200 | 0049 2bca 
  0x000002288b78e7c4: 8948 0848 | 33c9 8948 | 0c48 33c9 | 4889 4810 | 4c8b 8424 | f801 0000 

  0x000002288b78e7dc: ;   {oop(nullptr)}
  0x000002288b78e7dc: 49b9 0000 | 0000 0000 | 0000 488b | d048 8984 | 2410 0200 | 0066 0f1f 

  0x000002288b78e7f4: ;   {optimized virtual_call}
  0x000002288b78e7f4: 4400 00e8 

  0x000002288b78e7f8: ; ImmutableOopMap {[264]=Oop [280]=Oop [520]=Oop [528]=Oop }
                      ;*invokespecial <init> {reexecute=0 rethrow=0 return_oop=0}
                      ; - java.lang.String::<init>@3 (line 1507)
                      ; - java.lang.StringBuilder::toString@5 (line 475)
                      ; - java.util.Arrays::checkLength@30 (line 3821)
                      ; - java.util.Arrays::copyOfRangeByte@2 (line 3861)
                      ; - java.util.Arrays::copyOfRange@13 (line 3854)
                      ; - java.lang.String::<init>@378 (line 597)
  0x000002288b78e7f8: 8406 e3ff 

  0x000002288b78e7fc: ;   {other}
  0x000002288b78e7fc: 0f1f 8400 | ec26 0032 | 4c8b 8424 | 1002 0000 | 488b 9424 | 0802 0000 

  0x000002288b78e814: ;   {optimized virtual_call}
  0x000002288b78e814: 6666 90e8 

  0x000002288b78e818: ; ImmutableOopMap {[264]=Oop [280]=Oop [520]=Oop }
                      ;*invokespecial <init> {reexecute=0 rethrow=0 return_oop=0}
                      ; - java.util.Arrays::checkLength@33 (line 3821)
                      ; - java.util.Arrays::copyOfRangeByte@2 (line 3861)
                      ; - java.util.Arrays::copyOfRange@13 (line 3854)
                      ; - java.lang.String::<init>@378 (line 597)
  0x000002288b78e818: 6406 e3ff 

  0x000002288b78e81c: ;   {other}
  0x000002288b78e81c: 0f1f 8400 | 0c27 0033 | 488b 8424 | 0802 0000 | e9a1 0800 

  0x000002288b78e830: ;   {metadata('java/lang/IllegalArgumentException')}
  0x000002288b78e830: 0048 bac0 | c106 9428 | 0200 0049 | 8b87 b801 | 0000 488d | 7828 493b | bfc8 0100 | 000f 872e 
  0x000002288b78e850: 0800 0049 | 89bf b801 | 0000 48c7 | 0001 0000 | 0048 8bca | 49ba 0000 | 0094 2802 | 0000 492b 
  0x000002288b78e870: ca89 4808 | 4833 c989 | 480c 4833 | c948 8948 | 1048 8948 | 1848 8948 

  0x000002288b78e888: ;   {metadata('java/lang/StringBuilder')}
  0x000002288b78e888: 2048 ba18 | 8000 9428 | 0200 0048 | 8984 2420 | 0200 0049 | 8b87 b801 | 0000 488d | 7818 493b 
  0x000002288b78e8a8: bfc8 0100 | 000f 87db | 0700 0049 | 89bf b801 | 0000 48c7 | 0001 0000 | 0048 8bca | 49ba 0000 
  0x000002288b78e8c8: 0094 2802 | 0000 492b | ca89 4808 | 4833 c989 | 480c 4833 | c948 8948 | 1041 b810 | 0000 0048 
  0x000002288b78e8e8: 8bd0 4889 | 8424 1802 | 0000 0f1f 

  0x000002288b78e8f4: ;   {optimized virtual_call}
  0x000002288b78e8f4: 4400 00e8 

  0x000002288b78e8f8: ; ImmutableOopMap {[264]=Oop [280]=Oop [536]=Oop [544]=Oop }
                      ;*invokespecial <init> {reexecute=0 rethrow=0 return_oop=0}
                      ; - java.lang.StringBuilder::<init>@3 (line 106)
                      ; - java.util.Arrays::checkLength@13 (line 3821)
                      ; - java.util.Arrays::copyOfRangeByte@2 (line 3861)
                      ; - java.util.Arrays::copyOfRange@13 (line 3854)
                      ; - java.lang.String::<init>@66 (line 540)
  0x000002288b78e8f8: 8405 e3ff 

  0x000002288b78e8fc: ;   {other}
  0x000002288b78e8fc: 0f1f 8400 | ec27 0034 | 448b 8424 | 0001 0000 | 488b 9424 | 1802 0000 

  0x000002288b78e914: ;   {optimized virtual_call}
  0x000002288b78e914: 6666 90e8 

  0x000002288b78e918: ; ImmutableOopMap {[264]=Oop [280]=Oop [536]=Oop [544]=Oop }
                      ;*invokespecial append {reexecute=0 rethrow=0 return_oop=0}
                      ; - java.lang.StringBuilder::append@2 (line 253)
                      ; - java.util.Arrays::checkLength@17 (line 3821)
                      ; - java.util.Arrays::copyOfRangeByte@2 (line 3861)
                      ; - java.util.Arrays::copyOfRange@13 (line 3854)
                      ; - java.lang.String::<init>@66 (line 540)
  0x000002288b78e918: 6405 e3ff 

  0x000002288b78e91c: ;   {other}
  0x000002288b78e91c: 0f1f 8400 | 0c28 0035 

  0x000002288b78e924: ;   {oop(" > "{0x00000000fff48068})}
  0x000002288b78e924: 49b8 6880 | f4ff 0000 | 0000 488b | 9424 1802 

  0x000002288b78e934: ;   {optimized virtual_call}
  0x000002288b78e934: 0000 90e8 

  0x000002288b78e938: ; ImmutableOopMap {[264]=Oop [280]=Oop [536]=Oop [544]=Oop }
                      ;*invokespecial append {reexecute=0 rethrow=0 return_oop=0}
                      ; - java.lang.StringBuilder::append@2 (line 179)
                      ; - java.util.Arrays::checkLength@23 (line 3821)
                      ; - java.util.Arrays::copyOfRangeByte@2 (line 3861)
                      ; - java.util.Arrays::copyOfRange@13 (line 3854)
                      ; - java.lang.String::<init>@66 (line 540)
  0x000002288b78e938: 4405 e3ff 

  0x000002288b78e93c: ;   {other}
  0x000002288b78e93c: 0f1f 8400 | 2c28 0036 | 448b 8424 | 0401 0000 | 488b 9424 | 1802 0000 

  0x000002288b78e954: ;   {optimized virtual_call}
  0x000002288b78e954: 6666 90e8 

  0x000002288b78e958: ; ImmutableOopMap {[264]=Oop [280]=Oop [536]=Oop [544]=Oop }
                      ;*invokespecial append {reexecute=0 rethrow=0 return_oop=0}
                      ; - java.lang.StringBuilder::append@2 (line 253)
                      ; - java.util.Arrays::checkLength@27 (line 3821)
                      ; - java.util.Arrays::copyOfRangeByte@2 (line 3861)
                      ; - java.util.Arrays::copyOfRange@13 (line 3854)
                      ; - java.lang.String::<init>@66 (line 540)
  0x000002288b78e958: 2405 e3ff 

  0x000002288b78e95c: ;   {other}
  0x000002288b78e95c: 0f1f 8400 | 4c28 0037 

  0x000002288b78e964: ;   {metadata('java/lang/String')}
  0x000002288b78e964: 48ba 40e7 | 0094 2802 | 0000 498b | 87b8 0100 | 0048 8d78 | 1849 3bbf | c801 0000 | 0f87 1507 
  0x000002288b78e984: 0000 4989 | bfb8 0100 | 0048 c700 | 0100 0000 | 488b ca49 | ba00 0000 | 9428 0200 | 0049 2bca 
  0x000002288b78e9a4: 8948 0848 | 33c9 8948 | 0c48 33c9 | 4889 4810 | 4c8b 8424 | 1802 0000 

  0x000002288b78e9bc: ;   {oop(nullptr)}
  0x000002288b78e9bc: 49b9 0000 | 0000 0000 | 0000 488b | d048 8984 | 2428 0200 | 0066 0f1f 

  0x000002288b78e9d4: ;   {optimized virtual_call}
  0x000002288b78e9d4: 4400 00e8 

  0x000002288b78e9d8: ; ImmutableOopMap {[264]=Oop [280]=Oop [544]=Oop [552]=Oop }
                      ;*invokespecial <init> {reexecute=0 rethrow=0 return_oop=0}
                      ; - java.lang.String::<init>@3 (line 1507)
                      ; - java.lang.StringBuilder::toString@5 (line 475)
                      ; - java.util.Arrays::checkLength@30 (line 3821)
                      ; - java.util.Arrays::copyOfRangeByte@2 (line 3861)
                      ; - java.util.Arrays::copyOfRange@13 (line 3854)
                      ; - java.lang.String::<init>@66 (line 540)
  0x000002288b78e9d8: a404 e3ff 

  0x000002288b78e9dc: ;   {other}
  0x000002288b78e9dc: 0f1f 8400 | cc28 0038 | 4c8b 8424 | 2802 0000 | 488b 9424 | 2002 0000 

  0x000002288b78e9f4: ;   {optimized virtual_call}
  0x000002288b78e9f4: 6666 90e8 

  0x000002288b78e9f8: ; ImmutableOopMap {[264]=Oop [280]=Oop [544]=Oop }
                      ;*invokespecial <init> {reexecute=0 rethrow=0 return_oop=0}
                      ; - java.util.Arrays::checkLength@33 (line 3821)
                      ; - java.util.Arrays::copyOfRangeByte@2 (line 3861)
                      ; - java.util.Arrays::copyOfRange@13 (line 3854)
                      ; - java.lang.String::<init>@66 (line 540)
  0x000002288b78e9f8: 8404 e3ff 

  0x000002288b78e9fc: ;   {other}
  0x000002288b78e9fc: 0f1f 8400 | ec28 0039 | 488b 8424 | 2002 0000 | e9c1 0600 | 0049 8b87 | f804 0000 | 4d33 d24d 
  0x000002288b78ea1c: 8997 f804 | 0000 4d33 | d24d 8997 | 0005 0000 

  0x000002288b78ea2c: ;   {metadata('java/lang/Error')}
  0x000002288b78ea2c: 4c8b c048 | bac8 0701 | 9428 0200 | 0049 8b87 | b801 0000 | 488d 7828 | 493b bfc8 | 0100 000f 
  0x000002288b78ea4c: 8757 0600 | 0049 89bf | b801 0000 | 48c7 0001 | 0000 0048 | 8bca 49ba | 0000 0094 | 2802 0000 
  0x000002288b78ea6c: 492b ca89 | 4808 4833 | c989 480c | 4833 c948 | 8948 1048 | 8948 1848 | 8948 2048 | 8bd0 4889 
  0x000002288b78ea8c: 8424 3002 | 0000 0f1f 

  0x000002288b78ea94: ;   {optimized virtual_call}
  0x000002288b78ea94: 4400 00e8 

  0x000002288b78ea98: ; ImmutableOopMap {[560]=Oop }
                      ;*invokespecial <init> {reexecute=0 rethrow=0 return_oop=0}
                      ; - java.lang.String::<init>@835 (line 684)
  0x000002288b78ea98: e403 e3ff 

  0x000002288b78ea9c: ;   {other}
  0x000002288b78ea9c: 0f1f 8400 | 8c29 003a | 488b 8424 | 3002 0000 | e921 0600 

  0x000002288b78eab0: ;   {runtime_call throw_null_pointer_exception Runtime1 stub}
  0x000002288b78eab0: 00e8 6a82 

  0x000002288b78eab4: ; ImmutableOopMap {rdx=Oop r9=Oop [264]=Oop [280]=Oop }
                      ;*baload {reexecute=0 rethrow=0 return_oop=0}
                      ; - java.lang.StringCoding::countPositives@16 (line 53)
                      ; - java.lang.String::<init>@47 (line 538)
                      ;   {runtime_call throw_null_pointer_exception Runtime1 stub}
  0x000002288b78eab4: efff e865 

  0x000002288b78eab8: ; ImmutableOopMap {rdx=Oop r9=Oop [264]=Oop [280]=Oop }
                      ;*baload {reexecute=0 rethrow=0 return_oop=0}
                      ; - java.lang.StringCoding::countPositives@16 (line 53)
                      ; - java.lang.String::<init>@47 (line 538)
  0x000002288b78eab8: 82ef ff48 | 891c 244c | 894c 2408 

  0x000002288b78eac4: ;   {runtime_call throw_range_check_failed Runtime1 stub}
  0x000002288b78eac4: e857 79ef 

  0x000002288b78eac8: ; ImmutableOopMap {rdx=Oop r9=Oop [264]=Oop [280]=Oop }
                      ;*baload {reexecute=0 rethrow=0 return_oop=0}
                      ; - java.lang.StringCoding::countPositives@16 (line 53)
                      ; - java.lang.String::<init>@47 (line 538)
                      ;   {runtime_call throw_null_pointer_exception Runtime1 stub}
  0x000002288b78eac8: ffe8 5282 

  0x000002288b78eacc: ; ImmutableOopMap {rdx=Oop r9=Oop [264]=Oop [280]=Oop }
                      ;*arraylength {reexecute=0 rethrow=0 return_oop=0}
                      ; - java.util.Arrays::copyOfRange@6 (line 3853)
                      ; - java.lang.String::<init>@66 (line 540)
                      ;   {runtime_call new_type_array Runtime1 stub}
  0x000002288b78eacc: efff e82d 

  0x000002288b78ead0: ; ImmutableOopMap {r9=Oop [264]=Oop [280]=Oop }
                      ;*newarray {reexecute=0 rethrow=0 return_oop=0}
                      ; - java.lang.String::<init>@86 (line 545)
  0x000002288b78ead0: 95ef ffe9 | 1cde ffff | 0f1f 8000 

  0x000002288b78eadc: ;   {static_call}
  0x000002288b78eadc: 0000 00e8 

  0x000002288b78eae0: ; ImmutableOopMap {[264]=Oop [272]=Oop [280]=Oop }
                      ;*invokestatic arraycopy {reexecute=0 rethrow=0 return_oop=0}
                      ; - java.lang.String::<init>@102 (line 547)
  0x000002288b78eae0: 9c0d e3ff | e9b4 deff 

  0x000002288b78eae8: ;   {runtime_call throw_null_pointer_exception Runtime1 stub}
  0x000002288b78eae8: ffe8 3282 

  0x000002288b78eaec: ; ImmutableOopMap {rax=Oop r9=Oop [264]=Oop [272]=Oop [280]=Oop }
                      ;*baload {reexecute=0 rethrow=0 return_oop=0}
                      ; - java.lang.String::<init>@121 (line 551)
                      ;   {runtime_call throw_null_pointer_exception Runtime1 stub}
  0x000002288b78eaec: efff e82d 

  0x000002288b78eaf0: ; ImmutableOopMap {rax=Oop r9=Oop [264]=Oop [272]=Oop [280]=Oop }
                      ;*baload {reexecute=0 rethrow=0 return_oop=0}
                      ; - java.lang.String::<init>@121 (line 551)
  0x000002288b78eaf0: 82ef ff48 | 893c 244c | 894c 2408 

  0x000002288b78eafc: ;   {runtime_call throw_range_check_failed Runtime1 stub}
  0x000002288b78eafc: e81f 79ef 

  0x000002288b78eb00: ; ImmutableOopMap {rax=Oop r9=Oop [264]=Oop [272]=Oop [280]=Oop }
                      ;*baload {reexecute=0 rethrow=0 return_oop=0}
                      ; - java.lang.String::<init>@121 (line 551)
  0x000002288b78eb00: ff48 8914 | 244c 894c 

  0x000002288b78eb08: ;   {runtime_call throw_range_check_failed Runtime1 stub}
  0x000002288b78eb08: 2408 e811 

  0x000002288b78eb0c: ; ImmutableOopMap {rax=Oop r9=Oop [264]=Oop [272]=Oop [280]=Oop }
                      ;*baload {reexecute=0 rethrow=0 return_oop=0}
                      ; - java.lang.String::<init>@163 (line 557)
  0x000002288b78eb0c: 79ef ff48 | 891c 2448 | 8944 2408 

  0x000002288b78eb18: ;   {runtime_call throw_range_check_failed Runtime1 stub}
  0x000002288b78eb18: e803 79ef 

  0x000002288b78eb1c: ; ImmutableOopMap {rax=Oop r9=Oop [264]=Oop [272]=Oop [280]=Oop }
                      ;*bastore {reexecute=0 rethrow=0 return_oop=0}
                      ; - java.lang.String::<init>@188 (line 559)
  0x000002288b78eb1c: ff48 891c | 2448 8944 

  0x000002288b78eb24: ;   {runtime_call throw_range_check_failed Runtime1 stub}
  0x000002288b78eb24: 2408 e8f5 

  0x000002288b78eb28: ; ImmutableOopMap {rax=Oop r9=Oop [264]=Oop [272]=Oop [280]=Oop }
                      ;*bastore {reexecute=0 rethrow=0 return_oop=0}
                      ; - java.lang.String::<init>@139 (line 553)
  0x000002288b78eb28: 78ef ff48 

  0x000002288b78eb2c: ;   {runtime_call throw_class_cast_exception Runtime1 stub}
  0x000002288b78eb2c: 8904 24e8 

  0x000002288b78eb30: ; ImmutableOopMap {[280]=Oop }
                      ;*checkcast {reexecute=0 rethrow=0 return_oop=0}
                      ; - java.util.Arrays::copyOf@10 (line 3539)
                      ; - java.lang.String::<init>@219 (line 571)
  0x000002288b78eb30: ecad efff 

  0x000002288b78eb34: ;   {runtime_call new_type_array Runtime1 stub}
  0x000002288b78eb34: e8c7 94ef 

  0x000002288b78eb38: ; ImmutableOopMap {r11=Oop [272]=Oop [280]=Oop }
                      ;*newarray {reexecute=0 rethrow=0 return_oop=0}
                      ; - java.util.Arrays::copyOf@15 (line 3541)
                      ; - java.lang.String::<init>@219 (line 571)
  0x000002288b78eb38: ffe9 d5e0 

  0x000002288b78eb3c: ;   {static_call}
  0x000002288b78eb3c: ffff 90e8 

  0x000002288b78eb40: ; ImmutableOopMap {[280]=Oop [288]=Oop }
                      ;*invokestatic arraycopy {reexecute=0 rethrow=0 return_oop=0}
                      ; - java.util.Arrays::copyOf@28 (line 3542)
                      ; - java.lang.String::<init>@219 (line 571)
  0x000002288b78eb40: 3c0d e3ff | e941 e1ff 

  0x000002288b78eb48: ;   {runtime_call throw_null_pointer_exception Runtime1 stub}
  0x000002288b78eb48: ffe8 d281 

  0x000002288b78eb4c: ; ImmutableOopMap {r8=Oop [280]=Oop }
                      ;*arraylength {reexecute=0 rethrow=0 return_oop=0}
                      ; - java.util.Arrays::copyOf@2 (line 3538)
                      ; - java.lang.String::<init>@285 (line 582)
  0x000002288b78eb4c: efff 4889 

  0x000002288b78eb50: ;   {runtime_call throw_class_cast_exception Runtime1 stub}
  0x000002288b78eb50: 0424 e8c9 

  0x000002288b78eb54: ; ImmutableOopMap {[280]=Oop }
                      ;*checkcast {reexecute=0 rethrow=0 return_oop=0}
                      ; - java.util.Arrays::copyOf@10 (line 3539)
                      ; - java.lang.String::<init>@285 (line 582)
                      ;   {runtime_call new_type_array Runtime1 stub}
  0x000002288b78eb54: adef ffe8 

  0x000002288b78eb58: ; ImmutableOopMap {r8=Oop [280]=Oop }
                      ;*newarray {reexecute=0 rethrow=0 return_oop=0}
                      ; - java.util.Arrays::copyOf@15 (line 3541)
                      ; - java.lang.String::<init>@285 (line 582)
  0x000002288b78eb58: a494 efff | e9ec e2ff | ff66 0f1f 

  0x000002288b78eb64: ;   {static_call}
  0x000002288b78eb64: 4400 00e8 

  0x000002288b78eb68: ; ImmutableOopMap {[280]=Oop [312]=Oop }
                      ;*invokestatic arraycopy {reexecute=0 rethrow=0 return_oop=0}
                      ; - java.util.Arrays::copyOf@28 (line 3542)
                      ; - java.lang.String::<init>@285 (line 582)
  0x000002288b78eb68: 140d e3ff | e950 e3ff 

  0x000002288b78eb70: ;   {runtime_call throw_null_pointer_exception Runtime1 stub}
  0x000002288b78eb70: ffe8 aa81 

  0x000002288b78eb74: ; ImmutableOopMap {r9=Oop [264]=Oop [280]=Oop }
                      ;*arraylength {reexecute=0 rethrow=0 return_oop=0}
                      ; - java.util.Arrays::copyOfRange@6 (line 3853)
                      ; - java.lang.String::<init>@378 (line 597)
                      ;   {runtime_call new_type_array Runtime1 stub}
  0x000002288b78eb74: efff e885 

  0x000002288b78eb78: ; ImmutableOopMap {r9=Oop [264]=Oop [280]=Oop }
                      ;*newarray {reexecute=0 rethrow=0 return_oop=0}
                      ; - java.util.Arrays::copyOfRangeByte@10 (line 3863)
                      ; - java.util.Arrays::copyOfRange@13 (line 3854)
                      ; - java.lang.String::<init>@378 (line 597)
  0x000002288b78eb78: 94ef ffe9 | 30e4 ffff 

  0x000002288b78eb80: ;   {runtime_call throw_null_pointer_exception Runtime1 stub}
  0x000002288b78eb80: e89b 81ef 

  0x000002288b78eb84: ; ImmutableOopMap {r9=Oop rax=Oop [264]=Oop [280]=Oop }
                      ;*arraylength {reexecute=0 rethrow=0 return_oop=0}
                      ; - java.util.Arrays::copyOfRangeByte@20 (line 3864)
                      ; - java.util.Arrays::copyOfRange@13 (line 3854)
                      ; - java.lang.String::<init>@378 (line 597)
                      ;   {static_call}
  0x000002288b78eb84: ff66 90e8 

  0x000002288b78eb88: ; ImmutableOopMap {[280]=Oop [320]=Oop }
                      ;*invokestatic arraycopy {reexecute=0 rethrow=0 return_oop=0}
                      ; - java.util.Arrays::copyOfRangeByte@27 (line 3864)
                      ; - java.util.Arrays::copyOfRange@13 (line 3854)
                      ; - java.lang.String::<init>@378 (line 597)
  0x000002288b78eb88: f40c e3ff | e9a0 e4ff | ff48 8904 

  0x000002288b78eb94: ;   {runtime_call throw_class_cast_exception Runtime1 stub}
  0x000002288b78eb94: 24e8 86ad 

  0x000002288b78eb98: ; ImmutableOopMap {[280]=Oop }
                      ;*checkcast {reexecute=0 rethrow=0 return_oop=0}
                      ; - java.util.Arrays::copyOfRange@21 (line 3856)
                      ; - java.lang.String::<init>@378 (line 597)
                      ;   {runtime_call throw_null_pointer_exception Runtime1 stub}
  0x000002288b78eb98: efff e881 

  0x000002288b78eb9c: ; ImmutableOopMap {r9=Oop [264]=Oop [280]=Oop }
                      ;*arraylength {reexecute=0 rethrow=0 return_oop=0}
                      ; - java.util.Arrays::copyOfRange@6 (line 3853)
                      ; - java.lang.String::<init>@441 (line 605)
                      ;   {runtime_call new_type_array Runtime1 stub}
  0x000002288b78eb9c: 81ef ffe8 

  0x000002288b78eba0: ; ImmutableOopMap {r9=Oop [264]=Oop [280]=Oop }
                      ;*newarray {reexecute=0 rethrow=0 return_oop=0}
                      ; - java.util.Arrays::copyOfRangeByte@10 (line 3863)
                      ; - java.util.Arrays::copyOfRange@13 (line 3854)
                      ; - java.lang.String::<init>@441 (line 605)
  0x000002288b78eba0: 5c94 efff | e91d e6ff 

  0x000002288b78eba8: ;   {runtime_call throw_null_pointer_exception Runtime1 stub}
  0x000002288b78eba8: ffe8 7281 

  0x000002288b78ebac: ; ImmutableOopMap {r9=Oop rax=Oop [264]=Oop [280]=Oop }
                      ;*arraylength {reexecute=0 rethrow=0 return_oop=0}
                      ; - java.util.Arrays::copyOfRangeByte@20 (line 3864)
                      ; - java.util.Arrays::copyOfRange@13 (line 3854)
                      ; - java.lang.String::<init>@441 (line 605)
                      ;   {static_call}
  0x000002288b78ebac: efff 90e8 

  0x000002288b78ebb0: ; ImmutableOopMap {[280]=Oop [328]=Oop }
                      ;*invokestatic arraycopy {reexecute=0 rethrow=0 return_oop=0}
                      ; - java.util.Arrays::copyOfRangeByte@27 (line 3864)
                      ; - java.util.Arrays::copyOfRange@13 (line 3854)
                      ; - java.lang.String::<init>@441 (line 605)
  0x000002288b78ebb0: cc0c e3ff | e98e e6ff | ff48 8904 

  0x000002288b78ebbc: ;   {runtime_call throw_class_cast_exception Runtime1 stub}
  0x000002288b78ebbc: 24e8 5ead 

  0x000002288b78ebc0: ; ImmutableOopMap {[280]=Oop }
                      ;*checkcast {reexecute=0 rethrow=0 return_oop=0}
                      ; - java.util.Arrays::copyOfRange@21 (line 3856)
                      ; - java.lang.String::<init>@441 (line 605)
                      ;   {runtime_call throw_null_pointer_exception Runtime1 stub}
  0x000002288b78ebc0: efff e859 

  0x000002288b78ebc4: ; ImmutableOopMap {rax=Oop r9=Oop [264]=Oop [280]=Oop }
                      ;*baload {reexecute=0 rethrow=0 return_oop=0}
                      ; - java.lang.String::<init>@477 (line 611)
                      ;   {runtime_call throw_null_pointer_exception Runtime1 stub}
  0x000002288b78ebc4: 81ef ffe8 

  0x000002288b78ebc8: ; ImmutableOopMap {rax=Oop r9=Oop [264]=Oop [280]=Oop }
                      ;*baload {reexecute=0 rethrow=0 return_oop=0}
                      ; - java.lang.String::<init>@477 (line 611)
  0x000002288b78ebc8: 5481 efff | 4889 3c24 | 4c89 4c24 

  0x000002288b78ebd4: ;   {runtime_call throw_range_check_failed Runtime1 stub}
  0x000002288b78ebd4: 08e8 4678 

  0x000002288b78ebd8: ; ImmutableOopMap {rax=Oop r9=Oop [264]=Oop [280]=Oop }
                      ;*baload {reexecute=0 rethrow=0 return_oop=0}
                      ; - java.lang.String::<init>@477 (line 611)
                      ;   {runtime_call throw_null_pointer_exception Runtime1 stub}
  0x000002288b78ebd8: efff e841 

  0x000002288b78ebdc: ; ImmutableOopMap {rax=Oop r9=Oop [264]=Oop [280]=Oop }
                      ;*invokestatic putChar {reexecute=0 rethrow=0 return_oop=0}
                      ; - java.lang.String::<init>@500 (line 612)
                      ;   {metadata('sun/nio/cs/ArrayDecoder')}
  0x000002288b78ebdc: 81ef ff48 | bb88 ee0b | 9428 0200 | 00b8 000f 

  0x000002288b78ebec: ;   {runtime_call load_klass_patching Runtime1 stub}
  0x000002288b78ebec: 050a e80d 

  0x000002288b78ebf0: ; ImmutableOopMap {rax=Oop [264]=Oop [280]=Oop [336]=Oop }
                      ;*instanceof {reexecute=1 rethrow=0 return_oop=0}
                      ; - (reexecute) java.lang.String::<init>@528 (line 628)
  0x000002288b78ebf0: cdef ffe9 | 78e7 ffff 

  0x000002288b78ebf8: ;   {metadata('sun/nio/cs/ArrayDecoder')}
  0x000002288b78ebf8: 48bb 88ee | 0b94 2802 | 0000 b800 

  0x000002288b78ec04: ;   {runtime_call load_klass_patching Runtime1 stub}
  0x000002288b78ec04: 0f05 0ae8 

  0x000002288b78ec08: ; ImmutableOopMap {rax=Oop [264]=Oop [280]=Oop }
                      ;*checkcast {reexecute=1 rethrow=0 return_oop=0}
                      ; - (reexecute) java.lang.String::<init>@536 (line 628)
  0x000002288b78ec08: f4cc efff | e9cf e7ff | ff48 8904 

  0x000002288b78ec14: ;   {runtime_call throw_class_cast_exception Runtime1 stub}
  0x000002288b78ec14: 24e8 06ad 

  0x000002288b78ec18: ; ImmutableOopMap {rax=Oop [264]=Oop [280]=Oop }
                      ;*checkcast {reexecute=0 rethrow=0 return_oop=0}
                      ; - java.lang.String::<init>@536 (line 628)
                      ;   {runtime_call new_type_array Runtime1 stub}
  0x000002288b78ec18: efff e8e1 

  0x000002288b78ec1c: ; ImmutableOopMap {[264]=Oop [280]=Oop [344]=Oop }
                      ;*newarray {reexecute=0 rethrow=0 return_oop=0}
                      ; - java.lang.String::<init>@680 (line 653)
  0x000002288b78ec1c: 93ef ffe9 | fbe9 ffff 

  0x000002288b78ec24: ;   {runtime_call new_type_array Runtime1 stub}
  0x000002288b78ec24: e8d7 93ef 

  0x000002288b78ec28: ; ImmutableOopMap {[280]=Oop [376]=Oop }
                      ;*newarray {reexecute=0 rethrow=0 return_oop=0}
                      ; - java.lang.StringUTF16::compress@1 (line 161)
                      ; - java.lang.String::<init>@710 (line 656)
  0x000002288b78ec28: ffe9 c8ea | ffff 4889 | 3424 4889 

  0x000002288b78ec34: ;   {runtime_call throw_range_check_failed Runtime1 stub}
  0x000002288b78ec34: 5c24 08e8 

  0x000002288b78ec38: ; ImmutableOopMap {rax=Oop rbx=Oop [280]=Oop }
                      ;*caload {reexecute=0 rethrow=0 return_oop=0}
                      ; - java.lang.StringUTF16::toBytes@19 (line 154)
                      ; - java.lang.String::<init>@743 (line 664)
  0x000002288b78ec38: e477 efff 

  0x000002288b78ec3c: ;   {runtime_call throw_null_pointer_exception Runtime1 stub}
  0x000002288b78ec3c: e8df 80ef 

  0x000002288b78ec40: ; ImmutableOopMap {rax=Oop rbx=Oop [280]=Oop }
                      ;*invokestatic putChar {reexecute=0 rethrow=0 return_oop=0}
                      ; - java.lang.StringUTF16::toBytes@20 (line 154)
                      ; - java.lang.String::<init>@743 (line 664)
                      ;   {runtime_call throw_null_pointer_exception Runtime1 stub}
  0x000002288b78ec40: ffe8 da80 

  0x000002288b78ec44: ; ImmutableOopMap {r9=Oop [264]=Oop [280]=Oop }
                      ;*arraylength {reexecute=0 rethrow=0 return_oop=0}
                      ; - java.util.Arrays::copyOfRange@6 (line 3853)
                      ; - java.lang.String::<init>@574 (line 632)
                      ;   {runtime_call new_type_array Runtime1 stub}
  0x000002288b78ec44: efff e8b5 

  0x000002288b78ec48: ; ImmutableOopMap {[264]=Oop [280]=Oop [336]=Oop [352]=Oop }
                      ;*newarray {reexecute=0 rethrow=0 return_oop=0}
                      ; - java.lang.String::<init>@779 (line 672)
  0x000002288b78ec48: 93ef ffe9 | 07ed ffff 

  0x000002288b78ec50: ;   {runtime_call throw_null_pointer_exception Runtime1 stub}
  0x000002288b78ec50: e8cb 80ef 

  0x000002288b78ec54: ; ImmutableOopMap {rax=Oop [264]=Oop [280]=Oop [352]=Oop }
                      ;*invokevirtual getClassLoader0 {reexecute=0 rethrow=0 return_oop=0}
                      ; - java.lang.String::<init>@787 (line 673)
                      ;   {runtime_call new_type_array Runtime1 stub}
  0x000002288b78ec54: ffe8 a693 

  0x000002288b78ec58: ; ImmutableOopMap {[280]=Oop [408]=Oop }
                      ;*newarray {reexecute=0 rethrow=0 return_oop=0}
                      ; - java.lang.StringUTF16::compress@1 (line 161)
                      ; - java.lang.String::<init>@850 (line 687)
  0x000002288b78ec58: efff e9ef | edff ff48 | 8914 2448 | 897c 2408 

  0x000002288b78ec68: ;   {runtime_call throw_range_check_failed Runtime1 stub}
  0x000002288b78ec68: e8b3 77ef 

  0x000002288b78ec6c: ; ImmutableOopMap {rax=Oop rdi=Oop [280]=Oop }
                      ;*caload {reexecute=0 rethrow=0 return_oop=0}
                      ; - java.lang.StringUTF16::toBytes@19 (line 154)
                      ; - java.lang.String::<init>@883 (line 695)
                      ;   {runtime_call throw_null_pointer_exception Runtime1 stub}
  0x000002288b78ec6c: ffe8 ae80 

  0x000002288b78ec70: ; ImmutableOopMap {rax=Oop rdi=Oop [280]=Oop }
                      ;*invokestatic putChar {reexecute=0 rethrow=0 return_oop=0}
                      ; - java.lang.StringUTF16::toBytes@20 (line 154)
                      ; - java.lang.String::<init>@883 (line 695)
  0x000002288b78ec70: efff 8b5a | 1448 83fb | 000f 84b2 | eeff ff48 

  0x000002288b78ec80: ;   {runtime_call g1_pre_barrier_slow}
  0x000002288b78ec80: 891c 24e8 | f8e9 efff | e9a4 eeff | ff48 83f8 | 000f 84b5 | eeff ff48 

  0x000002288b78ec98: ;   {runtime_call g1_post_barrier_slow}
  0x000002288b78ec98: 8914 24e8 | 60ed efff | e9a7 eeff | ff8b 5a14 | 4883 fb00 | 0f84 acee | ffff 4889 

  0x000002288b78ecb4: ;   {runtime_call g1_pre_barrier_slow}
  0x000002288b78ecb4: 1c24 e8c5 | e9ef ffe9 | 9eee ffff | 4883 fe00 | 0f84 afee | ffff 4889 

  0x000002288b78eccc: ;   {runtime_call g1_post_barrier_slow}
  0x000002288b78eccc: 1424 e82d | edef ffe9 | a1ee ffff 

  0x000002288b78ecd8: ;   {internal_word}
  0x000002288b78ecd8: 49ba 85db | 788b 2802 | 0000 4d89 | 9760 0400 

  0x000002288b78ece8: ;   {runtime_call SafepointBlob}
  0x000002288b78ece8: 00e9 927e 

  0x000002288b78ecec: ;   {runtime_call new_type_array Runtime1 stub}
  0x000002288b78ecec: e3ff e80d 

  0x000002288b78ecf0: ; ImmutableOopMap {r9=Oop [264]=Oop [280]=Oop }
                      ;*newarray {reexecute=0 rethrow=0 return_oop=0}
                      ; - java.util.Arrays::copyOfRangeByte@10 (line 3863)
                      ; - java.util.Arrays::copyOfRange@13 (line 3854)
                      ; - java.lang.String::<init>@574 (line 632)
  0x000002288b78ecf0: 93ef ffe9 | 35ef ffff 

  0x000002288b78ecf8: ;   {runtime_call throw_null_pointer_exception Runtime1 stub}
  0x000002288b78ecf8: e823 80ef 

  0x000002288b78ecfc: ; ImmutableOopMap {r9=Oop rax=Oop [264]=Oop [280]=Oop }
                      ;*arraylength {reexecute=0 rethrow=0 return_oop=0}
                      ; - java.util.Arrays::copyOfRangeByte@20 (line 3864)
                      ; - java.util.Arrays::copyOfRange@13 (line 3854)
                      ; - java.lang.String::<init>@574 (line 632)
                      ;   {static_call}
  0x000002288b78ecfc: ff66 90e8 

  0x000002288b78ed00: ; ImmutableOopMap {[280]=Oop [424]=Oop }
                      ;*invokestatic arraycopy {reexecute=0 rethrow=0 return_oop=0}
                      ; - java.util.Arrays::copyOfRangeByte@27 (line 3864)
                      ; - java.util.Arrays::copyOfRange@13 (line 3854)
                      ; - java.lang.String::<init>@574 (line 632)
  0x000002288b78ed00: 7c0b e3ff | e9ae efff | ff48 8904 

  0x000002288b78ed0c: ;   {runtime_call throw_class_cast_exception Runtime1 stub}
  0x000002288b78ed0c: 24e8 0eac 

  0x000002288b78ed10: ; ImmutableOopMap {[280]=Oop }
                      ;*checkcast {reexecute=0 rethrow=0 return_oop=0}
                      ; - java.util.Arrays::copyOfRange@21 (line 3856)
                      ; - java.lang.String::<init>@574 (line 632)
  0x000002288b78ed10: efff 8b5a | 1448 83fb | 000f 8412 | f0ff ff48 

  0x000002288b78ed20: ;   {runtime_call g1_pre_barrier_slow}
  0x000002288b78ed20: 891c 24e8 | 58e9 efff | e904 f0ff | ff48 83f8 | 000f 8415 | f0ff ff48 

  0x000002288b78ed38: ;   {runtime_call g1_post_barrier_slow}
  0x000002288b78ed38: 8914 24e8 | c0ec efff | e907 f0ff 

  0x000002288b78ed44: ;   {internal_word}
  0x000002288b78ed44: ff49 ba58 | dd78 8b28 | 0200 004d | 8997 6004 

  0x000002288b78ed54: ;   {runtime_call SafepointBlob}
  0x000002288b78ed54: 0000 e925 | 7ee3 ff8b | 5a14 4883 | fb00 0f84 | 13f0 ffff | 4889 1c24 

  0x000002288b78ed6c: ;   {runtime_call g1_pre_barrier_slow}
  0x000002288b78ed6c: e80f e9ef | ffe9 05f0 | ffff 4883 | f800 0f84 | 16f0 ffff | 4889 1424 

  0x000002288b78ed84: ;   {runtime_call g1_post_barrier_slow}
  0x000002288b78ed84: e877 ecef | ffe9 08f0 

  0x000002288b78ed8c: ;   {internal_word}
  0x000002288b78ed8c: ffff 49ba | 9edd 788b | 2802 0000 | 4d89 9760 

  0x000002288b78ed9c: ;   {runtime_call SafepointBlob}
  0x000002288b78ed9c: 0400 00e9 | dc7d e3ff | 8b5a 1448 | 83fb 000f | 8408 f0ff | ff48 891c 

  0x000002288b78edb4: ;   {runtime_call g1_pre_barrier_slow}
  0x000002288b78edb4: 24e8 c6e8 | efff e9fa | efff ff48 | 83fe 000f | 840b f0ff | ff48 8914 

  0x000002288b78edcc: ;   {runtime_call g1_post_barrier_slow}
  0x000002288b78edcc: 24e8 2eec | efff e9fd 

  0x000002288b78edd4: ;   {internal_word}
  0x000002288b78edd4: efff ff49 | bae0 dd78 | 8b28 0200 | 004d 8997 | 6004 0000 

  0x000002288b78ede8: ;   {runtime_call SafepointBlob}
  0x000002288b78ede8: e993 7de3 

  0x000002288b78edec: ;   {runtime_call new_type_array Runtime1 stub}
  0x000002288b78edec: ffe8 0e92 

  0x000002288b78edf0: ; ImmutableOopMap {r13=Oop r9=Oop [264]=Oop [280]=Oop }
                      ;*newarray {reexecute=0 rethrow=0 return_oop=0}
                      ; - java.lang.String::<init>@621 (line 643)
  0x000002288b78edf0: efff e99e | f0ff ff8b | 5a14 4883 | fb00 0f84 | ddf0 ffff | 4889 1c24 

  0x000002288b78ee08: ;   {runtime_call g1_pre_barrier_slow}
  0x000002288b78ee08: e873 e8ef | ffe9 cff0 | ffff 4883 | f800 0f84 | e8f0 ffff | 4889 1424 

  0x000002288b78ee20: ;   {runtime_call g1_post_barrier_slow}
  0x000002288b78ee20: e8db ebef | ffe9 daf0 

  0x000002288b78ee28: ;   {internal_word}
  0x000002288b78ee28: ffff 49ba | 10df 788b | 2802 0000 | 4d89 9760 

  0x000002288b78ee38: ;   {runtime_call SafepointBlob}
  0x000002288b78ee38: 0400 00e9 | 407d e3ff | 8b5a 1448 | 83fb 000f | 84e6 f0ff | ff48 891c 

  0x000002288b78ee50: ;   {runtime_call g1_pre_barrier_slow}
  0x000002288b78ee50: 24e8 2ae8 | efff e9d8 | f0ff ff48 | 83f8 000f | 84e9 f0ff | ff48 8914 

  0x000002288b78ee68: ;   {runtime_call g1_post_barrier_slow}
  0x000002288b78ee68: 24e8 92eb | efff e9db | f0ff ff8b | 5a14 4883 | fb00 0f84 | ecf0 ffff | 4889 1c24 

  0x000002288b78ee84: ;   {runtime_call g1_pre_barrier_slow}
  0x000002288b78ee84: e8f7 e7ef | ffe9 def0 | ffff 4883 | f800 0f84 | eff0 ffff | 4889 1424 

  0x000002288b78ee9c: ;   {runtime_call g1_post_barrier_slow}
  0x000002288b78ee9c: e85f ebef | ffe9 e1f0 | ffff 8b5a | 1448 83fb | 000f 84f2 | f0ff ff48 

  0x000002288b78eeb4: ;   {runtime_call g1_pre_barrier_slow}
  0x000002288b78eeb4: 891c 24e8 | c4e7 efff | e9e4 f0ff | ff48 83f8 | 000f 84f5 | f0ff ff48 

  0x000002288b78eecc: ;   {runtime_call g1_post_barrier_slow}
  0x000002288b78eecc: 8914 24e8 | 2ceb efff | e9e7 f0ff | ff8b 5a14 | 4883 fb00 | 0f84 f8f0 | ffff 4889 

  0x000002288b78eee8: ;   {runtime_call g1_pre_barrier_slow}
  0x000002288b78eee8: 1c24 e891 | e7ef ffe9 | eaf0 ffff | 4883 f800 | 0f84 fbf0 | ffff 4889 

  0x000002288b78ef00: ;   {runtime_call g1_post_barrier_slow}
  0x000002288b78ef00: 1424 e8f9 | eaef ffe9 | edf0 ffff | 8b5a 1448 | 83fb 000f | 8401 f1ff | ff48 891c 

  0x000002288b78ef1c: ;   {runtime_call g1_pre_barrier_slow}
  0x000002288b78ef1c: 24e8 5ee7 | efff e9f3 | f0ff ff48 | 83f8 000f | 8404 f1ff | ff48 8914 

  0x000002288b78ef34: ;   {runtime_call g1_post_barrier_slow}
  0x000002288b78ef34: 24e8 c6ea | efff e9f6 

  0x000002288b78ef3c: ;   {internal_word}
  0x000002288b78ef3c: f0ff ff49 | ba41 e078 | 8b28 0200 | 004d 8997 | 6004 0000 

  0x000002288b78ef50: ;   {runtime_call SafepointBlob}
  0x000002288b78ef50: e92b 7ce3 

  0x000002288b78ef54: ;   {runtime_call new_type_array Runtime1 stub}
  0x000002288b78ef54: ffe8 a690 

  0x000002288b78ef58: ; ImmutableOopMap {r9=Oop [264]=Oop [280]=Oop }
                      ;*newarray {reexecute=0 rethrow=0 return_oop=0}
                      ; - java.util.Arrays::copyOfRangeByte@10 (line 3863)
                      ; - java.util.Arrays::copyOfRange@13 (line 3854)
                      ; - java.lang.String::<init>@66 (line 540)
  0x000002288b78ef58: efff e98f 

  0x000002288b78ef5c: ;   {runtime_call throw_null_pointer_exception Runtime1 stub}
  0x000002288b78ef5c: f1ff ffe8 

  0x000002288b78ef60: ; ImmutableOopMap {r9=Oop rax=Oop [264]=Oop [280]=Oop }
                      ;*arraylength {reexecute=0 rethrow=0 return_oop=0}
                      ; - java.util.Arrays::copyOfRangeByte@20 (line 3864)
                      ; - java.util.Arrays::copyOfRange@13 (line 3854)
                      ; - java.lang.String::<init>@66 (line 540)
  0x000002288b78ef60: bc7d efff 

  0x000002288b78ef64: ;   {static_call}
  0x000002288b78ef64: 6666 90e8 

  0x000002288b78ef68: ; ImmutableOopMap {[280]=Oop [440]=Oop }
                      ;*invokestatic arraycopy {reexecute=0 rethrow=0 return_oop=0}
                      ; - java.util.Arrays::copyOfRangeByte@27 (line 3864)
                      ; - java.util.Arrays::copyOfRange@13 (line 3854)
                      ; - java.lang.String::<init>@66 (line 540)
  0x000002288b78ef68: 1409 e3ff | e907 f2ff | ff48 8904 

  0x000002288b78ef74: ;   {runtime_call throw_class_cast_exception Runtime1 stub}
  0x000002288b78ef74: 24e8 a6a9 

  0x000002288b78ef78: ; ImmutableOopMap {[280]=Oop }
                      ;*checkcast {reexecute=0 rethrow=0 return_oop=0}
                      ; - java.util.Arrays::copyOfRange@21 (line 3856)
                      ; - java.lang.String::<init>@66 (line 540)
  0x000002288b78ef78: efff 8b72 | 1448 83fe | 000f 846a | f2ff ff48 

  0x000002288b78ef88: ;   {runtime_call g1_pre_barrier_slow}
  0x000002288b78ef88: 8934 24e8 | f0e6 efff | e95c f2ff | ff48 83f8 | 000f 846d | f2ff ff48 

  0x000002288b78efa0: ;   {runtime_call g1_post_barrier_slow}
  0x000002288b78efa0: 8914 24e8 | 58ea efff | e95f f2ff 

  0x000002288b78efac: ;   {internal_word}
  0x000002288b78efac: ff49 ba18 | e278 8b28 | 0200 004d | 8997 6004 

  0x000002288b78efbc: ;   {runtime_call SafepointBlob}
  0x000002288b78efbc: 0000 e9bd | 7be3 ff8b | 7214 4883 | fe00 0f84 | 63f2 ffff | 4889 3424 

  0x000002288b78efd4: ;   {runtime_call g1_pre_barrier_slow}
  0x000002288b78efd4: e8a7 e6ef | ffe9 55f2 | ffff 4883 | fe00 0f84 | 77f2 ffff | 4889 1424 

  0x000002288b78efec: ;   {runtime_call g1_post_barrier_slow}
  0x000002288b78efec: e80f eaef | ffe9 69f2 

  0x000002288b78eff4: ;   {internal_word}
  0x000002288b78eff4: ffff 49ba | 6be2 788b | 2802 0000 | 4d89 9760 

  0x000002288b78f004: ;   {runtime_call SafepointBlob}
  0x000002288b78f004: 0400 00e9 | 747b e3ff 

  0x000002288b78f00c: ;   {runtime_call fast_new_instance Runtime1 stub}
  0x000002288b78f00c: 488b d2e8 

  0x000002288b78f010: ; ImmutableOopMap {[264]=Oop [280]=Oop }
                      ;*new {reexecute=0 rethrow=0 return_oop=0}
                      ; - java.util.Arrays::checkLength@5 (line 3821)
                      ; - java.util.Arrays::copyOfRangeByte@2 (line 3861)
                      ; - java.util.Arrays::copyOfRange@13 (line 3854)
                      ; - java.lang.String::<init>@574 (line 632)
  0x000002288b78f010: ec87 efff | e9bf f2ff | ff48 8bd2 

  0x000002288b78f01c: ;   {runtime_call fast_new_instance Runtime1 stub}
  0x000002288b78f01c: e8df 87ef 

  0x000002288b78f020: ; ImmutableOopMap {[264]=Oop [280]=Oop [464]=Oop }
                      ;*new {reexecute=0 rethrow=0 return_oop=0}
                      ; - java.util.Arrays::checkLength@9 (line 3821)
                      ; - java.util.Arrays::copyOfRangeByte@2 (line 3861)
                      ; - java.util.Arrays::copyOfRange@13 (line 3854)
                      ; - java.lang.String::<init>@574 (line 632)
  0x000002288b78f020: ffe9 0af3 | ffff 488b 

  0x000002288b78f028: ;   {runtime_call fast_new_instance Runtime1 stub}
  0x000002288b78f028: d2e8 d287 

  0x000002288b78f02c: ; ImmutableOopMap {[264]=Oop [280]=Oop [448]=Oop [464]=Oop }
                      ;*new {reexecute=0 rethrow=0 return_oop=0}
                      ; - java.lang.StringBuilder::toString@0 (line 475)
                      ; - java.util.Arrays::checkLength@30 (line 3821)
                      ; - java.util.Arrays::copyOfRangeByte@2 (line 3861)
                      ; - java.util.Arrays::copyOfRange@13 (line 3854)
                      ; - java.lang.String::<init>@574 (line 632)
  0x000002288b78f02c: efff e9d1 | f3ff ff48 

  0x000002288b78f034: ;   {runtime_call fast_new_instance Runtime1 stub}
  0x000002288b78f034: 8bd2 e8c5 

  0x000002288b78f038: ; ImmutableOopMap {[264]=Oop [280]=Oop }
                      ;*new {reexecute=0 rethrow=0 return_oop=0}
                      ; - java.util.Arrays::checkLength@5 (line 3821)
                      ; - java.util.Arrays::copyOfRangeByte@2 (line 3861)
                      ; - java.util.Arrays::copyOfRange@13 (line 3854)
                      ; - java.lang.String::<init>@441 (line 605)
  0x000002288b78f038: 87ef ffe9 | 80f4 ffff 

  0x000002288b78f040: ;   {runtime_call fast_new_instance Runtime1 stub}
  0x000002288b78f040: 488b d2e8 

  0x000002288b78f044: ; ImmutableOopMap {[264]=Oop [280]=Oop [488]=Oop }
                      ;*new {reexecute=0 rethrow=0 return_oop=0}
                      ; - java.util.Arrays::checkLength@9 (line 3821)
                      ; - java.util.Arrays::copyOfRangeByte@2 (line 3861)
                      ; - java.util.Arrays::copyOfRange@13 (line 3854)
                      ; - java.lang.String::<init>@441 (line 605)
  0x000002288b78f044: b887 efff | e9cb f4ff | ff48 8bd2 

  0x000002288b78f050: ;   {runtime_call fast_new_instance Runtime1 stub}
  0x000002288b78f050: e8ab 87ef 

  0x000002288b78f054: ; ImmutableOopMap {[264]=Oop [280]=Oop [480]=Oop [488]=Oop }
                      ;*new {reexecute=0 rethrow=0 return_oop=0}
                      ; - java.lang.StringBuilder::toString@0 (line 475)
                      ; - java.util.Arrays::checkLength@30 (line 3821)
                      ; - java.util.Arrays::copyOfRangeByte@2 (line 3861)
                      ; - java.util.Arrays::copyOfRange@13 (line 3854)
                      ; - java.lang.String::<init>@441 (line 605)
  0x000002288b78f054: ffe9 92f5 | ffff 488b 

  0x000002288b78f05c: ;   {runtime_call fast_new_instance Runtime1 stub}
  0x000002288b78f05c: d2e8 9e87 

  0x000002288b78f060: ; ImmutableOopMap {[264]=Oop [280]=Oop }
                      ;*new {reexecute=0 rethrow=0 return_oop=0}
                      ; - java.util.Arrays::checkLength@5 (line 3821)
                      ; - java.util.Arrays::copyOfRangeByte@2 (line 3861)
                      ; - java.util.Arrays::copyOfRange@13 (line 3854)
                      ; - java.lang.String::<init>@378 (line 597)
  0x000002288b78f060: efff e941 | f6ff ff48 

  0x000002288b78f068: ;   {runtime_call fast_new_instance Runtime1 stub}
  0x000002288b78f068: 8bd2 e891 

  0x000002288b78f06c: ; ImmutableOopMap {[264]=Oop [280]=Oop [520]=Oop }
                      ;*new {reexecute=0 rethrow=0 return_oop=0}
                      ; - java.util.Arrays::checkLength@9 (line 3821)
                      ; - java.util.Arrays::copyOfRangeByte@2 (line 3861)
                      ; - java.util.Arrays::copyOfRange@13 (line 3854)
                      ; - java.lang.String::<init>@378 (line 597)
  0x000002288b78f06c: 87ef ffe9 | 8cf6 ffff 

  0x000002288b78f074: ;   {runtime_call fast_new_instance Runtime1 stub}
  0x000002288b78f074: 488b d2e8 

  0x000002288b78f078: ; ImmutableOopMap {[264]=Oop [280]=Oop [504]=Oop [520]=Oop }
                      ;*new {reexecute=0 rethrow=0 return_oop=0}
                      ; - java.lang.StringBuilder::toString@0 (line 475)
                      ; - java.util.Arrays::checkLength@30 (line 3821)
                      ; - java.util.Arrays::copyOfRangeByte@2 (line 3861)
                      ; - java.util.Arrays::copyOfRange@13 (line 3854)
                      ; - java.lang.String::<init>@378 (line 597)
  0x000002288b78f078: 8487 efff | e953 f7ff | ff48 8bd2 

  0x000002288b78f084: ;   {runtime_call fast_new_instance Runtime1 stub}
  0x000002288b78f084: e877 87ef 

  0x000002288b78f088: ; ImmutableOopMap {[264]=Oop [280]=Oop }
                      ;*new {reexecute=0 rethrow=0 return_oop=0}
                      ; - java.util.Arrays::checkLength@5 (line 3821)
                      ; - java.util.Arrays::copyOfRangeByte@2 (line 3861)
                      ; - java.util.Arrays::copyOfRange@13 (line 3854)
                      ; - java.lang.String::<init>@66 (line 540)
  0x000002288b78f088: ffe9 fbf7 | ffff 488b 

  0x000002288b78f090: ;   {runtime_call fast_new_instance Runtime1 stub}
  0x000002288b78f090: d2e8 6a87 

  0x000002288b78f094: ; ImmutableOopMap {[264]=Oop [280]=Oop [544]=Oop }
                      ;*new {reexecute=0 rethrow=0 return_oop=0}
                      ; - java.util.Arrays::checkLength@9 (line 3821)
                      ; - java.util.Arrays::copyOfRangeByte@2 (line 3861)
                      ; - java.util.Arrays::copyOfRange@13 (line 3854)
                      ; - java.lang.String::<init>@66 (line 540)
  0x000002288b78f094: efff e946 | f8ff ff48 

  0x000002288b78f09c: ;   {runtime_call fast_new_instance Runtime1 stub}
  0x000002288b78f09c: 8bd2 e85d 

  0x000002288b78f0a0: ; ImmutableOopMap {[264]=Oop [280]=Oop [536]=Oop [544]=Oop }
                      ;*new {reexecute=0 rethrow=0 return_oop=0}
                      ; - java.lang.StringBuilder::toString@0 (line 475)
                      ; - java.util.Arrays::checkLength@30 (line 3821)
                      ; - java.util.Arrays::copyOfRangeByte@2 (line 3861)
                      ; - java.util.Arrays::copyOfRange@13 (line 3854)
                      ; - java.lang.String::<init>@66 (line 540)
  0x000002288b78f0a0: 87ef ffe9 | 0cf9 ffff 

  0x000002288b78f0a8: ;   {runtime_call fast_new_instance Runtime1 stub}
  0x000002288b78f0a8: 488b d2e8 

  0x000002288b78f0ac: ; ImmutableOopMap {r8=Oop }
                      ;*new {reexecute=0 rethrow=0 return_oop=0}
                      ; - java.lang.String::<init>@829 (line 684)
  0x000002288b78f0ac: 5087 efff | e9d2 f9ff | ff49 8b87 | f804 0000 | 49c7 87f8 | 0400 0000 | 0000 0049 | c787 0005 
  0x000002288b78f0cc: 0000 0000 | 0000 4881 | c440 0200 

  0x000002288b78f0d8: ;   {runtime_call unwind_exception Runtime1 stub}
  0x000002288b78f0d8: 005d e921 | 6def fff4 
[Stub Code]
  0x000002288b78f0e0: ;   {no_reloc}
  0x000002288b78f0e0: 0f1f 4400 

  0x000002288b78f0e4: ;   {static_stub}
  0x000002288b78f0e4: 0048 bb00 | 0000 0000 

  0x000002288b78f0ec: ;   {runtime_call}
  0x000002288b78f0ec: 0000 00e9 | fbff ffff 

  0x000002288b78f0f4: ;   {static_stub}
  0x000002288b78f0f4: 9048 bb00 | 0000 0000 

  0x000002288b78f0fc: ;   {runtime_call}
  0x000002288b78f0fc: 0000 00e9 | fbff ffff 

  0x000002288b78f104: ;   {static_stub}
  0x000002288b78f104: 9048 bb00 | 0000 0000 

  0x000002288b78f10c: ;   {runtime_call}
  0x000002288b78f10c: 0000 00e9 | fbff ffff 

  0x000002288b78f114: ;   {static_stub}
  0x000002288b78f114: 9048 bb00 | 0000 0000 

  0x000002288b78f11c: ;   {runtime_call}
  0x000002288b78f11c: 0000 00e9 | fbff ffff 

  0x000002288b78f124: ;   {static_stub}
  0x000002288b78f124: 9048 bb00 | 0000 0000 

  0x000002288b78f12c: ;   {runtime_call}
  0x000002288b78f12c: 0000 00e9 | fbff ffff 

  0x000002288b78f134: ;   {static_stub}
  0x000002288b78f134: 9048 bb00 | 0000 0000 

  0x000002288b78f13c: ;   {runtime_call}
  0x000002288b78f13c: 0000 00e9 | fbff ffff 

  0x000002288b78f144: ;   {static_stub}
  0x000002288b78f144: 9048 bb00 | 0000 0000 

  0x000002288b78f14c: ;   {runtime_call}
  0x000002288b78f14c: 0000 00e9 | fbff ffff 

  0x000002288b78f154: ;   {static_stub}
  0x000002288b78f154: 9048 bb00 | 0000 0000 

  0x000002288b78f15c: ;   {runtime_call}
  0x000002288b78f15c: 0000 00e9 | fbff ffff 

  0x000002288b78f164: ;   {static_stub}
  0x000002288b78f164: 9048 bb00 | 0000 0000 

  0x000002288b78f16c: ;   {runtime_call}
  0x000002288b78f16c: 0000 00e9 | fbff ffff 

  0x000002288b78f174: ;   {static_stub}
  0x000002288b78f174: 9048 bb00 | 0000 0000 

  0x000002288b78f17c: ;   {runtime_call}
  0x000002288b78f17c: 0000 00e9 | fbff ffff 

  0x000002288b78f184: ;   {static_stub}
  0x000002288b78f184: 9048 bb00 | 0000 0000 

  0x000002288b78f18c: ;   {runtime_call}
  0x000002288b78f18c: 0000 00e9 | fbff ffff 

  0x000002288b78f194: ;   {static_stub}
  0x000002288b78f194: 9048 bb00 | 0000 0000 

  0x000002288b78f19c: ;   {runtime_call}
  0x000002288b78f19c: 0000 00e9 | fbff ffff 

  0x000002288b78f1a4: ;   {static_stub}
  0x000002288b78f1a4: 9048 bb00 | 0000 0000 

  0x000002288b78f1ac: ;   {runtime_call}
  0x000002288b78f1ac: 0000 00e9 | fbff ffff 

  0x000002288b78f1b4: ;   {static_stub}
  0x000002288b78f1b4: 9048 bb00 | 0000 0000 

  0x000002288b78f1bc: ;   {runtime_call}
  0x000002288b78f1bc: 0000 00e9 | fbff ffff 

  0x000002288b78f1c4: ;   {static_stub}
  0x000002288b78f1c4: 9048 bb00 | 0000 0000 

  0x000002288b78f1cc: ;   {runtime_call}
  0x000002288b78f1cc: 0000 00e9 | fbff ffff 

  0x000002288b78f1d4: ;   {static_stub}
  0x000002288b78f1d4: 9048 bb00 | 0000 0000 

  0x000002288b78f1dc: ;   {runtime_call}
  0x000002288b78f1dc: 0000 00e9 | fbff ffff 

  0x000002288b78f1e4: ;   {static_stub}
  0x000002288b78f1e4: 9048 bb00 | 0000 0000 

  0x000002288b78f1ec: ;   {runtime_call}
  0x000002288b78f1ec: 0000 00e9 | fbff ffff 

  0x000002288b78f1f4: ;   {static_stub}
  0x000002288b78f1f4: 9048 bb00 | 0000 0000 

  0x000002288b78f1fc: ;   {runtime_call}
  0x000002288b78f1fc: 0000 00e9 | fbff ffff 

  0x000002288b78f204: ;   {static_stub}
  0x000002288b78f204: 9048 bb00 | 0000 0000 

  0x000002288b78f20c: ;   {runtime_call}
  0x000002288b78f20c: 0000 00e9 | fbff ffff 

  0x000002288b78f214: ;   {static_stub}
  0x000002288b78f214: 9048 bb00 | 0000 0000 

  0x000002288b78f21c: ;   {runtime_call}
  0x000002288b78f21c: 0000 00e9 | fbff ffff 

  0x000002288b78f224: ;   {static_stub}
  0x000002288b78f224: 9048 bb00 | 0000 0000 

  0x000002288b78f22c: ;   {runtime_call}
  0x000002288b78f22c: 0000 00e9 | fbff ffff 

  0x000002288b78f234: ;   {static_stub}
  0x000002288b78f234: 9048 bb00 | 0000 0000 

  0x000002288b78f23c: ;   {runtime_call}
  0x000002288b78f23c: 0000 00e9 | fbff ffff 

  0x000002288b78f244: ;   {static_stub}
  0x000002288b78f244: 9048 bb00 | 0000 0000 

  0x000002288b78f24c: ;   {runtime_call}
  0x000002288b78f24c: 0000 00e9 | fbff ffff 

  0x000002288b78f254: ;   {static_stub}
  0x000002288b78f254: 9048 bb00 | 0000 0000 

  0x000002288b78f25c: ;   {runtime_call}
  0x000002288b78f25c: 0000 00e9 | fbff ffff 

  0x000002288b78f264: ;   {static_stub}
  0x000002288b78f264: 9048 bb00 | 0000 0000 

  0x000002288b78f26c: ;   {runtime_call}
  0x000002288b78f26c: 0000 00e9 | fbff ffff 

  0x000002288b78f274: ;   {static_stub}
  0x000002288b78f274: 9048 bb00 | 0000 0000 

  0x000002288b78f27c: ;   {runtime_call}
  0x000002288b78f27c: 0000 00e9 | fbff ffff 

  0x000002288b78f284: ;   {static_stub}
  0x000002288b78f284: 9048 bb00 | 0000 0000 

  0x000002288b78f28c: ;   {runtime_call}
  0x000002288b78f28c: 0000 00e9 | fbff ffff 

  0x000002288b78f294: ;   {static_stub}
  0x000002288b78f294: 9048 bb00 | 0000 0000 

  0x000002288b78f29c: ;   {runtime_call}
  0x000002288b78f29c: 0000 00e9 | fbff ffff 

  0x000002288b78f2a4: ;   {static_stub}
  0x000002288b78f2a4: 9048 bb00 | 0000 0000 

  0x000002288b78f2ac: ;   {runtime_call}
  0x000002288b78f2ac: 0000 00e9 | fbff ffff 

  0x000002288b78f2b4: ;   {static_stub}
  0x000002288b78f2b4: 48bb 0000 | 0000 0000 

  0x000002288b78f2bc: ;   {runtime_call}
  0x000002288b78f2bc: 0000 e9fb 

  0x000002288b78f2c0: ;   {static_stub}
  0x000002288b78f2c0: ffff ff48 | bb00 0000 | 0000 0000 

  0x000002288b78f2cc: ;   {runtime_call}
  0x000002288b78f2cc: 00e9 fbff 

  0x000002288b78f2d0: ;   {static_stub}
  0x000002288b78f2d0: ffff 48bb | e894 4594 | 2802 0000 

  0x000002288b78f2dc: ;   {runtime_call I2C/C2I adapters}
  0x000002288b78f2dc: e9b0 b7e2 

  0x000002288b78f2e0: ;   {static_stub}
  0x000002288b78f2e0: ff48 bb00 | 0000 0000 

  0x000002288b78f2e8: ;   {runtime_call}
  0x000002288b78f2e8: 0000 00e9 | fbff ffff 

  0x000002288b78f2f0: ;   {static_stub}
  0x000002288b78f2f0: 48bb 0000 | 0000 0000 

  0x000002288b78f2f8: ;   {runtime_call}
  0x000002288b78f2f8: 0000 e9fb 

  0x000002288b78f2fc: ;   {static_stub}
  0x000002288b78f2fc: ffff ff48 | bb00 0000 | 0000 0000 

  0x000002288b78f308: ;   {runtime_call}
  0x000002288b78f308: 00e9 fbff 

  0x000002288b78f30c: ;   {static_stub}
  0x000002288b78f30c: ffff 48bb | 506f 0294 | 2802 0000 

  0x000002288b78f318: ;   {runtime_call I2C/C2I adapters}
  0x000002288b78f318: e9e5 50e3 

  0x000002288b78f31c: ;   {static_stub}
  0x000002288b78f31c: ff48 bbc0 | 6702 9428 

  0x000002288b78f324: ;   {runtime_call I2C/C2I adapters}
  0x000002288b78f324: 0200 00e9 | e5db e0ff 

  0x000002288b78f32c: ;   {static_stub}
  0x000002288b78f32c: 48bb 9895 | 4594 2802 

  0x000002288b78f334: ;   {runtime_call I2C/C2I adapters}
  0x000002288b78f334: 0000 e9da 

  0x000002288b78f338: ;   {static_stub}
  0x000002288b78f338: c3e0 ff48 | bb00 0000 | 0000 0000 

  0x000002288b78f344: ;   {runtime_call}
  0x000002288b78f344: 00e9 fbff | ffff 6666 

  0x000002288b78f34c: ;   {static_stub}
  0x000002288b78f34c: 9048 bb00 | 0000 0000 

  0x000002288b78f354: ;   {runtime_call}
  0x000002288b78f354: 0000 00e9 | fbff ffff 

  0x000002288b78f35c: ;   {static_stub}
  0x000002288b78f35c: 9048 bb00 | 0000 0000 

  0x000002288b78f364: ;   {runtime_call}
  0x000002288b78f364: 0000 00e9 | fbff ffff 

  0x000002288b78f36c: ;   {static_stub}
  0x000002288b78f36c: 9048 bb00 | 0000 0000 

  0x000002288b78f374: ;   {runtime_call}
  0x000002288b78f374: 0000 00e9 | fbff ffff 

  0x000002288b78f37c: ;   {static_stub}
  0x000002288b78f37c: 9048 bb00 | 0000 0000 

  0x000002288b78f384: ;   {runtime_call}
  0x000002288b78f384: 0000 00e9 | fbff ffff 

  0x000002288b78f38c: ;   {static_stub}
  0x000002288b78f38c: 9048 bb00 | 0000 0000 

  0x000002288b78f394: ;   {runtime_call}
  0x000002288b78f394: 0000 00e9 | fbff ffff 

  0x000002288b78f39c: ;   {static_stub}
  0x000002288b78f39c: 9048 bb00 | 0000 0000 

  0x000002288b78f3a4: ;   {runtime_call}
  0x000002288b78f3a4: 0000 00e9 | fbff ffff 

  0x000002288b78f3ac: ;   {static_stub}
  0x000002288b78f3ac: 9048 bb00 | 0000 0000 

  0x000002288b78f3b4: ;   {runtime_call}
  0x000002288b78f3b4: 0000 00e9 | fbff ffff 
[Exception Handler]
  0x000002288b78f3bc: ;   {runtime_call handle_exception_from_callee Runtime1 stub}
  0x000002288b78f3bc: e83f 9fef 

  0x000002288b78f3c0: ;   {external_word}
  0x000002288b78f3c0: ff48 b9b0 | 48ed 68fe | 7f00 0048 

  0x000002288b78f3cc: ;   {runtime_call}
  0x000002288b78f3cc: 83e4 f048 | b820 2fb5 | 68fe 7f00 | 00ff d0f4 
[Deopt Handler Code]
  0x000002288b78f3dc: ;   {section_word}
  0x000002288b78f3dc: 49ba dcf3 | 788b 2802 | 0000 4152 

  0x000002288b78f3e8: ;   {runtime_call DeoptimizationBlob}
  0x000002288b78f3e8: e933 8ce3 | fff4 f4f4 
[/MachCode]


Compiled method (c1) 1524059 6111   !   1       org.postgresql.jdbc.PgResultSet::getString (293 bytes)
 total in heap  [0x000002288c11b610,0x000002288c11d340] = 7472
 relocation     [0x000002288c11b770,0x000002288c11ba20] = 688
 main code      [0x000002288c11ba20,0x000002288c11c708] = 3304
 stub code      [0x000002288c11c708,0x000002288c11c908] = 512
 oops           [0x000002288c11c908,0x000002288c11c938] = 48
 metadata       [0x000002288c11c938,0x000002288c11ca10] = 216
 scopes data    [0x000002288c11ca10,0x000002288c11cd40] = 816
 scopes pcs     [0x000002288c11cd40,0x000002288c11d1a0] = 1120
 dependencies   [0x000002288c11d1a0,0x000002288c11d1c0] = 32
 handler table  [0x000002288c11d1c0,0x000002288c11d280] = 192
 nul chk table  [0x000002288c11d280,0x000002288c11d340] = 192

[Constant Pool (empty)]

[MachCode]
[Entry Point]
  # {method} {0x00000228d7aa6748} 'getString' '(I)Ljava/lang/String;' in 'org/postgresql/jdbc/PgResultSet'
  # this:     rdx:rdx   = 'org/postgresql/jdbc/PgResultSet'
  # parm0:    r8        = int
  #           [sp+0x180]  (sp of caller)
  0x000002288c11ba20: 448b 5208 | 49bb 0000 | 0094 2802 | 0000 4d03 | d34c 3bd0 

  0x000002288c11ba34: ;   {runtime_call ic_miss_stub}
  0x000002288c11ba34: 0f85 462f | 4aff 660f | 1f44 0000 
[Verified Entry Point]
  0x000002288c11ba40: 8984 2400 | 80ff ff55 | 4881 ec70 | 0100 0090 | 4181 7f20 | 1300 0000 

  0x000002288c11ba58: ;   {runtime_call StubRoutines (final stubs)}
  0x000002288c11ba58: 7405 e821 | a348 ff48 | 8994 24f8 | 0000 0044 | 8984 24f0 | 0000 008b | 7250 4885 | f60f 8429 
  0x000002288c11ba78: ;   {metadata('org/postgresql/jdbc/PgConnection')}
  0x000002288c11ba78: 0000 0049 | b900 c06a | 9528 0200 | 008b 4e08 | 49ba 0000 | 0094 2802 | 0000 4903 | ca4c 3b49 
  0x000002288c11ba98: 380f 85c2 | 0900 00e9 | 0000 0000 | 488b fe48 | 3b06 4183 | f880 0f8c | 0a00 0000 | 4183 f87f 
  0x000002288c11bab8: 0f8e 5500 

  0x000002288c11babc: ;   {metadata('java/lang/Integer')}
  0x000002288c11babc: 0000 48ba | 3859 0294 | 2802 0000 | 498b 87b8 | 0100 0048 | 8d78 1049 | 3bbf c801 | 0000 0f87 
  0x000002288c11badc: 8b09 0000 | 4989 bfb8 | 0100 0048 | c700 0100 | 0000 488b | ca49 ba00 | 0000 9428 | 0200 0049 
  0x000002288c11bafc: 2bca 8948 | 0848 33c9 | 8948 0c48 | 33c9 4489 | 400c e91f | 0000 004d | 8bc8 4181 | c180 0000 
  0x000002288c11bb1c: ;   {oop(a 'java/lang/Integer'[256] {0x0000000086b8f540})}
  0x000002288c11bb1c: 0048 bf40 | f5b8 8600 | 0000 004d | 63c9 468b | 4c8f 1049 

  0x000002288c11bb30: ;   {oop(a 'java/util/logging/Logger'{0x0000000087472be0})}
  0x000002288c11bb30: 8bc1 48be | e02b 4787 | 0000 0000 

  0x000002288c11bb3c: ;   {oop(a 'java/util/logging/Level'{0x0000000085e03218})}
  0x000002288c11bb3c: 49b9 1832 | e085 0000 

  0x000002288c11bb44: ;   {oop("  getString columnIndex: {0}"{0x00000000877d8a78})}
  0x000002288c11bb44: 0000 48bf | 788a 7d87 | 0000 0000 | 4d8b c14c | 8bcf 488b | f848 8bd6 

  0x000002288c11bb5c: ;   {optimized virtual_call}
  0x000002288c11bb5c: 6666 90e8 

  0x000002288c11bb60: ; ImmutableOopMap {[248]=Oop }
                      ;*invokevirtual log {reexecute=0 rethrow=0 return_oop=0}
                      ; - org.postgresql.jdbc.PgResultSet::getString@19 (line 2393)
  0x000002288c11bb60: 1c74 f6ff 

  0x000002288c11bb64: ;   {other}
  0x000002288c11bb64: 0f1f 8400 | 5405 0000 | 448b 8424 | f000 0000 | 488b 9424 | f800 0000 

  0x000002288c11bb7c: ;   {optimized virtual_call}
  0x000002288c11bb7c: 6666 90e8 

  0x000002288c11bb80: ; ImmutableOopMap {[248]=Oop }
                      ;*invokevirtual getRawValue {reexecute=0 rethrow=0 return_oop=0}
                      ; - org.postgresql.jdbc.PgResultSet::getString@24 (line 2394)
  0x000002288c11bb80: bc88 f6ff 

  0x000002288c11bb84: ;   {other}
  0x000002288c11bb84: 0f1f 8400 | 7405 0001 | 4889 8424 | 0801 0000 | 4885 c00f | 848d 0600 | 0048 8b94 | 24f8 0000 
  0x000002288c11bba4: 0044 8b42 | 588b b424 | f000 0000 | ffce 89b4 | 24f4 0000 | 0041 3b70 | 0c0f 83c4 | 0800 0048 
  0x000002288c11bbc4: 63fe 418b | 7cb8 1044 | 8b47 1841 | 83f8 0141 | b800 0000 | 0075 0641 | b801 0000 | 0041 83e0 
  0x000002288c11bbe4: 0145 85c0 | 0f84 4200 | 0000 4c8b | c748 8bda | 488b d348 | 89bc 2400 

  0x000002288c11bbfc: ;   {optimized virtual_call}
  0x000002288c11bbfc: 0100 00e8 

  0x000002288c11bc00: ; ImmutableOopMap {[248]=Oop [256]=Oop [264]=Oop }
                      ;*invokespecial initSqlType {reexecute=0 rethrow=0 return_oop=0}
                      ; - org.postgresql.jdbc.PgResultSet::getSQLType@11 (line 3325)
                      ; - org.postgresql.jdbc.PgResultSet::getString@44 (line 2400)
  0x000002288c11bc00: 7c32 4aff 

  0x000002288c11bc04: ;   {other}
  0x000002288c11bc04: 0f1f 8400 | f405 0002 | 488b bc24 | 0001 0000 | 8b57 2483 | fa0c 0f85 | 0101 0000 | 488b 8424 
  0x000002288c11bc24: 0801 0000 | 488b 9424 | f800 0000 | 8b72 5048 | 85f6 0f84 | 2900 0000 

  0x000002288c11bc3c: ;   {metadata('org/postgresql/jdbc/PgConnection')}
  0x000002288c11bc3c: 49b8 00c0 | 6a95 2802 | 0000 8b5e | 0849 ba00 | 0000 9428 | 0200 0049 | 03da 4c3b | 4338 0f85 
  0x000002288c11bc5c: 3a08 0000 | e900 0000 | 0048 8bfe 

  0x000002288c11bc68: ; implicit exception: dispatches to 0x000002288c11c49f
  0x000002288c11bc68: 8b76 4c48 | 85f6 0f84 | 2900 0000 

  0x000002288c11bc74: ;   {metadata('org/postgresql/core/QueryExecutorBase')}
  0x000002288c11bc74: 49b8 e8d4 | 7095 2802 | 0000 8b5e | 0849 ba00 | 0000 9428 | 0200 0049 | 03da 4c3b | 4338 0f85 
  0x000002288c11bc94: 0c08 0000 | e900 0000 | 0048 8bfe 

  0x000002288c11bca0: ; implicit exception: dispatches to 0x000002288c11c4a9
  0x000002288c11bca0: 8b76 208b | 5e4c 483b | 0344 8b58 | 0c44 899c | 2438 0100 | 004c 8bc2 

  0x000002288c11bcb8: ;   {metadata('java/lang/String')}
  0x000002288c11bcb8: 48ba 40e7 | 0094 2802 | 0000 498b | 87b8 0100 | 0048 8d78 | 1849 3bbf | c801 0000 | 0f87 e307 
  0x000002288c11bcd8: 0000 4989 | bfb8 0100 | 0048 c700 | 0100 0000 | 488b ca49 | ba00 0000 | 9428 0200 | 0049 2bca 
  0x000002288c11bcf8: 8948 0848 | 33c9 8948 | 0c48 33c9 | 4889 4810 | 4889 8424 | 4001 0000 | 8b73 1048 | 85f6 0f85 
  0x000002288c11bd18: 7604 0000 | e929 0500 | 008b b424 | f400 0000 | 4c8b 8424 | f800 0000 | 418b 5058 

  0x000002288c11bd34: ; implicit exception: dispatches to 0x000002288c11c4ca
  0x000002288c11bd34: 3b72 0c0f | 8397 0700 | 0048 63fe | 8b7c ba10 | 4889 bc24 | 1001 0000 

  0x000002288c11bd4c: ;   {optimized virtual_call}
  0x000002288c11bd4c: 498b d0e8 

  0x000002288c11bd50: ; ImmutableOopMap {[248]=Oop [264]=Oop [272]=Oop }
                      ;*invokespecial getTimestampUtils {reexecute=0 rethrow=0 return_oop=0}
                      ; - org.postgresql.jdbc.PgResultSet::getString@62 (line 2402)
  0x000002288c11bd50: 2c31 4aff 

  0x000002288c11bd54: ;   {other}
  0x000002288c11bd54: 0f1f 8400 | 4407 0003 | 4889 8424 | 2801 0000 | 488b bc24 | 1001 0000 

  0x000002288c11bd6c: ; implicit exception: dispatches to 0x000002288c11c4e2
  0x000002288c11bd6c: 8b57 1081 | fa3a 0400 | 000f 84c7 | 0300 0081 | fa3b 0400 | 000f 846b | 0300 0081 | fa5a 0400 
  0x000002288c11bd8c: 000f 840f | 0300 0081 | faa0 0400 | 000f 849b | 0200 0081 | faf2 0400 | 000f 8427 | 0200 0048 
  0x000002288c11bdac: 8b94 24f8 | 0000 0044 | 8b42 6849 

  0x000002288c11bdb8: ;   {oop("thisRow"{0x0000000087a42830})}
  0x000002288c11bdb8: 8bd0 49b8 | 3028 a487 | 0000 0000 

  0x000002288c11bdc4: ;   {static_call}
  0x000002288c11bdc4: 6666 90e8 

  0x000002288c11bdc8: ; ImmutableOopMap {[248]=Oop [272]=Oop }
                      ;*invokestatic castNonNull {reexecute=0 rethrow=0 return_oop=0}
                      ; - org.postgresql.jdbc.PgResultSet::getString@176 (line 2420)
  0x000002288c11bdc8: b43a 4aff 

  0x000002288c11bdcc: ;   {other}
  0x000002288c11bdcc: 0f1f 8400 | bc07 0004 | 448b 8424 | f000 0000 | 4c8b 8c24 | 1001 0000 | 488b 9424 | f800 0000 
  0x000002288c11bdec: ;   {optimized virtual_call}
  0x000002288c11bdec: 6666 90e8 

  0x000002288c11bdf0: ; ImmutableOopMap {[248]=Oop }
                      ;*invokevirtual internalGetObject {reexecute=0 rethrow=0 return_oop=0}
                      ; - org.postgresql.jdbc.PgResultSet::getString@183 (line 2421)
  0x000002288c11bdf0: 8c30 4aff 

  0x000002288c11bdf4: ;   {other}
  0x000002288c11bdf4: 0f1f 8400 | e407 0005 | 4885 c00f | 852d 0000 | 0044 8b84 | 24f0 0000 | 0048 8b94 | 24f8 0000 
  0x000002288c11be14: ;   {optimized virtual_call}
  0x000002288c11be14: 0066 90e8 

  0x000002288c11be18: ; ImmutableOopMap {}
                      ;*invokevirtual getObject {reexecute=0 rethrow=0 return_oop=0}
                      ; - org.postgresql.jdbc.PgResultSet::getString@195 (line 2425)
  0x000002288c11be18: 6430 4aff 

  0x000002288c11be1c: ;   {other}
  0x000002288c11be1c: 0f1f 8400 | 0c08 0006 | 4885 c00f | 8575 0100 | 00e9 5001 | 0000 4889 | 8424 2001 | 0000 8bb4 
  0x000002288c11be3c: 24f4 0000 | 0048 8b94 | 24f8 0000 | 0044 8b42 | 5841 3b70 | 0c0f 839a | 0600 0048 | 63f6 418b 
  0x000002288c11be5c: 74b0 104c | 8bc6 488b | fa48 8bd7 | 4889 b424 | 1801 0000 | 0f1f 8000 

  0x000002288c11be74: ;   {optimized virtual_call}
  0x000002288c11be74: 0000 00e8 

  0x000002288c11be78: ; ImmutableOopMap {[248]=Oop [280]=Oop [288]=Oop }
                      ;*invokespecial initSqlType {reexecute=0 rethrow=0 return_oop=0}
                      ; - org.postgresql.jdbc.PgResultSet::getPGType@11 (line 3318)
                      ; - org.postgresql.jdbc.PgResultSet::getString@218 (line 2431)
  0x000002288c11be78: 0430 4aff 

  0x000002288c11be7c: ;   {other}
  0x000002288c11be7c: 0f1f 8400 | 6c08 0007 | 488b b424 | 1801 0000 

  0x000002288c11be8c: ; implicit exception: dispatches to 0x000002288c11c4ff
  0x000002288c11be8c: 448b 4630 

  0x000002288c11be90: ;   {oop("hstore"{0x00000000876609f8})}
  0x000002288c11be90: 48ba f809 | 6687 0000 | 0000 0f1f 

  0x000002288c11be9c: ;   {optimized virtual_call}
  0x000002288c11be9c: 4400 00e8 

  0x000002288c11bea0: ; ImmutableOopMap {[248]=Oop [288]=Oop }
                      ;*invokevirtual equals {reexecute=0 rethrow=0 return_oop=0}
                      ; - org.postgresql.jdbc.PgResultSet::getString@221 (line 2431)
  0x000002288c11bea0: dc2f 4aff 

  0x000002288c11bea4: ;   {other}
  0x000002288c11bea4: 0f1f 8400 | 9408 0008 | 85c0 488b | 8424 2001 | 0000 0f84 | 7600 0000 | 4885 c00f | 8443 0000 
  0x000002288c11bec4: ;   {metadata('java/util/Map')}
  0x000002288c11bec4: 0048 bbe8 | 6800 9428 | 0200 008b | 7808 49ba | 0000 0094 | 2802 0000 | 4903 fa48 | 3b5f 200f 
  0x000002288c11bee4: 841f 0000 | 0048 3bfb | 0f84 1600 | 0000 5753 

  0x000002288c11bef4: ;   {runtime_call slow_subtype_check Runtime1 stub}
  0x000002288c11bef4: e807 e056 | ff5f 5f85 | ff0f 8401 | 0600 00e9 | 0000 0000 | 488b d00f 

  0x000002288c11bf0c: ;   {static_call}
  0x000002288c11bf0c: 1f40 00e8 

  0x000002288c11bf10: ; ImmutableOopMap {}
                      ;*invokestatic toString {reexecute=0 rethrow=0 return_oop=0}
                      ; - org.postgresql.jdbc.PgResultSet::getString@232 (line 2432)
  0x000002288c11bf10: 6c39 4aff 

  0x000002288c11bf14: ;   {other}
  0x000002288c11bf14: 0f1f 8400 | 0409 0009 | 4881 c470 | 0100 005d 

  0x000002288c11bf24: ;   {poll_return}
  0x000002288c11bf24: 493b a748 | 0400 000f | 87dc 0500 | 00c3 488b | d048 b8ff | ffff ffff 

  0x000002288c11bf3c: ;   {virtual_call}
  0x000002288c11bf3c: ffff ffe8 

  0x000002288c11bf40: ; ImmutableOopMap {[248]=Oop }
                      ;*invokevirtual toString {reexecute=0 rethrow=0 return_oop=0}
                      ; - org.postgresql.jdbc.PgResultSet::getString@240 (line 2434)
  0x000002288c11bf40: 3c34 4aff 

  0x000002288c11bf44: ;   {other}
  0x000002288c11bf44: 0f1f 8400 | 3409 000a | 448b 8424 | f000 0000 | 4c8b c848 | 8b94 24f8 

  0x000002288c11bf5c: ;   {optimized virtual_call}
  0x000002288c11bf5c: 0000 00e8 

  0x000002288c11bf60: ; ImmutableOopMap {}
                      ;*invokespecial trimString {reexecute=0 rethrow=0 return_oop=0}
                      ; - org.postgresql.jdbc.PgResultSet::getString@243 (line 2434)
  0x000002288c11bf60: 1c2f 4aff 

  0x000002288c11bf64: ;   {other}
  0x000002288c11bf64: 0f1f 8400 | 5409 000b | 4881 c470 | 0100 005d 

  0x000002288c11bf74: ;   {poll_return}
  0x000002288c11bf74: 493b a748 | 0400 000f | 87a2 0500 

  0x000002288c11bf80: ;   {oop(nullptr)}
  0x000002288c11bf80: 00c3 48b8 | 0000 0000 | 0000 0000 | 4881 c470 | 0100 005d 

  0x000002288c11bf94: ;   {poll_return}
  0x000002288c11bf94: 493b a748 | 0400 000f | 8798 0500 | 00c3 488b | d048 b8ff | ffff ffff 

  0x000002288c11bfac: ;   {virtual_call}
  0x000002288c11bfac: ffff ffe8 

  0x000002288c11bfb0: ; ImmutableOopMap {}
                      ;*invokevirtual toString {reexecute=0 rethrow=0 return_oop=0}
                      ; - org.postgresql.jdbc.PgResultSet::getString@209 (line 2429)
  0x000002288c11bfb0: cc33 4aff 

  0x000002288c11bfb4: ;   {other}
  0x000002288c11bfb4: 0f1f 8400 | a409 000c | 4881 c470 | 0100 005d 

  0x000002288c11bfc4: ;   {poll_return}
  0x000002288c11bfc4: 493b a748 | 0400 000f | 877e 0500 | 00c3 483b | 004c 8b84 | 2408 0100 | 0048 8bd0 | 0f1f 8000 
  0x000002288c11bfe4: ;   {optimized virtual_call}
  0x000002288c11bfe4: 0000 00e8 

  0x000002288c11bfe8: ; ImmutableOopMap {[296]=Oop }
                      ;*invokevirtual toOffsetTimeBin {reexecute=0 rethrow=0 return_oop=0}
                      ; - org.postgresql.jdbc.TimestampUtils::toStringOffsetTimeBin@2 (line 1127)
                      ; - org.postgresql.jdbc.PgResultSet::getString@135 (line 2411)
  0x000002288c11bfe8: 942e 4aff 

  0x000002288c11bfec: ;   {other}
  0x000002288c11bfec: 0f1f 8400 | dc09 000d | 4c8b c048 | 8b94 2428 

  0x000002288c11bffc: ;   {optimized virtual_call}
  0x000002288c11bffc: 0100 00e8 

  0x000002288c11c000: ; ImmutableOopMap {[296]=Oop }
                      ;*invokevirtual withClientOffsetSameInstant {reexecute=0 rethrow=0 return_oop=0}
                      ; - org.postgresql.jdbc.TimestampUtils::toStringOffsetTimeBin@9 (line 1128)
                      ; - org.postgresql.jdbc.PgResultSet::getString@135 (line 2411)
  0x000002288c11c000: 7c2e 4aff 

  0x000002288c11c004: ;   {other}
  0x000002288c11c004: 0f1f 8400 | f409 000e | 4c8b c048 | 8b94 2428 

  0x000002288c11c014: ;   {optimized virtual_call}
  0x000002288c11c014: 0100 00e8 

  0x000002288c11c018: ; ImmutableOopMap {}
                      ;*invokevirtual toString {reexecute=0 rethrow=0 return_oop=0}
                      ; - org.postgresql.jdbc.TimestampUtils::toStringOffsetTimeBin@12 (line 1128)
                      ; - org.postgresql.jdbc.PgResultSet::getString@135 (line 2411)
  0x000002288c11c018: 642e 4aff 

  0x000002288c11c01c: ;   {other}
  0x000002288c11c01c: 0f1f 8400 | 0c0a 000f | 4881 c470 | 0100 005d 

  0x000002288c11c02c: ;   {poll_return}
  0x000002288c11c02c: 493b a748 | 0400 000f | 8731 0500 | 00c3 483b | 004c 8b84 | 2408 0100 | 0048 8bd0 | 0f1f 8000 
  0x000002288c11c04c: ;   {optimized virtual_call}
  0x000002288c11c04c: 0000 00e8 

  0x000002288c11c050: ; ImmutableOopMap {[296]=Oop }
                      ;*invokevirtual toOffsetDateTimeBin {reexecute=0 rethrow=0 return_oop=0}
                      ; - org.postgresql.jdbc.TimestampUtils::toStringOffsetDateTime@2 (line 1185)
                      ; - org.postgresql.jdbc.PgResultSet::getString@166 (line 2417)
  0x000002288c11c050: 2c2e 4aff 

  0x000002288c11c054: ;   {other}
  0x000002288c11c054: 0f1f 8400 | 440a 0010 | 4c8b c048 | 8b94 2428 

  0x000002288c11c064: ;   {optimized virtual_call}
  0x000002288c11c064: 0100 00e8 

  0x000002288c11c068: ; ImmutableOopMap {[296]=Oop }
                      ;*invokevirtual withClientOffsetSameInstant {reexecute=0 rethrow=0 return_oop=0}
                      ; - org.postgresql.jdbc.TimestampUtils::toStringOffsetDateTime@9 (line 1186)
                      ; - org.postgresql.jdbc.PgResultSet::getString@166 (line 2417)
  0x000002288c11c068: 142e 4aff 

  0x000002288c11c06c: ;   {other}
  0x000002288c11c06c: 0f1f 8400 | 5c0a 0011 | 4c8b c048 | 8b94 2428 

  0x000002288c11c07c: ;   {optimized virtual_call}
  0x000002288c11c07c: 0100 00e8 

  0x000002288c11c080: ; ImmutableOopMap {}
                      ;*invokevirtual toString {reexecute=0 rethrow=0 return_oop=0}
                      ; - org.postgresql.jdbc.TimestampUtils::toStringOffsetDateTime@12 (line 1186)
                      ; - org.postgresql.jdbc.PgResultSet::getString@166 (line 2417)
  0x000002288c11c080: fc2d 4aff 

  0x000002288c11c084: ;   {other}
  0x000002288c11c084: 0f1f 8400 | 740a 0012 | 4881 c470 | 0100 005d 

  0x000002288c11c094: ;   {poll_return}
  0x000002288c11c094: 493b a748 | 0400 000f | 87e4 0400 | 00c3 483b | 004c 8b84 | 2408 0100 | 0048 8bd0 | 0f1f 8000 
  0x000002288c11c0b4: ;   {optimized virtual_call}
  0x000002288c11c0b4: 0000 00e8 

  0x000002288c11c0b8: ; ImmutableOopMap {[296]=Oop }
                      ;*invokevirtual toLocalDateTimeBin {reexecute=0 rethrow=0 return_oop=0}
                      ; - org.postgresql.jdbc.PgResultSet::getString@156 (line 2415)
  0x000002288c11c0b8: c42d 4aff 

  0x000002288c11c0bc: ;   {other}
  0x000002288c11c0bc: 0f1f 8400 | ac0a 0013 | 4c8b c048 | 8b94 2428 

  0x000002288c11c0cc: ;   {optimized virtual_call}
  0x000002288c11c0cc: 0100 00e8 

  0x000002288c11c0d0: ; ImmutableOopMap {}
                      ;*invokevirtual toString {reexecute=0 rethrow=0 return_oop=0}
                      ; - org.postgresql.jdbc.PgResultSet::getString@159 (line 2415)
  0x000002288c11c0d0: ac2d 4aff 

  0x000002288c11c0d4: ;   {other}
  0x000002288c11c0d4: 0f1f 8400 | c40a 0014 | 4881 c470 | 0100 005d 

  0x000002288c11c0e4: ;   {poll_return}
  0x000002288c11c0e4: 493b a748 | 0400 000f | 87af 0400 | 00c3 483b | 004c 8b84 | 2408 0100 | 0048 8bd0 | 0f1f 8000 
  0x000002288c11c104: ;   {optimized virtual_call}
  0x000002288c11c104: 0000 00e8 

  0x000002288c11c108: ; ImmutableOopMap {[296]=Oop }
                      ;*invokevirtual toLocalTimeBin {reexecute=0 rethrow=0 return_oop=0}
                      ; - org.postgresql.jdbc.PgResultSet::getString@125 (line 2409)
  0x000002288c11c108: 742d 4aff 

  0x000002288c11c10c: ;   {other}
  0x000002288c11c10c: 0f1f 8400 | fc0a 0015 | 4c8b c048 | 8b94 2428 

  0x000002288c11c11c: ;   {optimized virtual_call}
  0x000002288c11c11c: 0100 00e8 

  0x000002288c11c120: ; ImmutableOopMap {}
                      ;*invokevirtual toString {reexecute=0 rethrow=0 return_oop=0}
                      ; - org.postgresql.jdbc.PgResultSet::getString@128 (line 2409)
  0x000002288c11c120: 5c2d 4aff 

  0x000002288c11c124: ;   {other}
  0x000002288c11c124: 0f1f 8400 | 140b 0016 | 4881 c470 | 0100 005d 

  0x000002288c11c134: ;   {poll_return}
  0x000002288c11c134: 493b a748 | 0400 000f | 877a 0400 | 00c3 483b | 004c 8b84 | 2408 0100 | 0048 8bd0 | 0f1f 8000 
  0x000002288c11c154: ;   {optimized virtual_call}
  0x000002288c11c154: 0000 00e8 

  0x000002288c11c158: ; ImmutableOopMap {[296]=Oop }
                      ;*invokevirtual toLocalDateBin {reexecute=0 rethrow=0 return_oop=0}
                      ; - org.postgresql.jdbc.PgResultSet::getString@144 (line 2413)
  0x000002288c11c158: 242d 4aff 

  0x000002288c11c15c: ;   {other}
  0x000002288c11c15c: 0f1f 8400 | 4c0b 0017 | 4c8b c048 | 8b94 2428 

  0x000002288c11c16c: ;   {optimized virtual_call}
  0x000002288c11c16c: 0100 00e8 

  0x000002288c11c170: ; ImmutableOopMap {}
                      ;*invokevirtual toString {reexecute=0 rethrow=0 return_oop=0}
                      ; - org.postgresql.jdbc.PgResultSet::getString@147 (line 2413)
  0x000002288c11c170: 0c2d 4aff 

  0x000002288c11c174: ;   {other}
  0x000002288c11c174: 0f1f 8400 | 640b 0018 | 4881 c470 | 0100 005d 

  0x000002288c11c184: ;   {poll_return}
  0x000002288c11c184: 493b a748 | 0400 000f | 8745 0400 | 00c3 4889 | b424 3001 | 0000 ba00 | 0000 004d | 8bc3 4d8b 
  0x000002288c11c1a4: ;   {oop(a 'jdk/internal/util/Preconditions$4'{0x000000008617fde0})}
  0x000002288c11c1a4: cb48 bfe0 | fd17 8600 

  0x000002288c11c1ac: ;   {static_call}
  0x000002288c11c1ac: 0000 00e8 

  0x000002288c11c1b0: ; ImmutableOopMap {[248]=Oop [264]=Oop [304]=Oop [320]=Oop }
                      ;*invokestatic checkFromIndexSize {reexecute=0 rethrow=0 return_oop=0}
                      ; - java.lang.String::checkBoundsOffCount@6 (line 4853)
                      ; - java.lang.String::<init>@14 (line 522)
                      ; - org.postgresql.core.Encoding::decode@11 (line 284)
                      ; - org.postgresql.core.Encoding::decode@5 (line 295)
                      ; - org.postgresql.jdbc.PgResultSet::getString@261 (line 2439)
  0x000002288c11c1b0: ccae 66ff 

  0x000002288c11c1b4: ;   {other}
  0x000002288c11c1b4: 0f1f 8400 | a40b 0019 | 4c8b 8424 | 3001 0000 | 4c8b 8c24 | 0801 0000 | 488b f88b | b424 3801 
  0x000002288c11c1d4: 0000 488b | 9424 4001 

  0x000002288c11c1dc: ;   {optimized virtual_call}
  0x000002288c11c1dc: 0000 90e8 

  0x000002288c11c1e0: ; ImmutableOopMap {[248]=Oop [320]=Oop }
                      ;*invokespecial <init> {reexecute=0 rethrow=0 return_oop=0}
                      ; - java.lang.String::<init>@18 (line 522)
                      ; - org.postgresql.core.Encoding::decode@11 (line 284)
                      ; - org.postgresql.core.Encoding::decode@5 (line 295)
                      ; - org.postgresql.jdbc.PgResultSet::getString@261 (line 2439)
  0x000002288c11c1e0: 9c05 67ff 

  0x000002288c11c1e4: ;   {other}
  0x000002288c11c1e4: 0f1f 8400 | d40b 001a | 448b 8424 | f000 0000 | 4c8b 8c24 | 4001 0000 | 488b 9424 | f800 0000 
  0x000002288c11c204: ;   {optimized virtual_call}
  0x000002288c11c204: 6666 90e8 

  0x000002288c11c208: ; ImmutableOopMap {}
                      ;*invokespecial trimString {reexecute=0 rethrow=0 return_oop=0}
                      ; - org.postgresql.jdbc.PgResultSet::getString@264 (line 2439)
  0x000002288c11c208: d4dd ffff 

  0x000002288c11c20c: ;   {other}
  0x000002288c11c20c: 0f1f 8400 | fc0b 001b | 4881 c470 | 0100 005d 

  0x000002288c11c21c: ;   {poll_return}
  0x000002288c11c21c: 493b a748 | 0400 000f | 87c3 0300 

  0x000002288c11c228: ;   {oop(nullptr)}
  0x000002288c11c228: 00c3 48b8 | 0000 0000 | 0000 0000 | 4881 c470 | 0100 005d 

  0x000002288c11c23c: ;   {poll_return}
  0x000002288c11c23c: 493b a748 | 0400 000f | 87b9 0300 

  0x000002288c11c248: ;   {metadata('java/lang/NullPointerException')}
  0x000002288c11c248: 00c3 48ba | 10db 0694 | 2802 0000 | 498b 87b8 | 0100 0048 | 8d78 3049 | 3bbf c801 | 0000 0f87 
  0x000002288c11c268: ac03 0000 | 4989 bfb8 | 0100 0048 | c700 0100 | 0000 488b | ca49 ba00 | 0000 9428 | 0200 0049 
  0x000002288c11c288: 2bca 8948 | 0848 33c9 | 8948 0c48 | 33c9 4889 | 4810 4889 | 4818 4889 | 4820 4889 | 4828 488b 
  0x000002288c11c2a8: d048 8984 | 2448 0100 | 0066 0f1f 

  0x000002288c11c2b4: ;   {optimized virtual_call}
  0x000002288c11c2b4: 4400 00e8 

  0x000002288c11c2b8: ; ImmutableOopMap {[248]=Oop [264]=Oop [320]=Oop [328]=Oop }
                      ;*invokespecial <init> {reexecute=0 rethrow=0 return_oop=0}
                      ; - java.util.Objects::requireNonNull@8 (line 233)
                      ; - java.lang.String::<init>@3 (line 522)
                      ; - org.postgresql.core.Encoding::decode@11 (line 284)
                      ; - org.postgresql.core.Encoding::decode@5 (line 295)
                      ; - org.postgresql.jdbc.PgResultSet::getString@261 (line 2439)
  0x000002288c11c2b8: c42b 4aff 

  0x000002288c11c2bc: ;   {other}
  0x000002288c11c2bc: 0f1f 8400 | ac0c 001c | 488b 8424 | 4801 0000 | e92a 0400 | 0049 8b87 | f804 0000 | 4d33 d24d 
  0x000002288c11c2dc: 8997 f804 | 0000 4d33 | d24d 8997 | 0005 0000 

  0x000002288c11c2ec: ;   {metadata('org/postgresql/util/PSQLException')}
  0x000002288c11c2ec: 48ba 6884 | 5895 2802 | 0000 4889 | 8424 5001 | 0000 80ba | 2101 0000 | 040f 851f | 0300 0049 
  0x000002288c11c30c: 8b87 b801 | 0000 488d | 7838 493b | bfc8 0100 | 000f 8707 | 0300 0049 | 89bf b801 | 0000 48c7 
  0x000002288c11c32c: 0001 0000 | 0048 8bca | 49ba 0000 | 0094 2802 | 0000 492b | ca89 4808 | 4833 c989 | 480c 4833 
  0x000002288c11c34c: c948 bf05 | 0000 0000 | 0000 0048 | 894c f808 | 48ff cf75 | f6bb 0000 

  0x000002288c11c364: ;   {metadata('java/lang/Object'[])}
  0x000002288c11c364: 0000 48ba | 4012 0094 | 2802 0000 | 4889 8424 | 5801 0000 | 4863 db48 | 8bfb 4881 | fbff ffff 
  0x000002288c11c384: 000f 87ac | 0200 0048 | be17 0000 | 0000 0000 | 0048 8d34 | 9e48 83e6 | f849 8b87 | b801 0000 
  0x000002288c11c3a4: 488d 3430 | 493b b7c8 | 0100 000f | 8782 0200 | 0049 89b7 | b801 0000 | 482b f048 | c700 0100 
  0x000002288c11c3c4: 0000 488b | ca49 ba00 | 0000 9428 | 0200 0049 | 2bca 8948 | 0889 580c | 4883 ee10 | 4885 f60f 
  0x000002288c11c3e4: 8411 0000 | 0048 33db | 48c1 ee03 | 4889 5cf0 | 0848 ffce 

  0x000002288c11c3f8: ;   {oop("Invalid character data was found.  This is most likely caused by stored data containing characters that are invalid for the character set the database was created in.  The most common example of this is storing 8bit data in a SQL_ASCII database."{0x0000000087a42710})}
  0x000002288c11c3f8: 75f6 48ba | 1027 a487 | 0000 0000 

  0x000002288c11c404: ;   {static_call}
  0x000002288c11c404: 4c8b c0e8 

  0x000002288c11c408: ; ImmutableOopMap {[336]=Oop [344]=Oop }
                      ;*invokestatic tr {reexecute=0 rethrow=0 return_oop=0}
                      ; - org.postgresql.jdbc.PgResultSet::getString@281 (line 2442)
  0x000002288c11c408: 7434 4aff 

  0x000002288c11c40c: ;   {other}
  0x000002288c11c40c: 0f1f 8400 | fc0d 001d | 0f1f 4000 

  0x000002288c11c418: ;   {no_reloc}
  0x000002288c11c418: e99c 0200 | 0000 0000 | 0000 660f | 1f44 0000 

  0x000002288c11c428: ; implicit exception: dispatches to 0x000002288c11c6c3
  0x000002288c11c428: e9a7 0200 | 0090 904c | 8bc0 488b | bc24 5001 | 0000 488b | 9424 5801 | 0000 0f1f 

  0x000002288c11c444: ;   {optimized virtual_call}
  0x000002288c11c444: 4400 00e8 

  0x000002288c11c448: ; ImmutableOopMap {[344]=Oop }
                      ;*invokespecial <init> {reexecute=0 rethrow=0 return_oop=0}
                      ; - org.postgresql.jdbc.PgResultSet::getString@289 (line 2442)
  0x000002288c11c448: 342a 4aff 

  0x000002288c11c44c: ;   {other}
  0x000002288c11c44c: 0f1f 8400 | 3c0e 001e | 488b 8424 | 5801 0000 | e99a 0200 

  0x000002288c11c460: ;   {runtime_call throw_incompatible_class_change_error Runtime1 stub}
  0x000002288c11c460: 00e8 bad7 

  0x000002288c11c464: ; ImmutableOopMap {rdx=Oop rsi=Oop [248]=Oop }
                      ;*invokeinterface getLogger {reexecute=0 rethrow=0 return_oop=0}
                      ; - org.postgresql.jdbc.PgResultSet::getString@4 (line 2393)
                      ;   {runtime_call throw_null_pointer_exception Runtime1 stub}
  0x000002288c11c464: 56ff e8b5 

  0x000002288c11c468: ; ImmutableOopMap {rdx=Oop [248]=Oop }
                      ;*invokeinterface getLogger {reexecute=0 rethrow=0 return_oop=0}
                      ; - org.postgresql.jdbc.PgResultSet::getString@4 (line 2393)
  0x000002288c11c468: a856 ff48 

  0x000002288c11c46c: ;   {runtime_call fast_new_instance Runtime1 stub}
  0x000002288c11c46c: 8bd2 e88d 

  0x000002288c11c470: ; ImmutableOopMap {[248]=Oop }
                      ;*new {reexecute=0 rethrow=0 return_oop=0}
                      ; - java.lang.Integer::valueOf@23 (line 1073)
                      ; - org.postgresql.jdbc.PgResultSet::getString@16 (line 2393)
  0x000002288c11c470: b356 ffe9 | 92f6 ffff 

  0x000002288c11c478: ;   {runtime_call throw_null_pointer_exception Runtime1 stub}
  0x000002288c11c478: e8a3 a856 

  0x000002288c11c47c: ; ImmutableOopMap {[248]=Oop }
                      ;*aaload {reexecute=0 rethrow=0 return_oop=0}
                      ; - java.lang.Integer::valueOf@21 (line 1072)
                      ; - org.postgresql.jdbc.PgResultSet::getString@16 (line 2393)
                      ;   {runtime_call throw_null_pointer_exception Runtime1 stub}
  0x000002288c11c47c: ffe8 9ea8 

  0x000002288c11c480: ; ImmutableOopMap {rax=Oop rdx=Oop r8=Oop [248]=Oop [264]=Oop }
                      ;*aaload {reexecute=0 rethrow=0 return_oop=0}
                      ; - org.postgresql.jdbc.PgResultSet::isBinary@7 (line 3416)
                      ; - org.postgresql.jdbc.PgResultSet::getString@36 (line 2400)
                      ;   {runtime_call throw_null_pointer_exception Runtime1 stub}
  0x000002288c11c480: 56ff e899 

  0x000002288c11c484: ; ImmutableOopMap {rax=Oop rdx=Oop r8=Oop [248]=Oop [264]=Oop }
                      ;*aaload {reexecute=0 rethrow=0 return_oop=0}
                      ; - org.postgresql.jdbc.PgResultSet::isBinary@7 (line 3416)
                      ; - org.postgresql.jdbc.PgResultSet::getString@36 (line 2400)
  0x000002288c11c484: a856 ff48 | 8934 244c | 8944 2408 

  0x000002288c11c490: ;   {runtime_call throw_range_check_failed Runtime1 stub}
  0x000002288c11c490: e88b 9f56 

  0x000002288c11c494: ; ImmutableOopMap {rax=Oop rdx=Oop r8=Oop [248]=Oop [264]=Oop }
                      ;*aaload {reexecute=0 rethrow=0 return_oop=0}
                      ; - org.postgresql.jdbc.PgResultSet::isBinary@7 (line 3416)
                      ; - org.postgresql.jdbc.PgResultSet::getString@36 (line 2400)
                      ;   {runtime_call throw_null_pointer_exception Runtime1 stub}
  0x000002288c11c494: ffe8 86a8 

  0x000002288c11c498: ; ImmutableOopMap {rax=Oop rdx=Oop rdi=Oop [248]=Oop [264]=Oop }
                      ;*invokevirtual getFormat {reexecute=0 rethrow=0 return_oop=0}
                      ; - org.postgresql.jdbc.PgResultSet::isBinary@8 (line 3416)
                      ; - org.postgresql.jdbc.PgResultSet::getString@36 (line 2400)
                      ;   {runtime_call throw_incompatible_class_change_error Runtime1 stub}
  0x000002288c11c498: 56ff e881 

  0x000002288c11c49c: ; ImmutableOopMap {rax=Oop rdx=Oop rsi=Oop [248]=Oop [264]=Oop }
                      ;*invokeinterface getEncoding {reexecute=0 rethrow=0 return_oop=0}
                      ; - org.postgresql.jdbc.PgResultSet::getString@251 (line 2437)
                      ;   {runtime_call throw_null_pointer_exception Runtime1 stub}
  0x000002288c11c49c: d756 ffe8 

  0x000002288c11c4a0: ; ImmutableOopMap {rax=Oop rdx=Oop [248]=Oop [264]=Oop }
                      ;*invokeinterface getEncoding {reexecute=0 rethrow=0 return_oop=0}
                      ; - org.postgresql.jdbc.PgResultSet::getString@251 (line 2437)
  0x000002288c11c4a0: 7ca8 56ff 

  0x000002288c11c4a4: ;   {runtime_call throw_incompatible_class_change_error Runtime1 stub}
  0x000002288c11c4a4: e877 d756 

  0x000002288c11c4a8: ; ImmutableOopMap {rax=Oop rdx=Oop rsi=Oop [248]=Oop [264]=Oop }
                      ;*invokeinterface getEncoding {reexecute=0 rethrow=0 return_oop=0}
                      ; - org.postgresql.jdbc.PgConnection::getEncoding@4 (line 1199)
                      ; - org.postgresql.jdbc.PgResultSet::getString@251 (line 2437)
                      ;   {runtime_call throw_null_pointer_exception Runtime1 stub}
  0x000002288c11c4a8: ffe8 72a8 

  0x000002288c11c4ac: ; ImmutableOopMap {rax=Oop rdx=Oop [248]=Oop [264]=Oop }
                      ;*invokeinterface getEncoding {reexecute=0 rethrow=0 return_oop=0}
                      ; - org.postgresql.jdbc.PgConnection::getEncoding@4 (line 1199)
                      ; - org.postgresql.jdbc.PgResultSet::getString@251 (line 2437)
                      ;   {runtime_call throw_null_pointer_exception Runtime1 stub}
  0x000002288c11c4ac: 56ff e86d 

  0x000002288c11c4b0: ; ImmutableOopMap {rax=Oop rdx=Oop [248]=Oop [264]=Oop }
                      ;*invokevirtual getEncoding {reexecute=0 rethrow=0 return_oop=0}
                      ; - org.postgresql.core.QueryExecutorBase::getEncoding@4 (line 319)
                      ; - org.postgresql.jdbc.PgConnection::getEncoding@4 (line 1199)
                      ; - org.postgresql.jdbc.PgResultSet::getString@251 (line 2437)
                      ;   {runtime_call throw_null_pointer_exception Runtime1 stub}
  0x000002288c11c4b0: a856 ffe8 

  0x000002288c11c4b4: ; ImmutableOopMap {rax=Oop rdx=Oop rbx=Oop [248]=Oop [264]=Oop }
                      ;*invokevirtual decode {reexecute=0 rethrow=0 return_oop=0}
                      ; - org.postgresql.jdbc.PgResultSet::getString@261 (line 2439)
  0x000002288c11c4b4: 68a8 56ff 

  0x000002288c11c4b8: ;   {runtime_call throw_null_pointer_exception Runtime1 stub}
  0x000002288c11c4b8: e863 a856 

  0x000002288c11c4bc: ; ImmutableOopMap {rax=Oop rdx=Oop rbx=Oop [248]=Oop [264]=Oop }
                      ;*arraylength {reexecute=0 rethrow=0 return_oop=0}
                      ; - org.postgresql.core.Encoding::decode@4 (line 295)
                      ; - org.postgresql.jdbc.PgResultSet::getString@261 (line 2439)
  0x000002288c11c4bc: ff48 8bd2 

  0x000002288c11c4c0: ;   {runtime_call fast_new_instance Runtime1 stub}
  0x000002288c11c4c0: e83b b356 

  0x000002288c11c4c4: ; ImmutableOopMap {rbx=Oop r8=Oop [248]=Oop [264]=Oop }
                      ;*new {reexecute=0 rethrow=0 return_oop=0}
                      ; - org.postgresql.core.Encoding::decode@0 (line 284)
                      ; - org.postgresql.core.Encoding::decode@5 (line 295)
                      ; - org.postgresql.jdbc.PgResultSet::getString@261 (line 2439)
  0x000002288c11c4c4: ffe9 3ef8 

  0x000002288c11c4c8: ;   {runtime_call throw_null_pointer_exception Runtime1 stub}
  0x000002288c11c4c8: ffff e851 

  0x000002288c11c4cc: ; ImmutableOopMap {r8=Oop rdx=Oop [248]=Oop [264]=Oop }
                      ;*aaload {reexecute=0 rethrow=0 return_oop=0}
                      ; - org.postgresql.jdbc.PgResultSet::getString@59 (line 2401)
                      ;   {runtime_call throw_null_pointer_exception Runtime1 stub}
  0x000002288c11c4cc: a856 ffe8 

  0x000002288c11c4d0: ; ImmutableOopMap {r8=Oop rdx=Oop [248]=Oop [264]=Oop }
                      ;*aaload {reexecute=0 rethrow=0 return_oop=0}
                      ; - org.postgresql.jdbc.PgResultSet::getString@59 (line 2401)
  0x000002288c11c4d0: 4ca8 56ff | 4889 3424 | 4889 5424 

  0x000002288c11c4dc: ;   {runtime_call throw_range_check_failed Runtime1 stub}
  0x000002288c11c4dc: 08e8 3e9f 

  0x000002288c11c4e0: ; ImmutableOopMap {r8=Oop rdx=Oop [248]=Oop [264]=Oop }
                      ;*aaload {reexecute=0 rethrow=0 return_oop=0}
                      ; - org.postgresql.jdbc.PgResultSet::getString@59 (line 2401)
                      ;   {runtime_call throw_null_pointer_exception Runtime1 stub}
  0x000002288c11c4e0: 56ff e839 

  0x000002288c11c4e4: ; ImmutableOopMap {rax=Oop rdi=Oop [248]=Oop [264]=Oop [272]=Oop [296]=Oop }
                      ;*invokevirtual getOID {reexecute=0 rethrow=0 return_oop=0}
                      ; - org.postgresql.jdbc.PgResultSet::getString@68 (line 2407)
                      ;   {runtime_call throw_null_pointer_exception Runtime1 stub}
  0x000002288c11c4e4: a856 ffe8 

  0x000002288c11c4e8: ; ImmutableOopMap {rdx=Oop r8=Oop [248]=Oop [288]=Oop }
                      ;*aaload {reexecute=0 rethrow=0 return_oop=0}
                      ; - org.postgresql.jdbc.PgResultSet::getPGType@7 (line 3317)
                      ; - org.postgresql.jdbc.PgResultSet::getString@218 (line 2431)
  0x000002288c11c4e8: 34a8 56ff 

  0x000002288c11c4ec: ;   {runtime_call throw_null_pointer_exception Runtime1 stub}
  0x000002288c11c4ec: e82f a856 

  0x000002288c11c4f0: ; ImmutableOopMap {rdx=Oop r8=Oop [248]=Oop [288]=Oop }
                      ;*aaload {reexecute=0 rethrow=0 return_oop=0}
                      ; - org.postgresql.jdbc.PgResultSet::getPGType@7 (line 3317)
                      ; - org.postgresql.jdbc.PgResultSet::getString@218 (line 2431)
  0x000002288c11c4f0: ff48 8934 | 244c 8944 

  0x000002288c11c4f8: ;   {runtime_call throw_range_check_failed Runtime1 stub}
  0x000002288c11c4f8: 2408 e821 

  0x000002288c11c4fc: ; ImmutableOopMap {rdx=Oop r8=Oop [248]=Oop [288]=Oop }
                      ;*aaload {reexecute=0 rethrow=0 return_oop=0}
                      ; - org.postgresql.jdbc.PgResultSet::getPGType@7 (line 3317)
                      ; - org.postgresql.jdbc.PgResultSet::getString@218 (line 2431)
                      ;   {runtime_call throw_null_pointer_exception Runtime1 stub}
  0x000002288c11c4fc: 9f56 ffe8 

  0x000002288c11c500: ; ImmutableOopMap {[248]=Oop [288]=Oop }
                      ;*invokevirtual getPGType {reexecute=0 rethrow=0 return_oop=0}
                      ; - org.postgresql.jdbc.PgResultSet::getPGType@15 (line 3319)
                      ; - org.postgresql.jdbc.PgResultSet::getString@218 (line 2431)
  0x000002288c11c500: 1ca8 56ff | 4889 0424 

  0x000002288c11c508: ;   {runtime_call throw_class_cast_exception Runtime1 stub}
  0x000002288c11c508: e813 d456 

  0x000002288c11c50c: ; ImmutableOopMap {}
                      ;*checkcast {reexecute=0 rethrow=0 return_oop=0}
                      ; - org.postgresql.jdbc.PgResultSet::getString@229 (line 2432)
                      ;   {internal_word}
  0x000002288c11c50c: ff49 ba24 | bf11 8c28 | 0200 004d | 8997 6004 

  0x000002288c11c51c: ;   {runtime_call SafepointBlob}
  0x000002288c11c51c: 0000 e95d 

  0x000002288c11c520: ;   {internal_word}
  0x000002288c11c520: a64a ff49 | ba74 bf11 | 8c28 0200 | 004d 8997 | 6004 0000 

  0x000002288c11c534: ;   {runtime_call SafepointBlob}
  0x000002288c11c534: e947 a64a 

  0x000002288c11c538: ;   {internal_word}
  0x000002288c11c538: ff49 ba94 | bf11 8c28 | 0200 004d | 8997 6004 

  0x000002288c11c548: ;   {runtime_call SafepointBlob}
  0x000002288c11c548: 0000 e931 

  0x000002288c11c54c: ;   {internal_word}
  0x000002288c11c54c: a64a ff49 | bac4 bf11 | 8c28 0200 | 004d 8997 | 6004 0000 

  0x000002288c11c560: ;   {runtime_call SafepointBlob}
  0x000002288c11c560: e91b a64a 

  0x000002288c11c564: ;   {runtime_call throw_null_pointer_exception Runtime1 stub}
  0x000002288c11c564: ffe8 b6a7 

  0x000002288c11c568: ; ImmutableOopMap {rax=Oop [264]=Oop [296]=Oop }
                      ;*invokevirtual toStringOffsetTimeBin {reexecute=0 rethrow=0 return_oop=0}
                      ; - org.postgresql.jdbc.PgResultSet::getString@135 (line 2411)
                      ;   {internal_word}
  0x000002288c11c568: 56ff 49ba | 2cc0 118c | 2802 0000 | 4d89 9760 

  0x000002288c11c578: ;   {runtime_call SafepointBlob}
  0x000002288c11c578: 0400 00e9 | 00a6 4aff 

  0x000002288c11c580: ;   {runtime_call throw_null_pointer_exception Runtime1 stub}
  0x000002288c11c580: e89b a756 

  0x000002288c11c584: ; ImmutableOopMap {rax=Oop [264]=Oop [296]=Oop }
                      ;*invokevirtual toStringOffsetDateTime {reexecute=0 rethrow=0 return_oop=0}
                      ; - org.postgresql.jdbc.PgResultSet::getString@166 (line 2417)
                      ;   {internal_word}
  0x000002288c11c584: ff49 ba94 | c011 8c28 | 0200 004d | 8997 6004 

  0x000002288c11c594: ;   {runtime_call SafepointBlob}
  0x000002288c11c594: 0000 e9e5 

  0x000002288c11c598: ;   {runtime_call throw_null_pointer_exception Runtime1 stub}
  0x000002288c11c598: a54a ffe8 

  0x000002288c11c59c: ; ImmutableOopMap {rax=Oop [264]=Oop [296]=Oop }
                      ;*invokevirtual toLocalDateTimeBin {reexecute=0 rethrow=0 return_oop=0}
                      ; - org.postgresql.jdbc.PgResultSet::getString@156 (line 2415)
  0x000002288c11c59c: 80a7 56ff 

  0x000002288c11c5a0: ;   {internal_word}
  0x000002288c11c5a0: 49ba e4c0 | 118c 2802 | 0000 4d89 | 9760 0400 

  0x000002288c11c5b0: ;   {runtime_call SafepointBlob}
  0x000002288c11c5b0: 00e9 caa5 

  0x000002288c11c5b4: ;   {runtime_call throw_null_pointer_exception Runtime1 stub}
  0x000002288c11c5b4: 4aff e865 

  0x000002288c11c5b8: ; ImmutableOopMap {rax=Oop [264]=Oop [296]=Oop }
                      ;*invokevirtual toLocalTimeBin {reexecute=0 rethrow=0 return_oop=0}
                      ; - org.postgresql.jdbc.PgResultSet::getString@125 (line 2409)
                      ;   {internal_word}
  0x000002288c11c5b8: a756 ff49 | ba34 c111 | 8c28 0200 | 004d 8997 | 6004 0000 

  0x000002288c11c5cc: ;   {runtime_call SafepointBlob}
  0x000002288c11c5cc: e9af a54a 

  0x000002288c11c5d0: ;   {runtime_call throw_null_pointer_exception Runtime1 stub}
  0x000002288c11c5d0: ffe8 4aa7 

  0x000002288c11c5d4: ; ImmutableOopMap {rax=Oop [264]=Oop [296]=Oop }
                      ;*invokevirtual toLocalDateBin {reexecute=0 rethrow=0 return_oop=0}
                      ; - org.postgresql.jdbc.PgResultSet::getString@144 (line 2413)
                      ;   {internal_word}
  0x000002288c11c5d4: 56ff 49ba | 84c1 118c | 2802 0000 | 4d89 9760 

  0x000002288c11c5e4: ;   {runtime_call SafepointBlob}
  0x000002288c11c5e4: 0400 00e9 | 94a5 4aff 

  0x000002288c11c5ec: ;   {internal_word}
  0x000002288c11c5ec: 49ba 1cc2 | 118c 2802 | 0000 4d89 | 9760 0400 

  0x000002288c11c5fc: ;   {runtime_call SafepointBlob}
  0x000002288c11c5fc: 00e9 7ea5 

  0x000002288c11c600: ;   {internal_word}
  0x000002288c11c600: 4aff 49ba | 3cc2 118c | 2802 0000 | 4d89 9760 

  0x000002288c11c610: ;   {runtime_call SafepointBlob}
  0x000002288c11c610: 0400 00e9 | 68a5 4aff 

  0x000002288c11c618: ;   {runtime_call fast_new_instance Runtime1 stub}
  0x000002288c11c618: 488b d2e8 

  0x000002288c11c61c: ; ImmutableOopMap {[248]=Oop [264]=Oop [320]=Oop }
                      ;*new {reexecute=0 rethrow=0 return_oop=0}
                      ; - java.util.Objects::requireNonNull@4 (line 233)
                      ; - java.lang.String::<init>@3 (line 522)
                      ; - org.postgresql.core.Encoding::decode@11 (line 284)
                      ; - org.postgresql.core.Encoding::decode@5 (line 295)
                      ; - org.postgresql.jdbc.PgResultSet::getString@261 (line 2439)
  0x000002288c11c61c: e0b1 56ff | e981 fcff 

  0x000002288c11c624: ;   {runtime_call throw_null_pointer_exception Runtime1 stub}
  0x000002288c11c624: ffe8 f6a6 

  0x000002288c11c628: ; ImmutableOopMap {[336]=Oop }
                      ;*new {reexecute=0 rethrow=0 return_oop=0}
                      ; - org.postgresql.jdbc.PgResultSet::getString@270 (line 2441)
  0x000002288c11c628: 56ff 488b 

  0x000002288c11c62c: ;   {runtime_call fast_new_instance_init_check Runtime1 stub}
  0x000002288c11c62c: d2e8 ceb5 

  0x000002288c11c630: ; ImmutableOopMap {[336]=Oop }
                      ;*new {reexecute=0 rethrow=0 return_oop=0}
                      ; - org.postgresql.jdbc.PgResultSet::getString@270 (line 2441)
  0x000002288c11c630: 56ff e92a 

  0x000002288c11c634: ;   {runtime_call new_object_array Runtime1 stub}
  0x000002288c11c634: fdff ffe8 

  0x000002288c11c638: ; ImmutableOopMap {[336]=Oop [344]=Oop }
                      ;*anewarray {reexecute=0 rethrow=0 return_oop=0}
                      ; - org.postgresql.jdbc.PgResultSet::getString@278 (line 2441)
  0x000002288c11c638: c4bd 56ff | e9b9 fdff 

  0x000002288c11c640: ;   {oop(nullptr)}
  0x000002288c11c640: ff49 b800 | 0000 0000 | 0000 0050 | 5349 8b58 | 1057 5652 | 5141 5041 | 5141 5241 | 5348 83ec 
  0x000002288c11c660: 2040 f6c4 | 0f0f 8419 | 0000 0048 

  0x000002288c11c66c: ;   {runtime_call}
  0x000002288c11c66c: 83ec 0848 | b810 9d53 | 68fe 7f00 | 00ff d048 | 83c4 08e9 | 0c00 0000 

  0x000002288c11c684: ;   {runtime_call}
  0x000002288c11c684: 48b8 109d | 5368 fe7f | 0000 ffd0 | 4883 c420 | 415b 415a | 4159 4158 | 595a 5e5f | 483b 8328 
  0x000002288c11c6a4: 0100 005b | 580f 850a | 0000 00e9 | 6efd ffff | b800 786e 

  0x000002288c11c6b8: ;   {runtime_call load_mirror_patching Runtime1 stub}
  0x000002288c11c6b8: 0ae8 c2f8 

  0x000002288c11c6bc: ; ImmutableOopMap {rax=Oop [336]=Oop [344]=Oop }
                      ;*getstatic DATA_ERROR {reexecute=1 rethrow=0 return_oop=0}
                      ; - (reexecute) org.postgresql.jdbc.PgResultSet::getString@284 (line 2442)
  0x000002288c11c6bc: 56ff e955 

  0x000002288c11c6c0: ;   {runtime_call throw_null_pointer_exception Runtime1 stub}
  0x000002288c11c6c0: fdff ffe8 

  0x000002288c11c6c4: ; ImmutableOopMap {rax=Oop r8=Oop [336]=Oop [344]=Oop }
                      ;*getstatic DATA_ERROR {reexecute=1 rethrow=0 return_oop=0}
                      ; - (reexecute) org.postgresql.jdbc.PgResultSet::getString@284 (line 2442)
  0x000002288c11c6c4: 58a6 56ff | 458b 8800 | 0000 00b8 | 000c 0507 

  0x000002288c11c6d4: ;   {runtime_call access_field_patching Runtime1 stub}
  0x000002288c11c6d4: e8a7 eb56 

  0x000002288c11c6d8: ; ImmutableOopMap {rax=Oop r8=Oop [336]=Oop [344]=Oop }
                      ;*getstatic DATA_ERROR {reexecute=1 rethrow=0 return_oop=0}
                      ; - (reexecute) org.postgresql.jdbc.PgResultSet::getString@284 (line 2442)
  0x000002288c11c6d8: ffe9 4afd | ffff 498b | 87f8 0400 | 0049 c787 | f804 0000 | 0000 0000 | 49c7 8700 | 0500 0000 
  0x000002288c11c6f8: 0000 0048 | 81c4 7001 

  0x000002288c11c700: ;   {runtime_call unwind_exception Runtime1 stub}
  0x000002288c11c700: 0000 5de9 | f896 56ff 
[Stub Code]
  0x000002288c11c708: ;   {no_reloc}
  0x000002288c11c708: 0f1f 4400 

  0x000002288c11c70c: ;   {static_stub}
  0x000002288c11c70c: 0048 bb00 | 0000 0000 

  0x000002288c11c714: ;   {runtime_call}
  0x000002288c11c714: 0000 00e9 | fbff ffff 

  0x000002288c11c71c: ;   {static_stub}
  0x000002288c11c71c: 9048 bb00 | 0000 0000 

  0x000002288c11c724: ;   {runtime_call}
  0x000002288c11c724: 0000 00e9 | fbff ffff 

  0x000002288c11c72c: ;   {static_stub}
  0x000002288c11c72c: 9048 bb00 | 0000 0000 

  0x000002288c11c734: ;   {runtime_call}
  0x000002288c11c734: 0000 00e9 | fbff ffff 

  0x000002288c11c73c: ;   {static_stub}
  0x000002288c11c73c: 9048 bb00 | 0000 0000 

  0x000002288c11c744: ;   {runtime_call}
  0x000002288c11c744: 0000 00e9 | fbff ffff 

  0x000002288c11c74c: ;   {static_stub}
  0x000002288c11c74c: 9048 bb00 | 0000 0000 

  0x000002288c11c754: ;   {runtime_call}
  0x000002288c11c754: 0000 00e9 | fbff ffff 

  0x000002288c11c75c: ;   {static_stub}
  0x000002288c11c75c: 9048 bb00 | 0000 0000 

  0x000002288c11c764: ;   {runtime_call}
  0x000002288c11c764: 0000 00e9 | fbff ffff 

  0x000002288c11c76c: ;   {static_stub}
  0x000002288c11c76c: 9048 bb00 | 0000 0000 

  0x000002288c11c774: ;   {runtime_call}
  0x000002288c11c774: 0000 00e9 | fbff ffff 

  0x000002288c11c77c: ;   {static_stub}
  0x000002288c11c77c: 9048 bb00 | 0000 0000 

  0x000002288c11c784: ;   {runtime_call}
  0x000002288c11c784: 0000 00e9 | fbff ffff 

  0x000002288c11c78c: ;   {static_stub}
  0x000002288c11c78c: 9048 bb00 | 0000 0000 

  0x000002288c11c794: ;   {runtime_call}
  0x000002288c11c794: 0000 00e9 | fbff ffff 

  0x000002288c11c79c: ;   {static_stub}
  0x000002288c11c79c: 9048 bb00 | 0000 0000 

  0x000002288c11c7a4: ;   {runtime_call}
  0x000002288c11c7a4: 0000 00e9 | fbff ffff 

  0x000002288c11c7ac: ;   {static_stub}
  0x000002288c11c7ac: 9048 bb00 | 0000 0000 

  0x000002288c11c7b4: ;   {runtime_call}
  0x000002288c11c7b4: 0000 00e9 | fbff ffff 

  0x000002288c11c7bc: ;   {static_stub}
  0x000002288c11c7bc: 9048 bb00 | 0000 0000 

  0x000002288c11c7c4: ;   {runtime_call}
  0x000002288c11c7c4: 0000 00e9 | fbff ffff 

  0x000002288c11c7cc: ;   {static_stub}
  0x000002288c11c7cc: 9048 bb00 | 0000 0000 

  0x000002288c11c7d4: ;   {runtime_call}
  0x000002288c11c7d4: 0000 00e9 | fbff ffff 

  0x000002288c11c7dc: ;   {static_stub}
  0x000002288c11c7dc: 9048 bb00 | 0000 0000 

  0x000002288c11c7e4: ;   {runtime_call}
  0x000002288c11c7e4: 0000 00e9 | fbff ffff 

  0x000002288c11c7ec: ;   {static_stub}
  0x000002288c11c7ec: 9048 bb00 | 0000 0000 

  0x000002288c11c7f4: ;   {runtime_call}
  0x000002288c11c7f4: 0000 00e9 | fbff ffff 

  0x000002288c11c7fc: ;   {static_stub}
  0x000002288c11c7fc: 9048 bb00 | 0000 0000 

  0x000002288c11c804: ;   {runtime_call}
  0x000002288c11c804: 0000 00e9 | fbff ffff 

  0x000002288c11c80c: ;   {static_stub}
  0x000002288c11c80c: 9048 bb00 | 0000 0000 

  0x000002288c11c814: ;   {runtime_call}
  0x000002288c11c814: 0000 00e9 | fbff ffff 

  0x000002288c11c81c: ;   {static_stub}
  0x000002288c11c81c: 9048 bb00 | 0000 0000 

  0x000002288c11c824: ;   {runtime_call}
  0x000002288c11c824: 0000 00e9 | fbff ffff 

  0x000002288c11c82c: ;   {static_stub}
  0x000002288c11c82c: 9048 bb00 | 0000 0000 

  0x000002288c11c834: ;   {runtime_call}
  0x000002288c11c834: 0000 00e9 | fbff ffff 

  0x000002288c11c83c: ;   {static_stub}
  0x000002288c11c83c: 9048 bb00 | 0000 0000 

  0x000002288c11c844: ;   {runtime_call}
  0x000002288c11c844: 0000 00e9 | fbff ffff 

  0x000002288c11c84c: ;   {static_stub}
  0x000002288c11c84c: 9048 bb00 | 0000 0000 

  0x000002288c11c854: ;   {runtime_call}
  0x000002288c11c854: 0000 00e9 | fbff ffff 

  0x000002288c11c85c: ;   {static_stub}
  0x000002288c11c85c: 48bb 0000 | 0000 0000 

  0x000002288c11c864: ;   {runtime_call}
  0x000002288c11c864: 0000 e9fb 

  0x000002288c11c868: ;   {static_stub}
  0x000002288c11c868: ffff ff48 | bb00 0000 | 0000 0000 

  0x000002288c11c874: ;   {runtime_call}
  0x000002288c11c874: 00e9 fbff 

  0x000002288c11c878: ;   {static_stub}
  0x000002288c11c878: ffff 48bb | 0000 0000 | 0000 0000 

  0x000002288c11c884: ;   {runtime_call}
  0x000002288c11c884: e9fb ffff 

  0x000002288c11c888: ;   {static_stub}
  0x000002288c11c888: ff48 bb00 | 0000 0000 

  0x000002288c11c890: ;   {runtime_call}
  0x000002288c11c890: 0000 00e9 | fbff ffff 

  0x000002288c11c898: ;   {static_stub}
  0x000002288c11c898: 48bb 0000 | 0000 0000 

  0x000002288c11c8a0: ;   {runtime_call}
  0x000002288c11c8a0: 0000 e9fb 

  0x000002288c11c8a4: ;   {static_stub}
  0x000002288c11c8a4: ffff ff48 | bb00 0000 | 0000 0000 

  0x000002288c11c8b0: ;   {runtime_call}
  0x000002288c11c8b0: 00e9 fbff 

  0x000002288c11c8b4: ;   {static_stub}
  0x000002288c11c8b4: ffff 48bb | 0000 0000 | 0000 0000 

  0x000002288c11c8c0: ;   {runtime_call}
  0x000002288c11c8c0: e9fb ffff 

  0x000002288c11c8c4: ;   {static_stub}
  0x000002288c11c8c4: ff48 bb00 | 0000 0000 

  0x000002288c11c8cc: ;   {runtime_call}
  0x000002288c11c8cc: 0000 00e9 | fbff ffff 
[Exception Handler]
  0x000002288c11c8d4: ;   {runtime_call handle_exception_from_callee Runtime1 stub}
  0x000002288c11c8d4: e827 ca56 

  0x000002288c11c8d8: ;   {external_word}
  0x000002288c11c8d8: ff48 b9b0 | 48ed 68fe | 7f00 0048 

  0x000002288c11c8e4: ;   {runtime_call}
  0x000002288c11c8e4: 83e4 f048 | b820 2fb5 | 68fe 7f00 | 00ff d0f4 
[Deopt Handler Code]
  0x000002288c11c8f4: ;   {section_word}
  0x000002288c11c8f4: 49ba f4c8 | 118c 2802 | 0000 4152 

  0x000002288c11c900: ;   {runtime_call DeoptimizationBlob}
  0x000002288c11c900: e91b b74a | fff4 f4f4 
[/MachCode]


---------------  P R O C E S S  ---------------

Threads class SMR info:
_java_thread_list=0x00000228dbdd8270, length=31, elements={
0x000002289370f880, 0x0000022893713000, 0x0000022893717a60, 0x000002289371b1e0,
0x000002289371cc40, 0x000002289371d690, 0x000002289371e0e0, 0x0000022893923430,
0x00000228d92a4670, 0x00000228d92acce0, 0x00000228dab5d7c0, 0x00000228dab5de50,
0x00000228dab5b060, 0x00000228dab5e4e0, 0x00000228dab5b6f0, 0x00000228dab5d130,
0x00000228dab5c410, 0x00000228e1370e80, 0x00000228e136e720, 0x00000228e136fad0,
0x00000228e136e090, 0x00000228e1371510, 0x00000228e13707f0, 0x00000228e136edb0,
0x00000228e1372230, 0x00000228e13728c0, 0x00000228e1371ba0, 0x00000228e136f440,
0x00000228e1370160, 0x00000228e1373c70, 0x00000228dc46a100
}

Java Threads: ( => current thread )
  0x000002289370f880 JavaThread "Reference Handler"          daemon [_thread_blocked, id=12644, stack(0x000000f799600000,0x000000f799700000) (1024K)]
  0x0000022893713000 JavaThread "Finalizer"                  daemon [_thread_blocked, id=8528, stack(0x000000f799700000,0x000000f799800000) (1024K)]
  0x0000022893717a60 JavaThread "Signal Dispatcher"          daemon [_thread_blocked, id=12176, stack(0x000000f799800000,0x000000f799900000) (1024K)]
  0x000002289371b1e0 JavaThread "Attach Listener"            daemon [_thread_blocked, id=19540, stack(0x000000f799900000,0x000000f799a00000) (1024K)]
  0x000002289371cc40 JavaThread "Service Thread"             daemon [_thread_blocked, id=19960, stack(0x000000f799a00000,0x000000f799b00000) (1024K)]
  0x000002289371d690 JavaThread "Monitor Deflation Thread"   daemon [_thread_blocked, id=18252, stack(0x000000f799b00000,0x000000f799c00000) (1024K)]
  0x000002289371e0e0 JavaThread "C1 CompilerThread0"         daemon [_thread_blocked, id=10740, stack(0x000000f799c00000,0x000000f799d00000) (1024K)]
  0x0000022893923430 JavaThread "Common-Cleaner"             daemon [_thread_blocked, id=11328, stack(0x000000f799d00000,0x000000f799e00000) (1024K)]
  0x00000228d92a4670 JavaThread "Monitor Ctrl-Break"         daemon [_thread_in_native, id=4512, stack(0x000000f799f00000,0x000000f79a000000) (1024K)]
  0x00000228d92acce0 JavaThread "Notification Thread"        daemon [_thread_blocked, id=18088, stack(0x000000f79a000000,0x000000f79a100000) (1024K)]
  0x00000228dab5d7c0 JavaThread "Catalina-utility-1"                [_thread_blocked, id=17208, stack(0x000000f79af00000,0x000000f79b000000) (1024K)]
  0x00000228dab5de50 JavaThread "Catalina-utility-2"                [_thread_blocked, id=19532, stack(0x000000f79b000000,0x000000f79b100000) (1024K)]
  0x00000228dab5b060 JavaThread "container-0"                       [_thread_blocked, id=14368, stack(0x000000f79b100000,0x000000f79b200000) (1024K)]
  0x00000228dab5e4e0 JavaThread "Cleaner-0"                  daemon [_thread_blocked, id=19352, stack(0x000000f79a200000,0x000000f79a300000) (1024K)]
  0x00000228dab5b6f0 JavaThread "HikariPool-1:housekeeper"   daemon [_thread_blocked, id=12180, stack(0x000000f79b300000,0x000000f79b400000) (1024K)]
  0x00000228dab5d130 JavaThread "lettuce-timer-3-1"          daemon [_thread_blocked, id=13904, stack(0x000000f79b500000,0x000000f79b600000) (1024K)]
  0x00000228dab5c410 JavaThread "lettuce-nioEventLoop-4-1"   daemon [_thread_in_native, id=10656, stack(0x000000f79b600000,0x000000f79b700000) (1024K)]
  0x00000228e1370e80 JavaThread "http-nio-8083-exec-1"       daemon [_thread_in_native, id=13320, stack(0x000000f79b700000,0x000000f79b800000) (1024K)]
  0x00000228e136e720 JavaThread "http-nio-8083-exec-2"       daemon [_thread_blocked, id=17288, stack(0x000000f79b800000,0x000000f79b900000) (1024K)]
  0x00000228e136fad0 JavaThread "http-nio-8083-exec-3"       daemon [_thread_blocked, id=13044, stack(0x000000f79b900000,0x000000f79ba00000) (1024K)]
  0x00000228e136e090 JavaThread "http-nio-8083-exec-4"       daemon [_thread_blocked, id=4844, stack(0x000000f79ba00000,0x000000f79bb00000) (1024K)]
  0x00000228e1371510 JavaThread "http-nio-8083-exec-5"       daemon [_thread_in_native, id=19192, stack(0x000000f79bb00000,0x000000f79bc00000) (1024K)]
  0x00000228e13707f0 JavaThread "http-nio-8083-exec-6"       daemon [_thread_blocked, id=10532, stack(0x000000f79bc00000,0x000000f79bd00000) (1024K)]
  0x00000228e136edb0 JavaThread "http-nio-8083-exec-7"       daemon [_thread_blocked, id=16184, stack(0x000000f79bd00000,0x000000f79be00000) (1024K)]
=>0x00000228e1372230 JavaThread "http-nio-8083-exec-8"       daemon [_thread_in_vm, id=8648, stack(0x000000f79be00000,0x000000f79bf00000) (1024K)]
  0x00000228e13728c0 JavaThread "http-nio-8083-exec-9"       daemon [_thread_in_native, id=7160, stack(0x000000f79bf00000,0x000000f79c000000) (1024K)]
  0x00000228e1371ba0 JavaThread "http-nio-8083-exec-10"      daemon [_thread_blocked, id=12172, stack(0x000000f79c000000,0x000000f79c100000) (1024K)]
  0x00000228e136f440 JavaThread "http-nio-8083-Poller"       daemon [_thread_in_native, id=15016, stack(0x000000f79c100000,0x000000f79c200000) (1024K)]
  0x00000228e1370160 JavaThread "http-nio-8083-Acceptor"     daemon [_thread_in_native, id=5572, stack(0x000000f79c200000,0x000000f79c300000) (1024K)]
  0x00000228e1373c70 JavaThread "DestroyJavaVM"                     [_thread_blocked, id=9420, stack(0x000000f798e00000,0x000000f798f00000) (1024K)]
  0x00000228dc46a100 JavaThread "Java2D Disposer"            daemon [_thread_blocked, id=13832, stack(0x000000f798c00000,0x000000f798d00000) (1024K)]
Total: 31

Other Threads:
  0x00000228936f6520 VMThread "VM Thread"                           [id=11752, stack(0x000000f799500000,0x000000f799600000) (1024K)]
  0x00000228936e1b80 WatcherThread "VM Periodic Task Thread"        [id=11136, stack(0x000000f799400000,0x000000f799500000) (1024K)]
  0x000002288313be30 WorkerThread "GC Thread#0"                     [id=10176, stack(0x000000f798f00000,0x000000f799000000) (1024K)]
  0x00000228d9725950 WorkerThread "GC Thread#1"                     [id=1952, stack(0x000000f79a300000,0x000000f79a400000) (1024K)]
  0x00000228d9726100 WorkerThread "GC Thread#2"                     [id=19820, stack(0x000000f79a400000,0x000000f79a500000) (1024K)]
  0x00000228d96e2470 WorkerThread "GC Thread#3"                     [id=5056, stack(0x000000f79a500000,0x000000f79a600000) (1024K)]
  0x00000228d96f9940 WorkerThread "GC Thread#4"                     [id=14884, stack(0x000000f79a600000,0x000000f79a700000) (1024K)]
  0x00000228d9767010 WorkerThread "GC Thread#5"                     [id=17836, stack(0x000000f79aa00000,0x000000f79ab00000) (1024K)]
  0x00000228d97673b0 WorkerThread "GC Thread#6"                     [id=10308, stack(0x000000f79ab00000,0x000000f79ac00000) (1024K)]
  0x00000228d9aa1740 WorkerThread "GC Thread#7"                     [id=7884, stack(0x000000f79ac00000,0x000000f79ad00000) (1024K)]
  0x000002288314da20 ConcurrentGCThread "G1 Main Marker"            [id=10064, stack(0x000000f799000000,0x000000f799100000) (1024K)]
  0x000002288314e520 WorkerThread "G1 Conc#0"                       [id=1196, stack(0x000000f799100000,0x000000f799200000) (1024K)]
  0x00000228d9aa0520 WorkerThread "G1 Conc#1"                       [id=17256, stack(0x000000f79a900000,0x000000f79aa00000) (1024K)]
  0x00000228935ae550 ConcurrentGCThread "G1 Refine#0"               [id=4796, stack(0x000000f799200000,0x000000f799300000) (1024K)]
  0x00000228935aeed0 ConcurrentGCThread "G1 Service"                [id=11436, stack(0x000000f799300000,0x000000f799400000) (1024K)]
Total: 15

Threads with active compile tasks:
Total: 0

VM state: not at safepoint (normal execution)

VM Mutex/Monitor currently owned by a thread:  ([mutex/lock_event])
[0x00007ffe6916df50] Heap_lock - owner thread: 0x00000228e1372230

Heap address: 0x0000000085800000, size: 1960 MB, Compressed Oops mode: 32-bit

CDS archive(s) mapped at: [0x0000022894000000-0x0000022894c90000-0x0000022894c90000), size 13172736, SharedBaseAddress: 0x0000022894000000, ArchiveRelocationMode: 1.
Compressed class space mapped at: 0x0000022895000000-0x00000228d5000000, reserved size: 1073741824
Narrow klass base: 0x0000022894000000, Narrow klass shift: 0, Narrow klass range: 0x100000000

GC Precious Log:
 CardTable entry size: 512
 Card Set container configuration: InlinePtr #cards 5 size 8 Array Of Cards #cards 12 size 40 Howl #buckets 4 coarsen threshold 1843 Howl Bitmap #cards 512 size 80 coarsen threshold 460 Card regions per heap region 1 cards per card region 2048
 CPUs: 8 total, 8 available
 Memory: 7834M
 Large Page Support: Disabled
 NUMA Support: Disabled
 Compressed Oops: Enabled (32-bit)
 Heap Region Size: 1M
 Heap Min Capacity: 8M
 Heap Initial Capacity: 124M
 Heap Max Capacity: 1960M
 Pre-touch: Disabled
 Parallel Workers: 8
 Concurrent Workers: 2
 Concurrent Refinement Workers: 8
 Periodic GC: Disabled

Heap:
 garbage-first heap   total 258048K, used 256250K [0x0000000085800000, 0x0000000100000000)
  region size 1024K, 29 young (29696K), 3 survivors (3072K)
 Metaspace       used 107199K, committed 107968K, reserved 1179648K
  class space    used 15199K, committed 15552K, reserved 1048576K

Heap Regions: E=young(eden), S=young(survivor), O=old, HS=humongous(starts), HC=humongous(continues), CS=collection set, F=free, TAMS=top-at-mark-start, PB=parsable bottom
|   0|0x0000000085800000, 0x0000000085900000, 0x0000000085900000|100%|HS|  |TAMS 0x0000000085800000| PB 0x0000000085800000| Complete 
|   1|0x0000000085900000, 0x0000000085a00000, 0x0000000085a00000|100%|HS|  |TAMS 0x0000000085900000| PB 0x0000000085900000| Complete 
|   2|0x0000000085a00000, 0x0000000085b00000, 0x0000000085b00000|100%| O|  |TAMS 0x0000000085a00000| PB 0x0000000085a00000| Untracked 
|   3|0x0000000085b00000, 0x0000000085c00000, 0x0000000085c00000|100%| O|  |TAMS 0x0000000085b00000| PB 0x0000000085b00000| Untracked 
|   4|0x0000000085c00000, 0x0000000085d00000, 0x0000000085d00000|100%| O|  |TAMS 0x0000000085c00000| PB 0x0000000085c00000| Untracked 
|   5|0x0000000085d00000, 0x0000000085e00000, 0x0000000085e00000|100%| O|  |TAMS 0x0000000085d00000| PB 0x0000000085d00000| Untracked 
|   6|0x0000000085e00000, 0x0000000085f00000, 0x0000000085f00000|100%| O|  |TAMS 0x0000000085e00000| PB 0x0000000085e00000| Untracked 
|   7|0x0000000085f00000, 0x0000000086000000, 0x0000000086000000|100%| O|  |TAMS 0x0000000085f00000| PB 0x0000000085f00000| Untracked 
|   8|0x0000000086000000, 0x0000000086100000, 0x0000000086100000|100%| O|  |TAMS 0x0000000086000000| PB 0x0000000086000000| Untracked 
|   9|0x0000000086100000, 0x0000000086200000, 0x0000000086200000|100%| O|  |TAMS 0x0000000086100000| PB 0x0000000086100000| Untracked 
|  10|0x0000000086200000, 0x0000000086300000, 0x0000000086300000|100%| O|  |TAMS 0x0000000086200000| PB 0x0000000086200000| Untracked 
|  11|0x0000000086300000, 0x0000000086400000, 0x0000000086400000|100%| O|  |TAMS 0x0000000086300000| PB 0x0000000086300000| Untracked 
|  12|0x0000000086400000, 0x0000000086500000, 0x0000000086500000|100%| O|  |TAMS 0x0000000086400000| PB 0x0000000086400000| Untracked 
|  13|0x0000000086500000, 0x0000000086600000, 0x0000000086600000|100%| O|  |TAMS 0x0000000086500000| PB 0x0000000086500000| Untracked 
|  14|0x0000000086600000, 0x0000000086700000, 0x0000000086700000|100%| O|  |TAMS 0x0000000086600000| PB 0x0000000086600000| Untracked 
|  15|0x0000000086700000, 0x0000000086800000, 0x0000000086800000|100%| O|  |TAMS 0x0000000086700000| PB 0x0000000086700000| Untracked 
|  16|0x0000000086800000, 0x0000000086900000, 0x0000000086900000|100%|HS|  |TAMS 0x0000000086800000| PB 0x0000000086800000| Complete 
|  17|0x0000000086900000, 0x0000000086a00000, 0x0000000086a00000|100%|HC|  |TAMS 0x0000000086900000| PB 0x0000000086900000| Complete 
|  18|0x0000000086a00000, 0x0000000086b00000, 0x0000000086b00000|100%| O|  |TAMS 0x0000000086a00000| PB 0x0000000086a00000| Untracked 
|  19|0x0000000086b00000, 0x0000000086c00000, 0x0000000086c00000|100%| O|  |TAMS 0x0000000086b00000| PB 0x0000000086b00000| Untracked 
|  20|0x0000000086c00000, 0x0000000086d00000, 0x0000000086d00000|100%| O|Cm|TAMS 0x0000000086c00000| PB 0x0000000086c00000| Complete 
|  21|0x0000000086d00000, 0x0000000086e00000, 0x0000000086e00000|100%| O|  |TAMS 0x0000000086d00000| PB 0x0000000086d00000| Untracked 
|  22|0x0000000086e00000, 0x0000000086f00000, 0x0000000086f00000|100%| O|  |TAMS 0x0000000086e00000| PB 0x0000000086e00000| Untracked 
|  23|0x0000000086f00000, 0x0000000087000000, 0x0000000087000000|100%| O|  |TAMS 0x0000000086f00000| PB 0x0000000086f00000| Untracked 
|  24|0x0000000087000000, 0x0000000087100000, 0x0000000087100000|100%| O|  |TAMS 0x0000000087000000| PB 0x0000000087000000| Untracked 
|  25|0x0000000087100000, 0x0000000087194800, 0x0000000087200000| 58%| E|  |TAMS 0x0000000087100000| PB 0x0000000087100000| Complete 
|  26|0x0000000087200000, 0x0000000087300000, 0x0000000087300000|100%| O|  |TAMS 0x0000000087200000| PB 0x0000000087200000| Untracked 
|  27|0x0000000087300000, 0x0000000087400000, 0x0000000087400000|100%| O|  |TAMS 0x0000000087300000| PB 0x0000000087300000| Untracked 
|  28|0x0000000087400000, 0x0000000087500000, 0x0000000087500000|100%| O|  |TAMS 0x0000000087400000| PB 0x0000000087400000| Untracked 
|  29|0x0000000087500000, 0x0000000087600000, 0x0000000087600000|100%| O|  |TAMS 0x0000000087500000| PB 0x0000000087500000| Untracked 
|  30|0x0000000087600000, 0x0000000087700000, 0x0000000087700000|100%| O|  |TAMS 0x0000000087600000| PB 0x0000000087600000| Untracked 
|  31|0x0000000087700000, 0x0000000087800000, 0x0000000087800000|100%| O|  |TAMS 0x0000000087700000| PB 0x0000000087700000| Untracked 
|  32|0x0000000087800000, 0x0000000087900000, 0x0000000087900000|100%| O|  |TAMS 0x0000000087800000| PB 0x0000000087800000| Untracked 
|  33|0x0000000087900000, 0x0000000087a00000, 0x0000000087a00000|100%| O|  |TAMS 0x0000000087900000| PB 0x0000000087900000| Untracked 
|  34|0x0000000087a00000, 0x0000000087b00000, 0x0000000087b00000|100%| O|  |TAMS 0x0000000087a00000| PB 0x0000000087a00000| Untracked 
|  35|0x0000000087b00000, 0x0000000087c00000, 0x0000000087c00000|100%| E|CS|TAMS 0x0000000087b00000| PB 0x0000000087b00000| Complete 
|  36|0x0000000087c00000, 0x0000000087d00000, 0x0000000087d00000|100%| O|  |TAMS 0x0000000087c00000| PB 0x0000000087c00000| Untracked 
|  37|0x0000000087d00000, 0x0000000087e00000, 0x0000000087e00000|100%| O|  |TAMS 0x0000000087d00000| PB 0x0000000087d00000| Untracked 
|  38|0x0000000087e00000, 0x0000000087f00000, 0x0000000087f00000|100%|HS|  |TAMS 0x0000000087e00000| PB 0x0000000087e00000| Complete 
|  39|0x0000000087f00000, 0x0000000088000000, 0x0000000088000000|100%|HC|  |TAMS 0x0000000087f00000| PB 0x0000000087f00000| Complete 
|  40|0x0000000088000000, 0x0000000088100000, 0x0000000088100000|100%| O|  |TAMS 0x0000000088000000| PB 0x0000000088000000| Untracked 
|  41|0x0000000088100000, 0x0000000088200000, 0x0000000088200000|100%| O|  |TAMS 0x0000000088100000| PB 0x0000000088100000| Untracked 
|  42|0x0000000088200000, 0x0000000088300000, 0x0000000088300000|100%| E|CS|TAMS 0x0000000088200000| PB 0x0000000088200000| Complete 
|  43|0x0000000088300000, 0x0000000088400000, 0x0000000088400000|100%| O|Cm|TAMS 0x0000000088300000| PB 0x0000000088300000| Complete 
|  44|0x0000000088400000, 0x0000000088500000, 0x0000000088500000|100%| E|CS|TAMS 0x0000000088400000| PB 0x0000000088400000| Complete 
|  45|0x0000000088500000, 0x0000000088600000, 0x0000000088600000|100%| O|  |TAMS 0x0000000088500000| PB 0x0000000088500000| Untracked 
|  46|0x0000000088600000, 0x0000000088700000, 0x0000000088700000|100%|HS|  |TAMS 0x0000000088600000| PB 0x0000000088600000| Complete 
|  47|0x0000000088700000, 0x0000000088800000, 0x0000000088800000|100%|HC|  |TAMS 0x0000000088700000| PB 0x0000000088700000| Complete 
|  48|0x0000000088800000, 0x0000000088900000, 0x0000000088900000|100%| O|  |TAMS 0x0000000088800000| PB 0x0000000088800000| Untracked 
|  49|0x0000000088900000, 0x0000000088a00000, 0x0000000088a00000|100%| E|CS|TAMS 0x0000000088900000| PB 0x0000000088900000| Complete 
|  50|0x0000000088a00000, 0x0000000088b00000, 0x0000000088b00000|100%| O|  |TAMS 0x0000000088a00000| PB 0x0000000088a00000| Untracked 
|  51|0x0000000088b00000, 0x0000000088c00000, 0x0000000088c00000|100%|HS|  |TAMS 0x0000000088b00000| PB 0x0000000088b00000| Complete 
|  52|0x0000000088c00000, 0x0000000088d00000, 0x0000000088d00000|100%|HC|  |TAMS 0x0000000088c00000| PB 0x0000000088c00000| Complete 
|  53|0x0000000088d00000, 0x0000000088e00000, 0x0000000088e00000|100%| O|Cm|TAMS 0x0000000088d00000| PB 0x0000000088d00000| Complete 
|  54|0x0000000088e00000, 0x0000000088f00000, 0x0000000088f00000|100%| O|  |TAMS 0x0000000088e00000| PB 0x0000000088e00000| Untracked 
|  55|0x0000000088f00000, 0x0000000089000000, 0x0000000089000000|100%|HS|  |TAMS 0x0000000088f00000| PB 0x0000000088f00000| Complete 
|  56|0x0000000089000000, 0x0000000089100000, 0x0000000089100000|100%|HC|  |TAMS 0x0000000089000000| PB 0x0000000089000000| Complete 
|  57|0x0000000089100000, 0x0000000089200000, 0x0000000089200000|100%|HC|  |TAMS 0x0000000089100000| PB 0x0000000089100000| Complete 
|  58|0x0000000089200000, 0x0000000089300000, 0x0000000089300000|100%|HS|  |TAMS 0x0000000089200000| PB 0x0000000089200000| Complete 
|  59|0x0000000089300000, 0x0000000089400000, 0x0000000089400000|100%|HC|  |TAMS 0x0000000089300000| PB 0x0000000089300000| Complete 
|  60|0x0000000089400000, 0x0000000089500000, 0x0000000089500000|100%|HC|  |TAMS 0x0000000089400000| PB 0x0000000089400000| Complete 
|  61|0x0000000089500000, 0x0000000089600000, 0x0000000089600000|100%|HS|  |TAMS 0x0000000089500000| PB 0x0000000089500000| Complete 
|  62|0x0000000089600000, 0x0000000089700000, 0x0000000089700000|100%|HC|  |TAMS 0x0000000089600000| PB 0x0000000089600000| Complete 
|  63|0x0000000089700000, 0x0000000089800000, 0x0000000089800000|100%|HC|  |TAMS 0x0000000089700000| PB 0x0000000089700000| Complete 
|  64|0x0000000089800000, 0x0000000089900000, 0x0000000089900000|100%|HS|  |TAMS 0x0000000089800000| PB 0x0000000089800000| Complete 
|  65|0x0000000089900000, 0x0000000089a00000, 0x0000000089a00000|100%|HC|  |TAMS 0x0000000089900000| PB 0x0000000089900000| Complete 
|  66|0x0000000089a00000, 0x0000000089b00000, 0x0000000089b00000|100%|HC|  |TAMS 0x0000000089a00000| PB 0x0000000089a00000| Complete 
|  67|0x0000000089b00000, 0x0000000089c00000, 0x0000000089c00000|100%|HS|  |TAMS 0x0000000089b00000| PB 0x0000000089b00000| Complete 
|  68|0x0000000089c00000, 0x0000000089d00000, 0x0000000089d00000|100%|HC|  |TAMS 0x0000000089c00000| PB 0x0000000089c00000| Complete 
|  69|0x0000000089d00000, 0x0000000089e00000, 0x0000000089e00000|100%|HC|  |TAMS 0x0000000089d00000| PB 0x0000000089d00000| Complete 
|  70|0x0000000089e00000, 0x0000000089f00000, 0x0000000089f00000|100%|HS|  |TAMS 0x0000000089e00000| PB 0x0000000089e00000| Complete 
|  71|0x0000000089f00000, 0x000000008a000000, 0x000000008a000000|100%|HC|  |TAMS 0x0000000089f00000| PB 0x0000000089f00000| Complete 
|  72|0x000000008a000000, 0x000000008a100000, 0x000000008a100000|100%|HC|  |TAMS 0x000000008a000000| PB 0x000000008a000000| Complete 
|  73|0x000000008a100000, 0x000000008a200000, 0x000000008a200000|100%|HS|  |TAMS 0x000000008a100000| PB 0x000000008a100000| Complete 
|  74|0x000000008a200000, 0x000000008a300000, 0x000000008a300000|100%|HC|  |TAMS 0x000000008a200000| PB 0x000000008a200000| Complete 
|  75|0x000000008a300000, 0x000000008a400000, 0x000000008a400000|100%|HC|  |TAMS 0x000000008a300000| PB 0x000000008a300000| Complete 
|  76|0x000000008a400000, 0x000000008a500000, 0x000000008a500000|100%|HS|  |TAMS 0x000000008a400000| PB 0x000000008a400000| Complete 
|  77|0x000000008a500000, 0x000000008a600000, 0x000000008a600000|100%|HC|  |TAMS 0x000000008a500000| PB 0x000000008a500000| Complete 
|  78|0x000000008a600000, 0x000000008a700000, 0x000000008a700000|100%|HC|  |TAMS 0x000000008a600000| PB 0x000000008a600000| Complete 
|  79|0x000000008a700000, 0x000000008a800000, 0x000000008a800000|100%|HS|  |TAMS 0x000000008a700000| PB 0x000000008a700000| Complete 
|  80|0x000000008a800000, 0x000000008a900000, 0x000000008a900000|100%|HC|  |TAMS 0x000000008a800000| PB 0x000000008a800000| Complete 
|  81|0x000000008a900000, 0x000000008aa00000, 0x000000008aa00000|100%|HC|  |TAMS 0x000000008a900000| PB 0x000000008a900000| Complete 
|  82|0x000000008aa00000, 0x000000008ab00000, 0x000000008ab00000|100%|HS|  |TAMS 0x000000008aa00000| PB 0x000000008aa00000| Complete 
|  83|0x000000008ab00000, 0x000000008ac00000, 0x000000008ac00000|100%|HC|  |TAMS 0x000000008ab00000| PB 0x000000008ab00000| Complete 
|  84|0x000000008ac00000, 0x000000008ad00000, 0x000000008ad00000|100%|HC|  |TAMS 0x000000008ac00000| PB 0x000000008ac00000| Complete 
|  85|0x000000008ad00000, 0x000000008ae00000, 0x000000008ae00000|100%|HS|  |TAMS 0x000000008ad00000| PB 0x000000008ad00000| Complete 
|  86|0x000000008ae00000, 0x000000008af00000, 0x000000008af00000|100%|HC|  |TAMS 0x000000008ae00000| PB 0x000000008ae00000| Complete 
|  87|0x000000008af00000, 0x000000008b000000, 0x000000008b000000|100%|HC|  |TAMS 0x000000008af00000| PB 0x000000008af00000| Complete 
|  88|0x000000008b000000, 0x000000008b100000, 0x000000008b100000|100%|HS|  |TAMS 0x000000008b000000| PB 0x000000008b000000| Complete 
|  89|0x000000008b100000, 0x000000008b200000, 0x000000008b200000|100%|HC|  |TAMS 0x000000008b100000| PB 0x000000008b100000| Complete 
|  90|0x000000008b200000, 0x000000008b300000, 0x000000008b300000|100%|HC|  |TAMS 0x000000008b200000| PB 0x000000008b200000| Complete 
|  91|0x000000008b300000, 0x000000008b400000, 0x000000008b400000|100%|HS|  |TAMS 0x000000008b300000| PB 0x000000008b300000| Complete 
|  92|0x000000008b400000, 0x000000008b500000, 0x000000008b500000|100%|HC|  |TAMS 0x000000008b400000| PB 0x000000008b400000| Complete 
|  93|0x000000008b500000, 0x000000008b600000, 0x000000008b600000|100%|HC|  |TAMS 0x000000008b500000| PB 0x000000008b500000| Complete 
|  94|0x000000008b600000, 0x000000008b700000, 0x000000008b700000|100%|HS|  |TAMS 0x000000008b600000| PB 0x000000008b600000| Complete 
|  95|0x000000008b700000, 0x000000008b800000, 0x000000008b800000|100%|HC|  |TAMS 0x000000008b700000| PB 0x000000008b700000| Complete 
|  96|0x000000008b800000, 0x000000008b900000, 0x000000008b900000|100%|HC|  |TAMS 0x000000008b800000| PB 0x000000008b800000| Complete 
|  97|0x000000008b900000, 0x000000008ba00000, 0x000000008ba00000|100%|HS|  |TAMS 0x000000008b900000| PB 0x000000008b900000| Complete 
|  98|0x000000008ba00000, 0x000000008bb00000, 0x000000008bb00000|100%|HC|  |TAMS 0x000000008ba00000| PB 0x000000008ba00000| Complete 
|  99|0x000000008bb00000, 0x000000008bc00000, 0x000000008bc00000|100%|HC|  |TAMS 0x000000008bb00000| PB 0x000000008bb00000| Complete 
| 100|0x000000008bc00000, 0x000000008bd00000, 0x000000008bd00000|100%|HS|  |TAMS 0x000000008bc00000| PB 0x000000008bc00000| Complete 
| 101|0x000000008bd00000, 0x000000008be00000, 0x000000008be00000|100%|HC|  |TAMS 0x000000008bd00000| PB 0x000000008bd00000| Complete 
| 102|0x000000008be00000, 0x000000008bf00000, 0x000000008bf00000|100%|HC|  |TAMS 0x000000008be00000| PB 0x000000008be00000| Complete 
| 103|0x000000008bf00000, 0x000000008c000000, 0x000000008c000000|100%|HS|  |TAMS 0x000000008bf00000| PB 0x000000008bf00000| Complete 
| 104|0x000000008c000000, 0x000000008c100000, 0x000000008c100000|100%|HC|  |TAMS 0x000000008c000000| PB 0x000000008c000000| Complete 
| 105|0x000000008c100000, 0x000000008c200000, 0x000000008c200000|100%|HC|  |TAMS 0x000000008c100000| PB 0x000000008c100000| Complete 
| 106|0x000000008c200000, 0x000000008c300000, 0x000000008c300000|100%|HS|  |TAMS 0x000000008c200000| PB 0x000000008c200000| Complete 
| 107|0x000000008c300000, 0x000000008c400000, 0x000000008c400000|100%|HC|  |TAMS 0x000000008c300000| PB 0x000000008c300000| Complete 
| 108|0x000000008c400000, 0x000000008c500000, 0x000000008c500000|100%|HC|  |TAMS 0x000000008c400000| PB 0x000000008c400000| Complete 
| 109|0x000000008c500000, 0x000000008c600000, 0x000000008c600000|100%|HS|  |TAMS 0x000000008c500000| PB 0x000000008c500000| Complete 
| 110|0x000000008c600000, 0x000000008c700000, 0x000000008c700000|100%|HC|  |TAMS 0x000000008c600000| PB 0x000000008c600000| Complete 
| 111|0x000000008c700000, 0x000000008c800000, 0x000000008c800000|100%|HC|  |TAMS 0x000000008c700000| PB 0x000000008c700000| Complete 
| 112|0x000000008c800000, 0x000000008c900000, 0x000000008c900000|100%|HS|  |TAMS 0x000000008c800000| PB 0x000000008c800000| Complete 
| 113|0x000000008c900000, 0x000000008ca00000, 0x000000008ca00000|100%|HC|  |TAMS 0x000000008c900000| PB 0x000000008c900000| Complete 
| 114|0x000000008ca00000, 0x000000008cb00000, 0x000000008cb00000|100%|HC|  |TAMS 0x000000008ca00000| PB 0x000000008ca00000| Complete 
| 115|0x000000008cb00000, 0x000000008cc00000, 0x000000008cc00000|100%|HS|  |TAMS 0x000000008cb00000| PB 0x000000008cb00000| Complete 
| 116|0x000000008cc00000, 0x000000008cd00000, 0x000000008cd00000|100%|HC|  |TAMS 0x000000008cc00000| PB 0x000000008cc00000| Complete 
| 117|0x000000008cd00000, 0x000000008ce00000, 0x000000008ce00000|100%|HS|  |TAMS 0x000000008cd00000| PB 0x000000008cd00000| Complete 
| 118|0x000000008ce00000, 0x000000008cf00000, 0x000000008cf00000|100%|HC|  |TAMS 0x000000008ce00000| PB 0x000000008ce00000| Complete 
| 119|0x000000008cf00000, 0x000000008d000000, 0x000000008d000000|100%|HC|  |TAMS 0x000000008cf00000| PB 0x000000008cf00000| Complete 
| 120|0x000000008d000000, 0x000000008d100000, 0x000000008d100000|100%|HS|  |TAMS 0x000000008d000000| PB 0x000000008d000000| Complete 
| 121|0x000000008d100000, 0x000000008d200000, 0x000000008d200000|100%|HC|  |TAMS 0x000000008d100000| PB 0x000000008d100000| Complete 
| 122|0x000000008d200000, 0x000000008d300000, 0x000000008d300000|100%|HC|  |TAMS 0x000000008d200000| PB 0x000000008d200000| Complete 
| 123|0x000000008d300000, 0x000000008d400000, 0x000000008d400000|100%|HS|  |TAMS 0x000000008d300000| PB 0x000000008d300000| Complete 
| 124|0x000000008d400000, 0x000000008d500000, 0x000000008d500000|100%|HC|  |TAMS 0x000000008d400000| PB 0x000000008d400000| Complete 
| 125|0x000000008d500000, 0x000000008d600000, 0x000000008d600000|100%|HC|  |TAMS 0x000000008d500000| PB 0x000000008d500000| Complete 
| 126|0x000000008d600000, 0x000000008d700000, 0x000000008d700000|100%|HS|  |TAMS 0x000000008d600000| PB 0x000000008d600000| Complete 
| 127|0x000000008d700000, 0x000000008d800000, 0x000000008d800000|100%|HC|  |TAMS 0x000000008d700000| PB 0x000000008d700000| Complete 
| 128|0x000000008d800000, 0x000000008d900000, 0x000000008d900000|100%|HS|  |TAMS 0x000000008d800000| PB 0x000000008d800000| Complete 
| 129|0x000000008d900000, 0x000000008da00000, 0x000000008da00000|100%|HC|  |TAMS 0x000000008d900000| PB 0x000000008d900000| Complete 
| 130|0x000000008da00000, 0x000000008db00000, 0x000000008db00000|100%|HC|  |TAMS 0x000000008da00000| PB 0x000000008da00000| Complete 
| 131|0x000000008db00000, 0x000000008dc00000, 0x000000008dc00000|100%|HS|  |TAMS 0x000000008db00000| PB 0x000000008db00000| Complete 
| 132|0x000000008dc00000, 0x000000008dd00000, 0x000000008dd00000|100%|HC|  |TAMS 0x000000008dc00000| PB 0x000000008dc00000| Complete 
| 133|0x000000008dd00000, 0x000000008de00000, 0x000000008de00000|100%|HS|  |TAMS 0x000000008dd00000| PB 0x000000008dd00000| Complete 
| 134|0x000000008de00000, 0x000000008df00000, 0x000000008df00000|100%|HC|  |TAMS 0x000000008de00000| PB 0x000000008de00000| Complete 
| 135|0x000000008df00000, 0x000000008e000000, 0x000000008e000000|100%|HS|  |TAMS 0x000000008df00000| PB 0x000000008df00000| Complete 
| 136|0x000000008e000000, 0x000000008e100000, 0x000000008e100000|100%|HC|  |TAMS 0x000000008e000000| PB 0x000000008e000000| Complete 
| 137|0x000000008e100000, 0x000000008e200000, 0x000000008e200000|100%|HS|  |TAMS 0x000000008e100000| PB 0x000000008e100000| Complete 
| 138|0x000000008e200000, 0x000000008e300000, 0x000000008e300000|100%|HC|  |TAMS 0x000000008e200000| PB 0x000000008e200000| Complete 
| 139|0x000000008e300000, 0x000000008e400000, 0x000000008e400000|100%|HS|  |TAMS 0x000000008e300000| PB 0x000000008e300000| Complete 
| 140|0x000000008e400000, 0x000000008e500000, 0x000000008e500000|100%|HC|  |TAMS 0x000000008e400000| PB 0x000000008e400000| Complete 
| 141|0x000000008e500000, 0x000000008e600000, 0x000000008e600000|100%|HS|  |TAMS 0x000000008e500000| PB 0x000000008e500000| Complete 
| 142|0x000000008e600000, 0x000000008e700000, 0x000000008e700000|100%|HC|  |TAMS 0x000000008e600000| PB 0x000000008e600000| Complete 
| 143|0x000000008e700000, 0x000000008e800000, 0x000000008e800000|100%|HC|  |TAMS 0x000000008e700000| PB 0x000000008e700000| Complete 
| 144|0x000000008e800000, 0x000000008e900000, 0x000000008e900000|100%|HS|  |TAMS 0x000000008e800000| PB 0x000000008e800000| Complete 
| 145|0x000000008e900000, 0x000000008ea00000, 0x000000008ea00000|100%|HC|  |TAMS 0x000000008e900000| PB 0x000000008e900000| Complete 
| 146|0x000000008ea00000, 0x000000008eb00000, 0x000000008eb00000|100%|HC|  |TAMS 0x000000008ea00000| PB 0x000000008ea00000| Complete 
| 147|0x000000008eb00000, 0x000000008ec00000, 0x000000008ec00000|100%|HS|  |TAMS 0x000000008eb00000| PB 0x000000008eb00000| Complete 
| 148|0x000000008ec00000, 0x000000008ed00000, 0x000000008ed00000|100%|HC|  |TAMS 0x000000008ec00000| PB 0x000000008ec00000| Complete 
| 149|0x000000008ed00000, 0x000000008ee00000, 0x000000008ee00000|100%|HS|  |TAMS 0x000000008ed00000| PB 0x000000008ed00000| Complete 
| 150|0x000000008ee00000, 0x000000008ef00000, 0x000000008ef00000|100%|HC|  |TAMS 0x000000008ee00000| PB 0x000000008ee00000| Complete 
| 151|0x000000008ef00000, 0x000000008f000000, 0x000000008f000000|100%|HS|  |TAMS 0x000000008ef00000| PB 0x000000008ef00000| Complete 
| 152|0x000000008f000000, 0x000000008f100000, 0x000000008f100000|100%|HC|  |TAMS 0x000000008f000000| PB 0x000000008f000000| Complete 
| 153|0x000000008f100000, 0x000000008f200000, 0x000000008f200000|100%|HS|  |TAMS 0x000000008f100000| PB 0x000000008f100000| Complete 
| 154|0x000000008f200000, 0x000000008f300000, 0x000000008f300000|100%|HC|  |TAMS 0x000000008f200000| PB 0x000000008f200000| Complete 
| 155|0x000000008f300000, 0x000000008f400000, 0x000000008f400000|100%|HC|  |TAMS 0x000000008f300000| PB 0x000000008f300000| Complete 
| 156|0x000000008f400000, 0x000000008f500000, 0x000000008f500000|100%|HS|  |TAMS 0x000000008f400000| PB 0x000000008f400000| Complete 
| 157|0x000000008f500000, 0x000000008f600000, 0x000000008f600000|100%|HC|  |TAMS 0x000000008f500000| PB 0x000000008f500000| Complete 
| 158|0x000000008f600000, 0x000000008f700000, 0x000000008f700000|100%|HS|  |TAMS 0x000000008f600000| PB 0x000000008f600000| Complete 
| 159|0x000000008f700000, 0x000000008f800000, 0x000000008f800000|100%|HC|  |TAMS 0x000000008f700000| PB 0x000000008f700000| Complete 
| 160|0x000000008f800000, 0x000000008f900000, 0x000000008f900000|100%|HC|  |TAMS 0x000000008f800000| PB 0x000000008f800000| Complete 
| 161|0x000000008f900000, 0x000000008fa00000, 0x000000008fa00000|100%|HS|  |TAMS 0x000000008f900000| PB 0x000000008f900000| Complete 
| 162|0x000000008fa00000, 0x000000008fb00000, 0x000000008fb00000|100%|HC|  |TAMS 0x000000008fa00000| PB 0x000000008fa00000| Complete 
| 163|0x000000008fb00000, 0x000000008fc00000, 0x000000008fc00000|100%|HS|  |TAMS 0x000000008fb00000| PB 0x000000008fb00000| Complete 
| 164|0x000000008fc00000, 0x000000008fd00000, 0x000000008fd00000|100%|HC|  |TAMS 0x000000008fc00000| PB 0x000000008fc00000| Complete 
| 165|0x000000008fd00000, 0x000000008fe00000, 0x000000008fe00000|100%|HS|  |TAMS 0x000000008fd00000| PB 0x000000008fd00000| Complete 
| 166|0x000000008fe00000, 0x000000008ff00000, 0x000000008ff00000|100%|HC|  |TAMS 0x000000008fe00000| PB 0x000000008fe00000| Complete 
| 167|0x000000008ff00000, 0x0000000090000000, 0x0000000090000000|100%|HC|  |TAMS 0x000000008ff00000| PB 0x000000008ff00000| Complete 
| 168|0x0000000090000000, 0x0000000090100000, 0x0000000090100000|100%| E|CS|TAMS 0x0000000090000000| PB 0x0000000090000000| Complete 
| 169|0x0000000090100000, 0x0000000090200000, 0x0000000090200000|100%| E|CS|TAMS 0x0000000090100000| PB 0x0000000090100000| Complete 
| 170|0x0000000090200000, 0x0000000090300000, 0x0000000090300000|100%| E|CS|TAMS 0x0000000090200000| PB 0x0000000090200000| Complete 
| 171|0x0000000090300000, 0x0000000090400000, 0x0000000090400000|100%| E|CS|TAMS 0x0000000090300000| PB 0x0000000090300000| Complete 
| 172|0x0000000090400000, 0x0000000090500000, 0x0000000090500000|100%| E|CS|TAMS 0x0000000090400000| PB 0x0000000090400000| Complete 
| 173|0x0000000090500000, 0x0000000090600000, 0x0000000090600000|100%| E|CS|TAMS 0x0000000090500000| PB 0x0000000090500000| Complete 
| 174|0x0000000090600000, 0x0000000090700000, 0x0000000090700000|100%| E|CS|TAMS 0x0000000090600000| PB 0x0000000090600000| Complete 
| 175|0x0000000090700000, 0x0000000090800000, 0x0000000090800000|100%| E|CS|TAMS 0x0000000090700000| PB 0x0000000090700000| Complete 
| 176|0x0000000090800000, 0x0000000090900000, 0x0000000090900000|100%| E|CS|TAMS 0x0000000090800000| PB 0x0000000090800000| Complete 
| 177|0x0000000090900000, 0x0000000090a00000, 0x0000000090a00000|100%| E|CS|TAMS 0x0000000090900000| PB 0x0000000090900000| Complete 
| 178|0x0000000090a00000, 0x0000000090b00000, 0x0000000090b00000|100%| E|CS|TAMS 0x0000000090a00000| PB 0x0000000090a00000| Complete 
| 179|0x0000000090b00000, 0x0000000090c00000, 0x0000000090c00000|100%| E|CS|TAMS 0x0000000090b00000| PB 0x0000000090b00000| Complete 
| 180|0x0000000090c00000, 0x0000000090d00000, 0x0000000090d00000|100%| E|CS|TAMS 0x0000000090c00000| PB 0x0000000090c00000| Complete 
| 181|0x0000000090d00000, 0x0000000090e00000, 0x0000000090e00000|100%| E|CS|TAMS 0x0000000090d00000| PB 0x0000000090d00000| Complete 
| 182|0x0000000090e00000, 0x0000000090f00000, 0x0000000090f00000|100%| E|CS|TAMS 0x0000000090e00000| PB 0x0000000090e00000| Complete 
| 183|0x0000000090f00000, 0x0000000091000000, 0x0000000091000000|100%| E|CS|TAMS 0x0000000090f00000| PB 0x0000000090f00000| Complete 
| 184|0x0000000091000000, 0x0000000091100000, 0x0000000091100000|100%| E|CS|TAMS 0x0000000091000000| PB 0x0000000091000000| Complete 
| 185|0x0000000091100000, 0x0000000091200000, 0x0000000091200000|100%| E|CS|TAMS 0x0000000091100000| PB 0x0000000091100000| Complete 
| 186|0x0000000091200000, 0x0000000091300000, 0x0000000091300000|100%| E|CS|TAMS 0x0000000091200000| PB 0x0000000091200000| Complete 
| 187|0x0000000091300000, 0x0000000091400000, 0x0000000091400000|100%| E|CS|TAMS 0x0000000091300000| PB 0x0000000091300000| Complete 
| 188|0x0000000091400000, 0x0000000091500000, 0x0000000091500000|100%|HS|  |TAMS 0x0000000091400000| PB 0x0000000091400000| Complete 
| 189|0x0000000091500000, 0x0000000091600000, 0x0000000091600000|100%|HC|  |TAMS 0x0000000091500000| PB 0x0000000091500000| Complete 
| 190|0x0000000091600000, 0x0000000091700000, 0x0000000091700000|100%|HC|  |TAMS 0x0000000091600000| PB 0x0000000091600000| Complete 
| 191|0x0000000091700000, 0x0000000091800000, 0x0000000091800000|100%|HS|  |TAMS 0x0000000091700000| PB 0x0000000091700000| Complete 
| 192|0x0000000091800000, 0x0000000091900000, 0x0000000091900000|100%|HC|  |TAMS 0x0000000091800000| PB 0x0000000091800000| Complete 
| 193|0x0000000091900000, 0x0000000091a00000, 0x0000000091a00000|100%|HS|  |TAMS 0x0000000091900000| PB 0x0000000091900000| Complete 
| 194|0x0000000091a00000, 0x0000000091b00000, 0x0000000091b00000|100%|HC|  |TAMS 0x0000000091a00000| PB 0x0000000091a00000| Complete 
| 195|0x0000000091b00000, 0x0000000091c00000, 0x0000000091c00000|100%|HS|  |TAMS 0x0000000091b00000| PB 0x0000000091b00000| Complete 
| 196|0x0000000091c00000, 0x0000000091d00000, 0x0000000091d00000|100%|HC|  |TAMS 0x0000000091c00000| PB 0x0000000091c00000| Complete 
| 197|0x0000000091d00000, 0x0000000091e00000, 0x0000000091e00000|100%|HC|  |TAMS 0x0000000091d00000| PB 0x0000000091d00000| Complete 
| 198|0x0000000091e00000, 0x0000000091f00000, 0x0000000091f00000|100%|HS|  |TAMS 0x0000000091e00000| PB 0x0000000091e00000| Complete 
| 199|0x0000000091f00000, 0x0000000092000000, 0x0000000092000000|100%|HC|  |TAMS 0x0000000091f00000| PB 0x0000000091f00000| Complete 
| 200|0x0000000092000000, 0x0000000092100000, 0x0000000092100000|100%|HC|  |TAMS 0x0000000092000000| PB 0x0000000092000000| Complete 
| 201|0x0000000092100000, 0x0000000092200000, 0x0000000092200000|100%|HS|  |TAMS 0x0000000092100000| PB 0x0000000092100000| Complete 
| 202|0x0000000092200000, 0x0000000092300000, 0x0000000092300000|100%|HC|  |TAMS 0x0000000092200000| PB 0x0000000092200000| Complete 
| 203|0x0000000092300000, 0x0000000092400000, 0x0000000092400000|100%|HC|  |TAMS 0x0000000092300000| PB 0x0000000092300000| Complete 
| 204|0x0000000092400000, 0x0000000092500000, 0x0000000092500000|100%|HS|  |TAMS 0x0000000092400000| PB 0x0000000092400000| Complete 
| 205|0x0000000092500000, 0x0000000092600000, 0x0000000092600000|100%|HC|  |TAMS 0x0000000092500000| PB 0x0000000092500000| Complete 
| 206|0x0000000092600000, 0x0000000092700000, 0x0000000092700000|100%|HS|  |TAMS 0x0000000092600000| PB 0x0000000092600000| Complete 
| 207|0x0000000092700000, 0x0000000092800000, 0x0000000092800000|100%|HC|  |TAMS 0x0000000092700000| PB 0x0000000092700000| Complete 
| 208|0x0000000092800000, 0x0000000092900000, 0x0000000092900000|100%|HS|  |TAMS 0x0000000092800000| PB 0x0000000092800000| Complete 
| 209|0x0000000092900000, 0x0000000092a00000, 0x0000000092a00000|100%|HC|  |TAMS 0x0000000092900000| PB 0x0000000092900000| Complete 
| 210|0x0000000092a00000, 0x0000000092b00000, 0x0000000092b00000|100%|HC|  |TAMS 0x0000000092a00000| PB 0x0000000092a00000| Complete 
| 211|0x0000000092b00000, 0x0000000092c00000, 0x0000000092c00000|100%|HS|  |TAMS 0x0000000092b00000| PB 0x0000000092b00000| Complete 
| 212|0x0000000092c00000, 0x0000000092d00000, 0x0000000092d00000|100%|HC|  |TAMS 0x0000000092c00000| PB 0x0000000092c00000| Complete 
| 213|0x0000000092d00000, 0x0000000092e00000, 0x0000000092e00000|100%|HS|  |TAMS 0x0000000092d00000| PB 0x0000000092d00000| Complete 
| 214|0x0000000092e00000, 0x0000000092f00000, 0x0000000092f00000|100%|HC|  |TAMS 0x0000000092e00000| PB 0x0000000092e00000| Complete 
| 215|0x0000000092f00000, 0x0000000093000000, 0x0000000093000000|100%|HC|  |TAMS 0x0000000092f00000| PB 0x0000000092f00000| Complete 
| 216|0x0000000093000000, 0x0000000093100000, 0x0000000093100000|100%|HS|  |TAMS 0x0000000093000000| PB 0x0000000093000000| Complete 
| 217|0x0000000093100000, 0x0000000093200000, 0x0000000093200000|100%|HC|  |TAMS 0x0000000093100000| PB 0x0000000093100000| Complete 
| 218|0x0000000093200000, 0x0000000093300000, 0x0000000093300000|100%|HC|  |TAMS 0x0000000093200000| PB 0x0000000093200000| Complete 
| 219|0x0000000093300000, 0x0000000093400000, 0x0000000093400000|100%|HS|  |TAMS 0x0000000093300000| PB 0x0000000093300000| Complete 
| 220|0x0000000093400000, 0x0000000093500000, 0x0000000093500000|100%|HC|  |TAMS 0x0000000093400000| PB 0x0000000093400000| Complete 
| 221|0x0000000093500000, 0x0000000093600000, 0x0000000093600000|100%|HS|  |TAMS 0x0000000093500000| PB 0x0000000093500000| Complete 
| 222|0x0000000093600000, 0x0000000093700000, 0x0000000093700000|100%|HC|  |TAMS 0x0000000093600000| PB 0x0000000093600000| Complete 
| 223|0x0000000093700000, 0x0000000093800000, 0x0000000093800000|100%|HC|  |TAMS 0x0000000093700000| PB 0x0000000093700000| Complete 
| 224|0x0000000093800000, 0x0000000093900000, 0x0000000093900000|100%|HS|  |TAMS 0x0000000093800000| PB 0x0000000093800000| Complete 
| 225|0x0000000093900000, 0x0000000093a00000, 0x0000000093a00000|100%|HC|  |TAMS 0x0000000093900000| PB 0x0000000093900000| Complete 
| 226|0x0000000093a00000, 0x0000000093b00000, 0x0000000093b00000|100%|HC|  |TAMS 0x0000000093a00000| PB 0x0000000093a00000| Complete 
| 227|0x0000000093b00000, 0x0000000093c00000, 0x0000000093c00000|100%|HS|  |TAMS 0x0000000093b00000| PB 0x0000000093b00000| Complete 
| 228|0x0000000093c00000, 0x0000000093d00000, 0x0000000093d00000|100%|HC|  |TAMS 0x0000000093c00000| PB 0x0000000093c00000| Complete 
| 229|0x0000000093d00000, 0x0000000093e00000, 0x0000000093e00000|100%|HS|  |TAMS 0x0000000093d00000| PB 0x0000000093d00000| Complete 
| 230|0x0000000093e00000, 0x0000000093f00000, 0x0000000093f00000|100%|HC|  |TAMS 0x0000000093e00000| PB 0x0000000093e00000| Complete 
| 231|0x0000000093f00000, 0x0000000094000000, 0x0000000094000000|100%|HS|  |TAMS 0x0000000093f00000| PB 0x0000000093f00000| Complete 
| 232|0x0000000094000000, 0x0000000094100000, 0x0000000094100000|100%|HC|  |TAMS 0x0000000094000000| PB 0x0000000094000000| Complete 
| 233|0x0000000094100000, 0x0000000094200000, 0x0000000094200000|100%|HS|  |TAMS 0x0000000094100000| PB 0x0000000094100000| Complete 
| 234|0x0000000094200000, 0x0000000094300000, 0x0000000094300000|100%|HC|  |TAMS 0x0000000094200000| PB 0x0000000094200000| Complete 
| 235|0x0000000094300000, 0x0000000094400000, 0x0000000094400000|100%|HC|  |TAMS 0x0000000094300000| PB 0x0000000094300000| Complete 
| 276|0x0000000096c00000, 0x0000000096d00000, 0x0000000096d00000|100%|HS|  |TAMS 0x0000000096c00000| PB 0x0000000096c00000| Complete 
| 277|0x0000000096d00000, 0x0000000096e00000, 0x0000000096e00000|100%|HC|  |TAMS 0x0000000096d00000| PB 0x0000000096d00000| Complete 
| 278|0x0000000096e00000, 0x0000000096e50e48, 0x0000000096f00000| 31%| S|CS|TAMS 0x0000000096e00000| PB 0x0000000096e00000| Complete 
| 279|0x0000000096f00000, 0x0000000097000000, 0x0000000097000000|100%| S|CS|TAMS 0x0000000096f00000| PB 0x0000000096f00000| Complete 
| 280|0x0000000097000000, 0x0000000097100000, 0x0000000097100000|100%| S|CS|TAMS 0x0000000097000000| PB 0x0000000097000000| Complete 
| 283|0x0000000097300000, 0x0000000097400000, 0x0000000097400000|100%|HS|  |TAMS 0x0000000097300000| PB 0x0000000097300000| Complete 
| 284|0x0000000097400000, 0x0000000097500000, 0x0000000097500000|100%|HC|  |TAMS 0x0000000097400000| PB 0x0000000097400000| Complete 
| 285|0x0000000097500000, 0x0000000097600000, 0x0000000097600000|100%|HC|  |TAMS 0x0000000097500000| PB 0x0000000097500000| Complete 
| 288|0x0000000097800000, 0x0000000097900000, 0x0000000097900000|100%| E|CS|TAMS 0x0000000097800000| PB 0x0000000097800000| Complete 
|1953|0x00000000ff900000, 0x00000000ff959560, 0x00000000ffa00000| 34%| O|Cm|TAMS 0x00000000ff900000| PB 0x00000000ff900000| Complete 
|1954|0x00000000ffa00000, 0x00000000ffb00000, 0x00000000ffb00000|100%| O|  |TAMS 0x00000000ffa00000| PB 0x00000000ffa00000| Untracked 
|1955|0x00000000ffb00000, 0x00000000ffc00000, 0x00000000ffc00000|100%| O|  |TAMS 0x00000000ffb00000| PB 0x00000000ffb00000| Untracked 
|1956|0x00000000ffc00000, 0x00000000ffd00000, 0x00000000ffd00000|100%| O|  |TAMS 0x00000000ffc00000| PB 0x00000000ffc00000| Untracked 
|1957|0x00000000ffd00000, 0x00000000ffe00000, 0x00000000ffe00000|100%| O|  |TAMS 0x00000000ffd00000| PB 0x00000000ffd00000| Untracked 
|1958|0x00000000ffe00000, 0x00000000fff00000, 0x00000000fff00000|100%| O|  |TAMS 0x00000000ffe00000| PB 0x00000000ffe00000| Untracked 
|1959|0x00000000fff00000, 0x0000000100000000, 0x0000000100000000|100%| O|  |TAMS 0x00000000fff00000| PB 0x00000000fff00000| Untracked 

Card table byte_map: [0x000002288ea60000,0x000002288ee40000] _byte_map_base: 0x000002288e634000

Marking Bits: (CMBitMap*) 0x000002288313cd40
 Bits: [0x000002288ee40000, 0x0000022890ce0000)

Polling page: 0x0000022881030000

Metaspace:

Usage:
  Non-class:     89.84 MB used.
      Class:     14.84 MB used.
       Both:    104.69 MB used.

Virtual space:
  Non-class space:      128.00 MB reserved,      90.25 MB ( 71%) committed,  2 nodes.
      Class space:        1.00 GB reserved,      15.19 MB (  1%) committed,  1 nodes.
             Both:        1.12 GB reserved,     105.44 MB (  9%) committed. 

Chunk freelists:
   Non-Class:  5.21 MB
       Class:  658.00 KB
        Both:  5.86 MB

MaxMetaspaceSize: unlimited
CompressedClassSpaceSize: 1.00 GB
Initial GC threshold: 21.00 MB
Current GC threshold: 175.75 MB
CDS: on
 - commit_granule_bytes: 65536.
 - commit_granule_words: 8192.
 - virtual_space_node_default_size: 8388608.
 - enlarge_chunks_in_place: 1.
 - use_allocation_guard: 0.


Internal statistics:

num_allocs_failed_limit: 9.
num_arena_births: 1772.
num_arena_deaths: 636.
num_vsnodes_births: 3.
num_vsnodes_deaths: 0.
num_space_committed: 1687.
num_space_uncommitted: 0.
num_chunks_returned_to_freelist: 717.
num_chunks_taken_from_freelist: 5823.
num_chunk_merges: 177.
num_chunk_splits: 3957.
num_chunks_enlarged: 3158.
num_inconsistent_stats: 0.

CodeCache: size=49152Kb used=15544Kb max_used=17989Kb free=33607Kb
 bounds [0x000002288b570000, 0x000002288c7a0000, 0x000002288e570000]
 total_blobs=9355 nmethods=8447 adapters=831
 compilation: enabled
              stopped_count=0, restarted_count=0
 full_count=0

Compilation events (20 events):
Event: 1522.893 Thread 0x000002289371e0e0 11701       1       org.hibernate.engine.internal.StatefulPersistenceContext::postLoad (178 bytes)
Event: 1522.896 Thread 0x000002289371e0e0 nmethod 11701 0x000002288bd51a10 code [0x000002288bd51ca0, 0x000002288bd52328]
Event: 1522.896 Thread 0x000002289371e0e0 11700       1       org.hibernate.sql.results.jdbc.internal.JdbcValuesSourceProcessingStateStandardImpl::finishLoadingCollections (60 bytes)
Event: 1522.896 Thread 0x000002289371e0e0 nmethod 11700 0x000002288bd51310 code [0x000002288bd51500, 0x000002288bd517a8]
Event: 1522.896 Thread 0x000002289371e0e0 11699       1       org.hibernate.sql.results.jdbc.internal.JdbcValuesSourceProcessingStateStandardImpl::finishUp (50 bytes)
Event: 1522.896 Thread 0x000002289371e0e0 nmethod 11699 0x000002288b8b7f90 code [0x000002288b8b8180, 0x000002288b8b84f8]
Event: 1522.897 Thread 0x000002289371e0e0 11702       1       org.hibernate.sql.results.jdbc.internal.JdbcValuesResultSetImpl::finishUp (31 bytes)
Event: 1522.897 Thread 0x000002289371e0e0 nmethod 11702 0x000002288b8b7b90 code [0x000002288b8b7d40, 0x000002288b8b7eb8]
Event: 1522.897 Thread 0x000002289371e0e0 11703       1       org.hibernate.sql.results.jdbc.internal.DeferredResultSetAccess::release (82 bytes)
Event: 1522.898 Thread 0x000002289371e0e0 nmethod 11703 0x000002288b8b7390 code [0x000002288b8b7580, 0x000002288b8b7920]
Event: 1522.898 Thread 0x000002289371e0e0 11704   !   1       org.hibernate.resource.jdbc.internal.ResourceRegistryStandardImpl::release (156 bytes)
Event: 1522.906 Thread 0x000002289371e0e0 nmethod 11704 0x000002288bc99090 code [0x000002288bc99360, 0x000002288bc99e00]
Event: 1522.906 Thread 0x000002289371e0e0 11706       1       org.hibernate.sql.results.internal.StandardRowReader::finishUp (35 bytes)
Event: 1522.907 Thread 0x000002289371e0e0 nmethod 11706 0x000002288bc98b90 code [0x000002288bc98d40, 0x000002288bc98ea0]
Event: 1522.907 Thread 0x000002289371e0e0 11705   !   1       com.zaxxer.hikari.pool.HikariProxyPreparedStatement::isClosed (20 bytes)
Event: 1522.907 Thread 0x000002289371e0e0 nmethod 11705 0x000002288be9a590 code [0x000002288be9a740, 0x000002288be9a8f0]
Event: 1523.854 Thread 0x000002289371e0e0 11707       1       org.hibernate.engine.spi.LoadQueryInfluencers::effectivelyBatchLoadable (24 bytes)
Event: 1523.855 Thread 0x000002289371e0e0 nmethod 11707 0x000002288be9a110 code [0x000002288be9a2a0, 0x000002288be9a428]
Event: 1523.855 Thread 0x000002289371e0e0 11708       1       org.hibernate.engine.spi.LoadQueryInfluencers::effectiveBatchSize (20 bytes)
Event: 1523.855 Thread 0x000002289371e0e0 nmethod 11708 0x000002288b8b6f90 code [0x000002288b8b7120, 0x000002288b8b7238]

GC Heap History (20 events):
Event: 17.524 GC heap before
{Heap before GC invocations=26 (full 0):
 garbage-first heap   total 89088K, used 70620K [0x0000000085800000, 0x0000000100000000)
  region size 1024K, 23 young (23552K), 2 survivors (2048K)
 Metaspace       used 90378K, committed 91264K, reserved 1179648K
  class space    used 12969K, committed 13376K, reserved 1048576K
}
Event: 17.526 GC heap after
{Heap after GC invocations=27 (full 0):
 garbage-first heap   total 89088K, used 50678K [0x0000000085800000, 0x0000000100000000)
  region size 1024K, 2 young (2048K), 2 survivors (2048K)
 Metaspace       used 90378K, committed 91264K, reserved 1179648K
  class space    used 12969K, committed 13376K, reserved 1048576K
}
Event: 17.865 GC heap before
{Heap before GC invocations=27 (full 0):
 garbage-first heap   total 89088K, used 80374K [0x0000000085800000, 0x0000000100000000)
  region size 1024K, 31 young (31744K), 2 survivors (2048K)
 Metaspace       used 93028K, committed 93952K, reserved 1179648K
  class space    used 13355K, committed 13760K, reserved 1048576K
}
Event: 17.870 GC heap after
{Heap after GC invocations=28 (full 0):
 garbage-first heap   total 125952K, used 52224K [0x0000000085800000, 0x0000000100000000)
  region size 1024K, 4 young (4096K), 4 survivors (4096K)
 Metaspace       used 93028K, committed 93952K, reserved 1179648K
  class space    used 13355K, committed 13760K, reserved 1048576K
}
Event: 672.827 GC heap before
{Heap before GC invocations=28 (full 0):
 garbage-first heap   total 125952K, used 110592K [0x0000000085800000, 0x0000000100000000)
  region size 1024K, 61 young (62464K), 4 survivors (4096K)
 Metaspace       used 102574K, committed 103616K, reserved 1179648K
  class space    used 14717K, committed 15168K, reserved 1048576K
}
Event: 672.892 GC heap after
{Heap after GC invocations=29 (full 0):
 garbage-first heap   total 125952K, used 56452K [0x0000000085800000, 0x0000000100000000)
  region size 1024K, 8 young (8192K), 8 survivors (8192K)
 Metaspace       used 102574K, committed 103616K, reserved 1179648K
  class space    used 14717K, committed 15168K, reserved 1048576K
}
Event: 675.838 GC heap before
{Heap before GC invocations=29 (full 0):
 garbage-first heap   total 125952K, used 59524K [0x0000000085800000, 0x0000000100000000)
  region size 1024K, 12 young (12288K), 8 survivors (8192K)
 Metaspace       used 103168K, committed 104192K, reserved 1179648K
  class space    used 14817K, committed 15232K, reserved 1048576K
}
Event: 675.880 GC heap after
{Heap after GC invocations=30 (full 0):
 garbage-first heap   total 125952K, used 57183K [0x0000000085800000, 0x0000000100000000)
  region size 1024K, 2 young (2048K), 2 survivors (2048K)
 Metaspace       used 103168K, committed 104192K, reserved 1179648K
  class space    used 14817K, committed 15232K, reserved 1048576K
}
Event: 767.082 GC heap before
{Heap before GC invocations=31 (full 0):
 garbage-first heap   total 125952K, used 124767K [0x0000000085800000, 0x0000000100000000)
  region size 1024K, 21 young (21504K), 2 survivors (2048K)
 Metaspace       used 107182K, committed 107968K, reserved 1179648K
  class space    used 15197K, committed 15552K, reserved 1048576K
}
Event: 767.093 GC heap after
{Heap after GC invocations=32 (full 0):
 garbage-first heap   total 128000K, used 60851K [0x0000000085800000, 0x0000000100000000)
  region size 1024K, 2 young (2048K), 2 survivors (2048K)
 Metaspace       used 107182K, committed 107968K, reserved 1179648K
  class space    used 15197K, committed 15552K, reserved 1048576K
}
Event: 778.296 GC heap before
{Heap before GC invocations=32 (full 0):
 garbage-first heap   total 145408K, used 144819K [0x0000000085800000, 0x0000000100000000)
  region size 1024K, 12 young (12288K), 2 survivors (2048K)
 Metaspace       used 107200K, committed 107968K, reserved 1179648K
  class space    used 15202K, committed 15552K, reserved 1048576K
}
Event: 778.309 GC heap after
{Heap after GC invocations=33 (full 0):
 garbage-first heap   total 153600K, used 58442K [0x0000000085800000, 0x0000000100000000)
  region size 1024K, 3 young (3072K), 3 survivors (3072K)
 Metaspace       used 107200K, committed 107968K, reserved 1179648K
  class space    used 15202K, committed 15552K, reserved 1048576K
}
Event: 778.407 GC heap before
{Heap before GC invocations=33 (full 0):
 garbage-first heap   total 153600K, used 58442K [0x0000000085800000, 0x0000000100000000)
  region size 1024K, 4 young (4096K), 3 survivors (3072K)
 Metaspace       used 107203K, committed 107968K, reserved 1179648K
  class space    used 15202K, committed 15552K, reserved 1048576K
}
Event: 778.410 GC heap after
{Heap after GC invocations=34 (full 0):
 garbage-first heap   total 153600K, used 58483K [0x0000000085800000, 0x0000000100000000)
  region size 1024K, 3 young (3072K), 3 survivors (3072K)
 Metaspace       used 107203K, committed 107968K, reserved 1179648K
  class space    used 15202K, committed 15552K, reserved 1048576K
}
Event: 829.043 GC heap before
{Heap before GC invocations=35 (full 0):
 garbage-first heap   total 233472K, used 231539K [0x0000000085800000, 0x0000000100000000)
  region size 1024K, 19 young (19456K), 3 survivors (3072K)
 Metaspace       used 107026K, committed 107968K, reserved 1179648K
  class space    used 15156K, committed 15552K, reserved 1048576K
}
Event: 829.046 GC heap after
{Heap after GC invocations=36 (full 0):
 garbage-first heap   total 235520K, used 53166K [0x0000000085800000, 0x0000000100000000)
  region size 1024K, 2 young (2048K), 2 survivors (2048K)
 Metaspace       used 107026K, committed 107968K, reserved 1179648K
  class space    used 15156K, committed 15552K, reserved 1048576K
}
Event: 1470.883 GC heap before
{Heap before GC invocations=36 (full 0):
 garbage-first heap   total 297984K, used 295854K [0x0000000085800000, 0x0000000100000000)
  region size 1024K, 27 young (27648K), 2 survivors (2048K)
 Metaspace       used 107043K, committed 107968K, reserved 1179648K
  class space    used 15160K, committed 15552K, reserved 1048576K
}
Event: 1470.949 GC heap after
{Heap after GC invocations=37 (full 0):
 garbage-first heap   total 303104K, used 57248K [0x0000000085800000, 0x0000000100000000)
  region size 1024K, 3 young (3072K), 3 survivors (3072K)
 Metaspace       used 107043K, committed 107968K, reserved 1179648K
  class space    used 15160K, committed 15552K, reserved 1048576K
}
Event: 1470.968 GC heap before
{Heap before GC invocations=37 (full 0):
 garbage-first heap   total 303104K, used 58272K [0x0000000085800000, 0x0000000100000000)
  region size 1024K, 5 young (5120K), 3 survivors (3072K)
 Metaspace       used 107043K, committed 107968K, reserved 1179648K
  class space    used 15160K, committed 15552K, reserved 1048576K
}
Event: 1470.976 GC heap after
{Heap after GC invocations=38 (full 0):
 garbage-first heap   total 303104K, used 57000K [0x0000000085800000, 0x0000000100000000)
  region size 1024K, 3 young (3072K), 3 survivors (3072K)
 Metaspace       used 107043K, committed 107968K, reserved 1179648K
  class space    used 15160K, committed 15552K, reserved 1048576K
}

Dll operation events (14 events):
Event: 0.014 Loaded shared library C:\Program Files\Java\jdk-21\bin\java.dll
Event: 0.230 Loaded shared library C:\Program Files\Java\jdk-21\bin\zip.dll
Event: 0.234 Loaded shared library C:\Program Files\Java\jdk-21\bin\instrument.dll
Event: 0.244 Loaded shared library C:\Program Files\Java\jdk-21\bin\net.dll
Event: 0.246 Loaded shared library C:\Program Files\Java\jdk-21\bin\nio.dll
Event: 0.250 Loaded shared library C:\Program Files\Java\jdk-21\bin\zip.dll
Event: 0.815 Loaded shared library C:\Program Files\Java\jdk-21\bin\extnet.dll
Event: 0.853 Loaded shared library C:\Program Files\Java\jdk-21\bin\jimage.dll
Event: 2.456 Loaded shared library C:\Program Files\Java\jdk-21\bin\sunmscapi.dll
Event: 4.863 Loaded shared library C:\Program Files\Java\jdk-21\bin\management.dll
Event: 4.864 Loaded shared library C:\Program Files\Java\jdk-21\bin\management_ext.dll
Event: 740.248 Loaded shared library C:\Program Files\Java\jdk-21\bin\awt.dll
Event: 740.407 Loaded shared library C:\Program Files\Java\jdk-21\bin\freetype.dll
Event: 740.415 Loaded shared library C:\Program Files\Java\jdk-21\bin\fontmanager.dll

Deoptimization events (0 events):
No events

Classes loaded (20 events):
Event: 740.627 Loading class com/sun/imageio/plugins/png/IDATOutputStream
Event: 740.627 Loading class com/sun/imageio/plugins/png/IDATOutputStream done
Event: 740.627 Loading class java/util/zip/Deflater
Event: 740.628 Loading class java/util/zip/Deflater done
Event: 740.629 Loading class java/util/zip/Deflater$DeflaterZStreamRef
Event: 740.629 Loading class java/util/zip/Deflater$DeflaterZStreamRef done
Event: 740.631 Loading class java/awt/image/PixelInterleavedSampleModel
Event: 740.632 Loading class java/awt/image/ComponentSampleModel
Event: 740.632 Loading class java/awt/image/ComponentSampleModel done
Event: 740.632 Loading class java/awt/image/PixelInterleavedSampleModel done
Event: 743.416 Loading class sun/font/StrikeCache$WeakDisposerRef
Event: 743.416 Loading class sun/font/StrikeCache$WeakDisposerRef done
Event: 1394.207 Loading class sun/security/ssl/Alert
Event: 1394.628 Loading class sun/security/ssl/Alert done
Event: 1394.725 Loading class sun/security/ssl/Alert$AlertConsumer
Event: 1394.831 Loading class sun/security/ssl/Alert$AlertConsumer done
Event: 1394.837 Loading class sun/security/ssl/Alert$Level
Event: 1394.857 Loading class sun/security/ssl/Alert$Level done
Event: 1467.701 Loading class sun/net/ConnectionResetException
Event: 1467.710 Loading class sun/net/ConnectionResetException done

Classes unloaded (20 events):
Event: 778.460 Thread 0x00000228936f6520 Unloading class 0x0000022895d1cc00 'java/lang/invoke/LambdaForm$MH+0x0000022895d1cc00'
Event: 778.460 Thread 0x00000228936f6520 Unloading class 0x0000022895d1c000 'java/lang/invoke/LambdaForm$MH+0x0000022895d1c000'
Event: 778.460 Thread 0x00000228936f6520 Unloading class 0x0000022895d04400 'java/lang/invoke/LambdaForm$MH+0x0000022895d04400'
Event: 778.460 Thread 0x00000228936f6520 Unloading class 0x0000022895d04000 'java/lang/invoke/LambdaForm$MH+0x0000022895d04000'
Event: 778.460 Thread 0x00000228936f6520 Unloading class 0x0000022895cd4800 'java/lang/invoke/LambdaForm$MH+0x0000022895cd4800'
Event: 778.460 Thread 0x00000228936f6520 Unloading class 0x00000228954c0000 'java/lang/invoke/LambdaForm$MH+0x00000228954c0000'
Event: 778.460 Thread 0x00000228936f6520 Unloading class 0x0000022895474000 'java/lang/invoke/LambdaForm$MH+0x0000022895474000'
Event: 778.460 Thread 0x00000228936f6520 Unloading class 0x0000022895460c00 'java/lang/invoke/LambdaForm$MH+0x0000022895460c00'
Event: 778.460 Thread 0x00000228936f6520 Unloading class 0x00000228951e4000 'java/lang/invoke/LambdaForm$MH+0x00000228951e4000'
Event: 778.460 Thread 0x00000228936f6520 Unloading class 0x0000022895120400 'java/lang/invoke/LambdaForm$MH+0x0000022895120400'
Event: 778.460 Thread 0x00000228936f6520 Unloading class 0x000002289511dc00 'java/lang/invoke/LambdaForm$MH+0x000002289511dc00'
Event: 778.460 Thread 0x00000228936f6520 Unloading class 0x000002289511d800 'java/lang/invoke/LambdaForm$MH+0x000002289511d800'
Event: 778.460 Thread 0x00000228936f6520 Unloading class 0x000002289511d400 'java/lang/invoke/LambdaForm$MH+0x000002289511d400'
Event: 778.460 Thread 0x00000228936f6520 Unloading class 0x00000228950d1800 'java/lang/invoke/LambdaForm$MH+0x00000228950d1800'
Event: 778.460 Thread 0x00000228936f6520 Unloading class 0x00000228950c9400 'java/lang/invoke/LambdaForm$MH+0x00000228950c9400'
Event: 778.461 Thread 0x00000228936f6520 Unloading class 0x00000228950b0c00 'java/lang/invoke/LambdaForm$MH+0x00000228950b0c00'
Event: 778.461 Thread 0x00000228936f6520 Unloading class 0x000002289501f400 'java/lang/invoke/LambdaForm$MH+0x000002289501f400'
Event: 778.461 Thread 0x00000228936f6520 Unloading class 0x000002289501ec00 'java/lang/invoke/LambdaForm$MH+0x000002289501ec00'
Event: 778.461 Thread 0x00000228936f6520 Unloading class 0x000002289501e400 'java/lang/invoke/LambdaForm$MH+0x000002289501e400'
Event: 778.461 Thread 0x00000228936f6520 Unloading class 0x000002289501e000 'java/lang/invoke/LambdaForm$MH+0x000002289501e000'

Classes redefined (0 events):
No events

Internal exceptions (20 events):
Event: 677.422 Thread 0x00000228e136e090 Exception <a 'java/lang/IncompatibleClassChangeError'{0x000000008d16f620}: Found class java.lang.Object, but interface was expected> (0x000000008d16f620) 
thrown [s\open\src\hotspot\share\interpreter\linkResolver.cpp, line 840]
Event: 677.670 Thread 0x00000228e136e090 Exception <a 'java/lang/NoSuchMethodError'{0x000000008d0269d0}: 'void java.lang.invoke.DelegatingMethodHandle$Holder.reinvoke_L(java.lang.Object, java.lang.Object, int)'> (0x000000008d0269d0) 
thrown [s\open\src\hotspot\share\interpreter\linkResolver.cpp, line 773]
Event: 677.677 Thread 0x00000228e136e090 Exception <a 'java/lang/IncompatibleClassChangeError'{0x000000008d049020}: Found class java.lang.Object, but interface was expected> (0x000000008d049020) 
thrown [s\open\src\hotspot\share\interpreter\linkResolver.cpp, line 840]
Event: 740.148 Thread 0x00000228e1372230 Exception <a 'java/lang/NoSuchMethodError'{0x000000008cfd9ac8}: 'java.lang.Object java.lang.invoke.DirectMethodHandle$Holder.newInvokeSpecial(java.lang.Object, java.lang.Object, java.lang.Object, long, java.lang.Object)'> (0x000000008cfd9ac8) 
thrown [s\open\src\hotspot\share\interpreter\linkResolver.cpp, line 773]
Event: 740.149 Thread 0x00000228e1372230 Exception <a 'java/lang/NoSuchMethodError'{0x000000008cfde270}: 'java.lang.Object java.lang.invoke.DirectMethodHandle$Holder.invokeSpecial(java.lang.Object, java.lang.Object, java.lang.Object, java.lang.Object, long, java.lang.Object)'> (0x000000008cfde270) 
thrown [s\open\src\hotspot\share\interpreter\linkResolver.cpp, line 773]
Event: 740.150 Thread 0x00000228e1372230 Exception <a 'java/lang/NoSuchMethodError'{0x000000008cfe27b0}: 'java.lang.Object java.lang.invoke.Invokers$Holder.linkToTargetMethod(java.lang.Object, java.lang.Object, long, java.lang.Object, java.lang.Object)'> (0x000000008cfe27b0) 
thrown [s\open\src\hotspot\share\interpreter\linkResolver.cpp, line 773]
Event: 740.157 Thread 0x00000228e1372230 Exception <a 'java/lang/NoSuchMethodError'{0x000000008cff2a60}: 'java.lang.Object java.lang.invoke.DirectMethodHandle$Holder.invokeInterface(java.lang.Object, java.lang.Object, java.lang.Object, java.lang.Object, java.lang.Object)'> (0x000000008cff2a60) 
thrown [s\open\src\hotspot\share\interpreter\linkResolver.cpp, line 773]
Event: 740.276 Thread 0x00000228e1372230 Exception <a 'java/lang/ClassNotFoundException'{0x000000008cc79900}: sun/awt/resources/spi/awtProvider> (0x000000008cc79900) 
thrown [s\open\src\hotspot\share\classfile\systemDictionary.cpp, line 312]
Event: 740.283 Thread 0x00000228e1372230 Exception <a 'java/io/FileNotFoundException'{0x000000008cc831f8}> (0x000000008cc831f8) 
thrown [s\open\src\hotspot\share\prims\jni.cpp, line 520]
Event: 740.287 Thread 0x00000228e1372230 Exception <a 'java/io/FileNotFoundException'{0x000000008ccaaa78}> (0x000000008ccaaa78) 
thrown [s\open\src\hotspot\share\prims\jni.cpp, line 520]
Event: 760.777 Thread 0x00000228e136e720 Exception <a 'java/lang/NoSuchMethodError'{0x000000008c1712c0}: 'void java.lang.invoke.DirectMethodHandle$Holder.invokeVirtual(java.lang.Object, java.lang.Object, java.lang.Object, java.lang.Object, java.lang.Object, java.lang.Object, java.lang.Object)'> (0x000000008c1712c0) 
thrown [s\open\src\hotspot\share\interpreter\linkResolver.cpp, line 773]
Event: 760.777 Thread 0x00000228e136e720 Exception <a 'java/lang/NoSuchMethodError'{0x000000008c175a78}: 'void java.lang.invoke.DelegatingMethodHandle$Holder.reinvoke_L(java.lang.Object, java.lang.Object, java.lang.Object, java.lang.Object, java.lang.Object, java.lang.Object, java.lang.Object)'> (0x000000008c175a78) 
thrown [s\open\src\hotspot\share\interpreter\linkResolver.cpp, line 773]
Event: 1460.212 Thread 0x00000228e136e090 Exception <a 'java/net/SocketException'{0x000000009249b8f8}: Connection reset by peer: shutdown> (0x000000009249b8f8) 
thrown [s\open\src\hotspot\share\prims\jni.cpp, line 539]
Event: 1467.699 Thread 0x00000228e1371ba0 Exception <a 'java/io/IOException'{0x00000000871803c8}> (0x00000000871803c8) 
thrown [s\open\src\hotspot\share\prims\jni.cpp, line 520]
Event: 1470.658 Thread 0x00000228e1372230 Exception <a 'java/io/IOException'{0x00000000869d3860}> (0x00000000869d3860) 
thrown [s\open\src\hotspot\share\prims\jni.cpp, line 520]
Event: 1474.849 Thread 0x00000228e136e720 Exception <a 'java/io/IOException'{0x00000000911cbe68}> (0x00000000911cbe68) 
thrown [s\open\src\hotspot\share\prims\jni.cpp, line 520]
Event: 1479.762 Thread 0x00000228e1371510 Exception <a 'java/io/IOException'{0x0000000090e54860}> (0x0000000090e54860) 
thrown [s\open\src\hotspot\share\prims\jni.cpp, line 520]
Event: 1510.696 Thread 0x00000228e13707f0 Exception <a 'java/io/IOException'{0x0000000090878d78}> (0x0000000090878d78) 
thrown [s\open\src\hotspot\share\prims\jni.cpp, line 520]
Event: 1516.567 Thread 0x00000228e136edb0 Exception <a 'java/io/IOException'{0x000000009012da40}> (0x000000009012da40) 
thrown [s\open\src\hotspot\share\prims\jni.cpp, line 520]
Event: 1518.889 Thread 0x00000228e136fad0 Exception <a 'java/io/IOException'{0x0000000088477c18}> (0x0000000088477c18) 
thrown [s\open\src\hotspot\share\prims\jni.cpp, line 520]

ZGC Phase Switch (0 events):
No events

VM Operations (20 events):
Event: 1503.227 Executing VM operation: HandshakeAllThreads (HandshakeForDeflation)
Event: 1503.227 Executing VM operation: HandshakeAllThreads (HandshakeForDeflation) done
Event: 1503.227 Executing VM operation: RendezvousGCThreads
Event: 1503.227 Executing VM operation: RendezvousGCThreads done
Event: 1511.275 Executing VM operation: Cleanup
Event: 1511.275 Executing VM operation: Cleanup done
Event: 1512.285 Executing VM operation: Cleanup
Event: 1512.285 Executing VM operation: Cleanup done
Event: 1513.292 Executing VM operation: Cleanup
Event: 1513.292 Executing VM operation: Cleanup done
Event: 1514.306 Executing VM operation: Cleanup
Event: 1514.306 Executing VM operation: Cleanup done
Event: 1515.322 Executing VM operation: Cleanup
Event: 1515.322 Executing VM operation: Cleanup done
Event: 1517.327 Executing VM operation: Cleanup
Event: 1517.327 Executing VM operation: Cleanup done
Event: 1522.360 Executing VM operation: Cleanup
Event: 1522.360 Executing VM operation: Cleanup done
Event: 1523.361 Executing VM operation: Cleanup
Event: 1523.361 Executing VM operation: Cleanup done

Events (20 events):
Event: 1471.142 Thread 0x00000228936f6520 flushing nmethod 0x000002288c11e190
Event: 1471.142 Thread 0x00000228936f6520 flushing nmethod 0x000002288c11e490
Event: 1476.574 Thread 0x00000228e19852a0 Thread added: 0x00000228e19852a0
Event: 1484.939 Thread 0x00000228db716af0 Thread added: 0x00000228db716af0
Event: 1484.939 Thread 0x00000228da681a90 Thread added: 0x00000228da681a90
Event: 1492.410 Thread 0x00000228da681a90 Thread exited: 0x00000228da681a90
Event: 1492.410 Thread 0x00000228db716af0 Thread exited: 0x00000228db716af0
Event: 1492.410 Thread 0x00000228e19852a0 Thread exited: 0x00000228e19852a0
Event: 1495.880 Thread 0x00000228dc468d50 Thread added: 0x00000228dc468d50
Event: 1496.105 Thread 0x00000228dc4693e0 Thread added: 0x00000228dc4693e0
Event: 1503.772 Thread 0x00000228dc468d50 Thread exited: 0x00000228dc468d50
Event: 1505.563 Thread 0x00000228dc4693e0 Thread exited: 0x00000228dc4693e0
Event: 1510.670 Thread 0x00000228dc468d50 Thread added: 0x00000228dc468d50
Event: 1510.893 Thread 0x00000228dc469a70 Thread added: 0x00000228dc469a70
Event: 1513.847 Thread 0x00000228e19852a0 Thread added: 0x00000228e19852a0
Event: 1513.847 Thread 0x00000228db716af0 Thread added: 0x00000228db716af0
Event: 1515.631 Thread 0x00000228db716af0 Thread exited: 0x00000228db716af0
Event: 1515.642 Thread 0x00000228e19852a0 Thread exited: 0x00000228e19852a0
Event: 1515.894 Thread 0x00000228dc468d50 Thread exited: 0x00000228dc468d50
Event: 1517.825 Thread 0x00000228dc469a70 Thread exited: 0x00000228dc469a70


Dynamic libraries:
0x00007ff64a250000 - 0x00007ff64a260000 	C:\Program Files\Java\jdk-21\bin\java.exe
0x00007ffee7540000 - 0x00007ffee77a6000 	C:\WINDOWS\SYSTEM32\ntdll.dll
0x00007ffee5e00000 - 0x00007ffee5ec9000 	C:\WINDOWS\System32\KERNEL32.DLL
0x00007ffee4a30000 - 0x00007ffee4e2a000 	C:\WINDOWS\System32\KERNELBASE.dll
0x00007ffee50a0000 - 0x00007ffee51ec000 	C:\WINDOWS\System32\ucrtbase.dll
0x00007ffe8cca0000 - 0x00007ffe8ccb9000 	C:\Program Files\Java\jdk-21\bin\jli.dll
0x00007ffee5bc0000 - 0x00007ffee5c76000 	C:\WINDOWS\System32\ADVAPI32.dll
0x00007ffee5ed0000 - 0x00007ffee5f79000 	C:\WINDOWS\System32\msvcrt.dll
0x00007ffee6070000 - 0x00007ffee611a000 	C:\WINDOWS\System32\sechost.dll
0x00007ffee5c80000 - 0x00007ffee5d98000 	C:\WINDOWS\System32\RPCRT4.dll
0x00007ffee70f0000 - 0x00007ffee72b7000 	C:\WINDOWS\System32\USER32.dll
0x00007ffee47d0000 - 0x00007ffee47f7000 	C:\WINDOWS\System32\win32u.dll
0x00007ffee5790000 - 0x00007ffee57bb000 	C:\WINDOWS\System32\GDI32.dll
0x00007ffee4f70000 - 0x00007ffee509b000 	C:\WINDOWS\System32\gdi32full.dll
0x00007ffee4800000 - 0x00007ffee48a3000 	C:\WINDOWS\System32\msvcp_win.dll
0x00007ffe71c30000 - 0x00007ffe71c4b000 	C:\Program Files\Java\jdk-21\bin\VCRUNTIME140.dll
0x00007ffec83e0000 - 0x00007ffec8672000 	C:\WINDOWS\WinSxS\amd64_microsoft.windows.common-controls_6595b64144ccf1df_6.0.26100.8521_none_3e08b75ce33403b3\COMCTL32.dll
0x00007ffed3380000 - 0x00007ffed338b000 	C:\WINDOWS\SYSTEM32\VERSION.dll
0x00007ffee52c0000 - 0x00007ffee52f2000 	C:\WINDOWS\System32\IMM32.DLL
0x00007ffedca00000 - 0x00007ffedca0c000 	C:\Program Files\Java\jdk-21\bin\vcruntime140_1.dll
0x00007ffe71010000 - 0x00007ffe7109e000 	C:\Program Files\Java\jdk-21\bin\msvcp140.dll
0x00007ffe68530000 - 0x00007ffe6924a000 	C:\Program Files\Java\jdk-21\bin\server\jvm.dll
0x00007ffee7460000 - 0x00007ffee74e0000 	C:\WINDOWS\System32\WS2_32.dll
0x00007ffee4630000 - 0x00007ffee468e000 	C:\WINDOWS\SYSTEM32\POWRPROF.dll
0x00007ffed9a40000 - 0x00007ffed9a76000 	C:\WINDOWS\SYSTEM32\WINMM.dll
0x00007ffee4610000 - 0x00007ffee4624000 	C:\WINDOWS\SYSTEM32\UMPDC.dll
0x00007ffee3560000 - 0x00007ffee357b000 	C:\WINDOWS\SYSTEM32\kernel.appcore.dll
0x00007ffec6730000 - 0x00007ffec673a000 	C:\Program Files\Java\jdk-21\bin\jimage.dll
0x00007ffee1da0000 - 0x00007ffee1fe2000 	C:\WINDOWS\SYSTEM32\DBGHELP.DLL
0x00007ffee6590000 - 0x00007ffee6913000 	C:\WINDOWS\System32\combase.dll
0x00007ffee6230000 - 0x00007ffee6309000 	C:\WINDOWS\System32\OLEAUT32.dll
0x00007ffec2520000 - 0x00007ffec255b000 	C:\WINDOWS\SYSTEM32\dbgcore.DLL
0x00007ffee4ec0000 - 0x00007ffee4f68000 	C:\WINDOWS\System32\bcryptPrimitives.dll
0x00007ffedc780000 - 0x00007ffedc78f000 	C:\Program Files\Java\jdk-21\bin\instrument.dll
0x00007ffe718c0000 - 0x00007ffe718df000 	C:\Program Files\Java\jdk-21\bin\java.dll
0x00007ffee6920000 - 0x00007ffee70a4000 	C:\WINDOWS\System32\SHELL32.dll
0x00007ffee2370000 - 0x00007ffee2bf0000 	C:\WINDOWS\SYSTEM32\windows.storage.dll
0x00007ffee6310000 - 0x00007ffee6406000 	C:\WINDOWS\System32\SHCORE.dll
0x00007ffee5f80000 - 0x00007ffee5fe7000 	C:\WINDOWS\System32\shlwapi.dll
0x00007ffee46f0000 - 0x00007ffee4719000 	C:\WINDOWS\SYSTEM32\profapi.dll
0x00007ffe71ca0000 - 0x00007ffe71cb8000 	C:\Program Files\Java\jdk-21\bin\zip.dll
0x00007ffec6650000 - 0x00007ffec6660000 	C:\Program Files\Java\jdk-21\bin\net.dll
0x00007ffed5050000 - 0x00007ffed5179000 	C:\WINDOWS\SYSTEM32\WINHTTP.dll
0x00007ffee3ad0000 - 0x00007ffee3b3c000 	C:\WINDOWS\system32\mswsock.dll
0x00007ffec65e0000 - 0x00007ffec65f6000 	C:\Program Files\Java\jdk-21\bin\nio.dll
0x00007ffe90e10000 - 0x00007ffe90e19000 	C:\Program Files\Java\jdk-21\bin\extnet.dll
0x00007ffec65d0000 - 0x00007ffec65de000 	C:\Program Files\Java\jdk-21\bin\sunmscapi.dll
0x00007ffee48b0000 - 0x00007ffee4a28000 	C:\WINDOWS\System32\CRYPT32.dll
0x00007ffee3fd0000 - 0x00007ffee4000000 	C:\WINDOWS\SYSTEM32\ncrypt.dll
0x00007ffee3f80000 - 0x00007ffee3fbf000 	C:\WINDOWS\SYSTEM32\NTASN1.dll
0x00007ffee3db0000 - 0x00007ffee3dcb000 	C:\WINDOWS\SYSTEM32\CRYPTSP.dll
0x00007ffee34c0000 - 0x00007ffee34f9000 	C:\WINDOWS\system32\rsaenh.dll
0x00007ffee3b80000 - 0x00007ffee3bb3000 	C:\WINDOWS\SYSTEM32\USERENV.dll
0x00007ffee46c0000 - 0x00007ffee46ea000 	C:\WINDOWS\SYSTEM32\bcrypt.dll
0x00007ffee3dd0000 - 0x00007ffee3ddc000 	C:\WINDOWS\SYSTEM32\CRYPTBASE.dll
0x00007ffee2f20000 - 0x00007ffee2f53000 	C:\WINDOWS\SYSTEM32\IPHLPAPI.DLL
0x00007ffee74f0000 - 0x00007ffee74fa000 	C:\WINDOWS\System32\NSI.dll
0x00007ffecec80000 - 0x00007ffecec8a000 	C:\Program Files\Java\jdk-21\bin\management.dll
0x00007ffece6b0000 - 0x00007ffece6bb000 	C:\Program Files\Java\jdk-21\bin\management_ext.dll
0x00007ffee70e0000 - 0x00007ffee70e8000 	C:\WINDOWS\System32\PSAPI.DLL
0x00007ffee3010000 - 0x00007ffee315a000 	C:\WINDOWS\SYSTEM32\DNSAPI.dll
0x00007ffee38f0000 - 0x00007ffee38fd000 	C:\WINDOWS\SYSTEM32\DSPARSE.dll
0x00007ffed4920000 - 0x00007ffed492b000 	C:\Windows\System32\rasadhlp.dll
0x00007ffedbc20000 - 0x00007ffedbca6000 	C:\WINDOWS\System32\fwpuclnt.dll
0x00007ffec8b40000 - 0x00007ffec8b48000 	C:\WINDOWS\system32\wshunix.dll
0x00007ffe69300000 - 0x00007ffe6948f000 	C:\Program Files\Java\jdk-21\bin\awt.dll
0x00007ffee12e0000 - 0x00007ffee1380000 	C:\WINDOWS\SYSTEM32\apphelp.dll
0x00007ffee1790000 - 0x00007ffee17bf000 	C:\WINDOWS\system32\DWMAPI.DLL
0x00007ffee14e0000 - 0x00007ffee158a000 	C:\WINDOWS\system32\uxtheme.dll
0x00007ffec4250000 - 0x00007ffec42d7000 	C:\Program Files\Java\jdk-21\bin\freetype.dll
0x00007ffe6bdd0000 - 0x00007ffe6beb1000 	C:\Program Files\Java\jdk-21\bin\fontmanager.dll

dbghelp: loaded successfully - version: 4.0.5 - missing functions: none
symbol engine: initialized successfully - sym options: 0x614 - pdb path: .;C:\Program Files\Java\jdk-21\bin;C:\WINDOWS\SYSTEM32;C:\WINDOWS\WinSxS\amd64_microsoft.windows.common-controls_6595b64144ccf1df_6.0.26100.8521_none_3e08b75ce33403b3;C:\Program Files\Java\jdk-21\bin\server

VM Arguments:
jvm_args: -XX:TieredStopAtLevel=1 -Dspring.output.ansi.enabled=always -javaagent:C:\Program Files\JetBrains\IntelliJ IDEA 2026.1\lib\idea_rt.jar=50135 -Dfile.encoding=UTF-8 -Dsun.stdout.encoding=UTF-8 -Dsun.stderr.encoding=UTF-8 
java_command: edu.iuh.fit.se.authservice.AuthServiceApplication
java_class_path (initial): D:\KTrucPM\BackEnd\AuthService\target\classes;C:\Users\HELLO\.m2\repository\org\springframework\boot\spring-boot-starter-web\3.5.11\spring-boot-starter-web-3.5.11.jar;C:\Users\HELLO\.m2\repository\org\springframework\boot\spring-boot-starter\3.5.11\spring-boot-starter-3.5.11.jar;C:\Users\HELLO\.m2\repository\org\springframework\boot\spring-boot\3.5.11\spring-boot-3.5.11.jar;C:\Users\HELLO\.m2\repository\org\springframework\boot\spring-boot-autoconfigure\3.5.11\spring-boot-autoconfigure-3.5.11.jar;C:\Users\HELLO\.m2\repository\org\springframework\boot\spring-boot-starter-logging\3.5.11\spring-boot-starter-logging-3.5.11.jar;C:\Users\HELLO\.m2\repository\ch\qos\logback\logback-classic\1.5.32\logback-classic-1.5.32.jar;C:\Users\HELLO\.m2\repository\ch\qos\logback\logback-core\1.5.32\logback-core-1.5.32.jar;C:\Users\HELLO\.m2\repository\org\apache\logging\log4j\log4j-to-slf4j\2.24.3\log4j-to-slf4j-2.24.3.jar;C:\Users\HELLO\.m2\repository\org\apache\logging\log4j\log4j-api\2.24.3\log4j-api-2.24.3.jar;C:\Users\HELLO\.m2\repository\org\slf4j\jul-to-slf4j\2.0.17\jul-to-slf4j-2.0.17.jar;C:\Users\HELLO\.m2\repository\jakarta\annotation\jakarta.annotation-api\2.1.1\jakarta.annotation-api-2.1.1.jar;C:\Users\HELLO\.m2\repository\org\yaml\snakeyaml\2.4\snakeyaml-2.4.jar;C:\Users\HELLO\.m2\repository\org\springframework\boot\spring-boot-starter-json\3.5.11\spring-boot-starter-json-3.5.11.jar;C:\Users\HELLO\.m2\repository\com\fasterxml\jackson\datatype\jackson-datatype-jdk8\2.19.4\jackson-datatype-jdk8-2.19.4.jar;C:\Users\HELLO\.m2\repository\com\fasterxml\jackson\datatype\jackson-datatype-jsr310\2.19.4\jackson-datatype-jsr310-2.19.4.jar;C:\Users\HELLO\.m2\repository\com\fasterxml\jackson\module\jackson-module-parameter-names\2.19.4\jackson-module-parameter-names-2.19.4.jar;C:\Users\HELLO\.m2\repository\org\springframework\boot\spring-boot-starter-tomcat\3.5.11\spring-boot-starter-tomcat-3.5.11.jar;C:\Users\HELLO\.m2\repository\org\apache\tomcat\embed\tomcat-embed-core\10.1.52\tomcat-embed-core-10.1.52.jar;C:\Users\HELLO\.m2\repository\org\apache\tomcat\embed\tomcat-embed-websocket\10.1.52\tomcat-embed-websocket-10.1.52.jar;C:\Users\HELLO\.m2\repository\org\springframework\spring-web\6.2.16\spring-web-6.2.16.jar;C:\Users\HELLO\.m2\repository\org\springframework\spring-beans\6.2.16\spring-beans-6.2.16.jar;C:\Users\HELLO\.m2\repository\org\springframework\spring-webmvc\6.2.16\spring-webmvc-6.2.16.jar;C:\Users\HELLO\.m2\repository\org\springframework\spring-expression\6.2.16\spring-expression-6.2.16.jar;C:\Users\HELLO\.m2\repository\org\springframework\boot\spring-boot-starter-security\3.5.11\spring-boot-starter-security-3.5.11.jar;C:\Users\HELLO\.m2\repository\org\springframework\spring-aop\6.2.16\spring-aop-6.2.16.jar;C:\Users\HELLO\.m2\repository\org\springframework\security\spring-security-config\6.5.8\spring-security-config-6.5.8.jar;C:\Users\HELLO\.m2\repository\org\springframework\security\spring-security-core\6.5.8\spring-security-core-6.5.8.jar;C:\Users\HELLO\.m2\repository\org\springframework\security\spring-security-crypto\6.5.8\spring-security-crypto-6.5.8.jar;C:\Users\HELLO\.m2\repository\org\springframework\security\spring-security-web\6.5.8\spring-security-web-6.5.8.jar;C:\Users\HELLO\.m2\repository\org\springframework\boot\spring-boot-starter-validation\3.5.11\spring-boot-starter-validation-3.5.11.jar;C:\Users\HELLO\.m2\repository\org\apache\tomcat\embed\tomcat-embed-el\10.1.52\tomcat-embed-el-10.1.52.jar;C:\Users\HELLO\.m2\repository\org\hibernate\validator\hibernate-validator\8.0.3.Final\hibernate-validator-8.0.3.Final.jar;C:\Users\HELLO\.m2\repository\jakarta\validation\jakarta.validation-api\3.0.2\jakarta.validation-api-3.0.2.jar;C:\Users\HELLO\.m2\repository\org\jboss\logging\jboss-logging\3.6.2.Final\jboss-logging-3.6.2.Final.jar;C:\Users\HELLO\.m2\repository\com\fasterxml\classmate\1.7.3\classmate-1.7.3.jar;C:\Users\HELLO\.m2\repository\org\springframework\boot\spring-boot-starter-data-jpa\3.5.11\spring-boot-starter-data-jpa-3.5.11.jar;C:\Users\HELLO\.m2\repository\org\springframework\boot\spring-boot-starter-jdbc\3.5.11\spring-boot-starter-jdbc-3.5.11.jar;C:\Users\HELLO\.m2\repository\com\zaxxer\HikariCP\6.3.3\HikariCP-6.3.3.jar;C:\Users\HELLO\.m2\repository\org\springframework\spring-jdbc\6.2.16\spring-jdbc-6.2.16.jar;C:\Users\HELLO\.m2\repository\org\hibernate\orm\hibernate-core\6.6.42.Final\hibernate-core-6.6.42.Final.jar;C:\Users\HELLO\.m2\repository\jakarta\persistence\jakarta.persistence-api\3.1.0\jakarta.persistence-api-3.1.0.jar;C:\Users\HELLO\.m2\repository\jakarta\transaction\jakarta.transaction-api\2.0.1\jakarta.transaction-api-2.0.1.jar;C:\Users\HELLO\.m2\repository\org\hibernate\common\hibernate-commons-annotations\7.0.3.Final\hibernate-commons-annotations-7.0.3.Final.jar;C:\Users\HELLO\.m2\repository\io\smallrye\jandex\3.2.0\jandex-3.2.0.jar;C:\Users\HELLO\.m2\repository\net\bytebuddy\byte-buddy\1.17.8\byte-buddy-1.17.8.jar;C:\Users\HELLO\.m2\repository\org\glassfish\jaxb\jaxb-runtime\4.0.6\jaxb-runtime-4.0.6.jar;C:\Users\HELLO\.m2\repository\org\glassfish\jaxb\jaxb-core\4.0.6\jaxb-core-4.0.6.jar;C:\Users\HELLO\.m2\repository\org\glassfish\jaxb\txw2\4.0.6\txw2-4.0.6.jar;C:\Users\HELLO\.m2\repository\com\sun\istack\istack-commons-runtime\4.1.2\istack-commons-runtime-4.1.2.jar;C:\Users\HELLO\.m2\repository\jakarta\inject\jakarta.inject-api\2.0.1\jakarta.inject-api-2.0.1.jar;C:\Users\HELLO\.m2\repository\org\antlr\antlr4-runtime\4.13.0\antlr4-runtime-4.13.0.jar;C:\Users\HELLO\.m2\repository\org\springframework\data\spring-data-jpa\3.5.9\spring-data-jpa-3.5.9.jar;C:\Users\HELLO\.m2\repository\org\springframework\data\spring-data-commons\3.5.9\spring-data-commons-3.5.9.jar;C:\Users\HELLO\.m2\repository\org\springframework\spring-orm\6.2.16\spring-orm-6.2.16.jar;C:\Users\HELLO\.m2\repository\org\slf4j\slf4j-api\2.0.17\slf4j-api-2.0.17.jar;C:\Users\HELLO\.m2\repository\org\springframework\spring-aspects\6.2.16\spring-aspects-6.2.16.jar;C:\Users\HELLO\.m2\repository\org\aspectj\aspectjweaver\1.9.25.1\aspectjweaver-1.9.25.1.jar;C:\Users\HELLO\.m2\repository\org\postgresql\postgresql\42.7.10\postgresql-42.7.10.jar;C:\Users\HELLO\.m2\repository\org\checkerframework\checker-qual\3.52.0\checker-qual-3.52.0.jar;C:\Users\HELLO\.m2\repository\org\springframework\boot\spring-boot-starter-data-redis\3.5.11\spring-boot-starter-data-redis-3.5.11.jar;C:\Users\HELLO\.m2\repository\io\lettuce\lettuce-core\6.6.0.RELEASE\lettuce-core-6.6.0.RELEASE.jar;C:\Users\HELLO\.m2\repository\redis\clients\authentication\redis-authx-core\0.1.1-beta2\redis-authx-core-0.1.1-beta2.jar;C:\Users\HELLO\.m2\repository\io\netty\netty-common\4.1.131.Final\netty-common-4.1.131.Final.jar;C:\Users\HELLO\.m2\repository\io\netty\netty-handler\4.1.131.Final\netty-handler-4.1.131.Final.jar;C:\Users\HELLO\.m2\repository\io\netty\netty-resolver\4.1.131.Final\netty-resolver-4.1.131.Final.jar;C:\Users\HELLO\.m2\repository\io\netty\netty-buffer\4.1.131.Final\netty-buffer-4.1.131.Final.jar;C:\Users\HELLO\.m2\repository\io\netty\netty-transport-native-unix-common\4.1.131.Final\netty-transport-native-unix-common-4.1.131.Final.jar;C:\Users\HELLO\.m2\repository\io\netty\netty-codec\4.1.131.Final\netty-codec-4.1.131.Final.jar;C:\Users\HELLO\.m2\repository\io\netty\netty-transport\4.1.131.Final\netty-transport-4.1.131.Final.jar;C:\Users\HELLO\.m2\repository\io\projectreactor\reactor-core\3.7.16\reactor-core-3.7.16.jar;C:\Users\HELLO\.m2\repository\org\reactivestreams\reactive-streams\1.0.4\reactive-streams-1.0.4.jar;C:\Users\HELLO\.m2\repository\org\springframework\data\spring-data-redis\3.5.9\spring-data-redis-3.5.9.jar;C:\Users\HELLO\.m2\repository\org\springframework\data\spring-data-keyvalue\3.5.9\spring-data-keyvalue-3.5.9.jar;C:\Users\HELLO\.m2\repository\org\springframework\spring-oxm\6.2.16\spring-oxm-6.2.16.jar;C:\Users\HELLO\.m2\repository\org\springframework\kafka\spring-kafka\3.3.13\spring-kafka-3.3.13.jar;C:\Users\HELLO\.m2\repository\org\springframework\spring-context\6.2.16\spring-context-6.2.16.jar;C:\Users\HELLO\.m2\repository\org\springframework\spring-messaging\6.2.16\spring-messaging-6.2.16.jar;C:\Users\HELLO\.m2\repository\org\springframework\spring-tx\6.2.16\spring-tx-6.2.16.jar;C:\Users\HELLO\.m2\repository\org\springframework\retry\spring-retry\2.0.12\spring-retry-2.0.12.jar;C:\Users\HELLO\.m2\repository\org\apache\kafka\kafka-clients\3.9.1\kafka-clients-3.9.1.jar;C:\Users\HELLO\.m2\repository\com\github\luben\zstd-jni\1.5.6-4\zstd-jni-1.5.6-4.jar;C:\Users\HELLO\.m2\repository\org\lz4\lz4-java\1.8.0\lz4-java-1.8.0.jar;C:\Users\HELLO\.m2\repository\org\xerial\snappy\snappy-java\1.1.10.5\snappy-java-1.1.10.5.jar;C:\Users\HELLO\.m2\repository\io\micrometer\micrometer-observation\1.15.9\micrometer-observation-1.15.9.jar;C:\Users\HELLO\.m2\repository\io\micrometer\micrometer-commons\1.15.9\micrometer-commons-1.15.9.jar;C:\Users\HELLO\.m2\repository\org\springframework\boot\spring-boot-starter-actuator\3.5.11\spring-boot-starter-actuator-3.5.11.jar;C:\Users\HELLO\.m2\repository\org\springframework\boot\spring-boot-actuator-autoconfigure\3.5.11\spring-boot-actuator-autoconfigure-3.5.11.jar;C:\Users\HELLO\.m2\repository\org\springframework\boot\spring-boot-actuator\3.5.11\spring-boot-actuator-3.5.11.jar;C:\Users\HELLO\.m2\repository\io\micrometer\micrometer-jakarta9\1.15.9\micrometer-jakarta9-1.15.9.jar;C:\Users\HELLO\.m2\repository\io\micrometer\micrometer-core\1.15.9\micrometer-core-1.15.9.jar;C:\Users\HELLO\.m2\repository\org\hdrhistogram\HdrHistogram\2.2.2\HdrHistogram-2.2.2.jar;C:\Users\HELLO\.m2\repository\org\latencyutils\LatencyUtils\2.0.3\LatencyUtils-2.0.3.jar;C:\Users\HELLO\.m2\repository\io\jsonwebtoken\jjwt-api\0.12.3\jjwt-api-0.12.3.jar;C:\Users\HELLO\.m2\repository\io\jsonwebtoken\jjwt-impl\0.12.3\jjwt-impl-0.12.3.jar;C:\Users\HELLO\.m2\repository\io\jsonwebtoken\jjwt-jackson\0.12.3\jjwt-jackson-0.12.3.jar;C:\Users\HELLO\.m2\repository\com\fasterxml\jackson\core\jackson-databind\2.19.4\jackson-databind-2.19.4.jar;C:\Users\HELLO\.m2\repository\com\fasterxml\jackson\core\jackson-annotations\2.19.4\jackson-annotations-2.19.4.jar;C:\Users\HELLO\.m2\repository\com\fasterxml\jackson\core\jackson-core\2.19.4\jackson-core-2.19.4.jar;C:\Users\HELLO\.m2\repository\org\springdoc\springdoc-openapi-starter-webmvc-ui\2.3.0\springdoc-openapi-starter-webmvc-ui-2.3.0.jar;C:\Users\HELLO\.m2\repository\org\springdoc\springdoc-openapi-starter-webmvc-api\2.3.0\springdoc-openapi-starter-webmvc-api-2.3.0.jar;C:\Users\HELLO\.m2\repository\org\springdoc\springdoc-openapi-starter-common\2.3.0\springdoc-openapi-starter-common-2.3.0.jar;C:\Users\HELLO\.m2\repository\io\swagger\core\v3\swagger-core-jakarta\2.2.19\swagger-core-jakarta-2.2.19.jar;C:\Users\HELLO\.m2\repository\org\apache\commons\commons-lang3\3.17.0\commons-lang3-3.17.0.jar;C:\Users\HELLO\.m2\repository\io\swagger\core\v3\swagger-annotations-jakarta\2.2.19\swagger-annotations-jakarta-2.2.19.jar;C:\Users\HELLO\.m2\repository\io\swagger\core\v3\swagger-models-jakarta\2.2.19\swagger-models-jakarta-2.2.19.jar;C:\Users\HELLO\.m2\repository\com\fasterxml\jackson\dataformat\jackson-dataformat-yaml\2.19.4\jackson-dataformat-yaml-2.19.4.jar;C:\Users\HELLO\.m2\repository\org\webjars\swagger-ui\5.10.3\swagger-ui-5.10.3.jar;C:\Users\HELLO\.m2\repository\org\springframework\boot\spring-boot-starter-mail\3.5.11\spring-boot-starter-mail-3.5.11.jar;C:\Users\HELLO\.m2\repository\org\springframework\spring-context-support\6.2.16\spring-context-support-6.2.16.jar;C:\Users\HELLO\.m2\repository\org\eclipse\angus\jakarta.mail\2.0.5\jakarta.mail-2.0.5.jar;C:\Users\HELLO\.m2\repository\jakarta\activation\jakarta.activation-api\2.1.4\jakarta.activation-api-2.1.4.jar;C:\Users\HELLO\.m2\repository\org\eclipse\angus\angus-activation\2.0.3\angus-activation-2.0.3.jar;C:\Users\HELLO\.m2\repository\org\projectlombok\lombok\1.18.42\lombok-1.18.42.jar;C:\Users\HELLO\.m2\repository\jakarta\xml\bind\jakarta.xml.bind-api\4.0.4\jakarta.xml.bind-api-4.0.4.jar;C:\Users\HELLO\.m2\repository\org\springframework\spring-core\6.2.16\spring-core-6.2.16.jar;C:\Users\HELLO\.m2\repository\org\springframework\spring-jcl\6.2.16\spring-jcl-6.2.16.jar;C:\Users\HELLO\.m2\repository\dev\samstevens\totp\totp\1.7.1\totp-1.7.1.jar;C:\Users\HELLO\.m2\repository\commons-codec\commons-codec\1.18.0\commons-codec-1.18.0.jar;C:\Users\HELLO\.m2\repository\com\google\zxing\core\3.4.0\core-3.4.0.jar;C:\Users\HELLO\.m2\repository\com\google\zxing\javase\3.4.0\javase-3.4.0.jar;C:\Users\HELLO\.m2\repository\com\beust\jcommander\1.72\jcommander-1.72.jar;C:\Users\HELLO\.m2\repository\com\github\jai-imageio\jai-imageio-core\1.4.0\jai-imageio-core-1.4.0.jar
Launcher Type: SUN_STANDARD

[Global flags]
     intx CICompilerCount                          = 4                                         {product} {ergonomic}
     uint ConcGCThreads                            = 2                                         {product} {ergonomic}
     uint G1ConcRefinementThreads                  = 8                                         {product} {ergonomic}
   size_t G1HeapRegionSize                         = 1048576                                   {product} {ergonomic}
    uintx GCDrainStackTargetSize                   = 64                                        {product} {ergonomic}
   size_t InitialHeapSize                          = 130023424                                 {product} {ergonomic}
   size_t MarkStackSize                            = 4194304                                   {product} {ergonomic}
   size_t MaxHeapSize                              = 2055208960                                {product} {ergonomic}
   size_t MaxNewSize                               = 1233125376                                {product} {ergonomic}
   size_t MinHeapDeltaBytes                        = 1048576                                   {product} {ergonomic}
   size_t MinHeapSize                              = 8388608                                   {product} {ergonomic}
    uintx NonNMethodCodeHeapSize                   = 4096                                   {pd product} {ergonomic}
    uintx NonProfiledCodeHeapSize                  = 0                                      {pd product} {ergonomic}
     bool ProfileInterpreter                       = false                                  {pd product} {command line}
    uintx ProfiledCodeHeapSize                     = 0                                      {pd product} {ergonomic}
   size_t SoftMaxHeapSize                          = 2055208960                             {manageable} {ergonomic}
     intx TieredStopAtLevel                        = 1                                         {product} {command line}
     bool UseCompressedOops                        = true                           {product lp64_product} {ergonomic}
     bool UseG1GC                                  = true                                      {product} {ergonomic}
     bool UseLargePagesIndividualAllocation        = false                                  {pd product} {ergonomic}

Logging:
Log output configuration:
 #0: stdout all=warning uptime,level,tags foldmultilines=false
 #1: stderr all=off uptime,level,tags foldmultilines=false

Environment Variables:
JAVA_HOME=C:\Program Files\Java\jdk-21
PATH=C:\OracleXE\dbhomeXE\bin;C:\Program Files\Common Files\Oracle\Java\javapath;C:\WINDOWS\system32;C:\WINDOWS;C:\WINDOWS\System32\Wbem;C:\WINDOWS\System32\WindowsPowerShell\v1.0\;C:\WINDOWS\System32\OpenSSH\;C:\Program Files\nodejs\;C:\Program Files\Java\jdk-21\bin;C:\Program Files\Apache\apache-maven-3.9.10\bin;C:\Program Files\Git\cmd;C:\Program Files\PuTTY\;C:\Program Files\Docker\Docker\resources\bin;C:\Users\HELLO\AppData\Local\Programs\Python\Python313\Scripts\;C:\Users\HELLO\AppData\Local\Programs\Python\Python313\;C:\Users\HELLO\AppData\Local\Programs\Python\Launcher\;C:\Users\HELLO\AppData\Local\Microsoft\WindowsApps;C:\Users\HELLO\AppData\Local\Programs\Microsoft VS Code\bin;C:\Users\HELLO\AppData\Roaming\npm;C:\Program Files\JetBrains\IntelliJ IDEA 2026.1\bin;C:\Users\HELLO\AppData\Local\Microsoft\WinGet\Packages\BurntSushi.ripgrep.MSVC_Microsoft.Winget.Source_8wekyb3d8bbwe\ripgrep-15.1.0-x86_64-pc-windows-msvc;C:\Users\HELLO\AppData\Local\Programs\Antigravity\bin;C:\Users\HELLO\AppData\Local\Programs\Antigravity IDE\bin
USERNAME=HELLO
OS=Windows_NT
PROCESSOR_IDENTIFIER=Intel64 Family 6 Model 140 Stepping 1, GenuineIntel
TMP=C:\Users\HELLO\AppData\Local\Temp
TEMP=C:\Users\HELLO\AppData\Local\Temp




Periodic native trim disabled

---------------  S Y S T E M  ---------------

OS:
 Windows 11 , 64 bit Build 26100 (10.0.26100.8521)
OS uptime: 1 days 2:34 hours
Hyper-V role detected

CPU: total 8 (initial active 8) (4 cores per cpu, 2 threads per core) family 6 model 140 stepping 1 microcode 0xb4, cx8, cmov, fxsr, ht, mmx, 3dnowpref, sse, sse2, sse3, ssse3, sse4.1, sse4.2, popcnt, lzcnt, tsc, tscinvbit, avx, avx2, aes, erms, clmul, bmi1, bmi2, adx, avx512f, avx512dq, avx512cd, avx512bw, avx512vl, sha, fma, vzeroupper, avx512_vpopcntdq, avx512_vpclmulqdq, avx512_vaes, avx512_vnni, clflush, clflushopt, clwb, avx512_vbmi2, avx512_vbmi, hv, rdtscp, rdpid, fsrm, gfni, avx512_bitalg, f16c, cet_ibt, cet_ss, avx512_ifma
Processor Information for processor 0
  Max Mhz: 2401, Current Mhz: 2401, Mhz Limit: 2401
Processor Information for processor 1
  Max Mhz: 2401, Current Mhz: 1100, Mhz Limit: 2401
Processor Information for processor 2
  Max Mhz: 2401, Current Mhz: 2401, Mhz Limit: 2401
Processor Information for processor 3
  Max Mhz: 2401, Current Mhz: 2401, Mhz Limit: 2401
Processor Information for processor 4
  Max Mhz: 2401, Current Mhz: 2401, Mhz Limit: 2401
Processor Information for processor 5
  Max Mhz: 2401, Current Mhz: 2401, Mhz Limit: 2401
Processor Information for processor 6
  Max Mhz: 2401, Current Mhz: 1100, Mhz Limit: 2401
Processor Information for processor 7
  Max Mhz: 2401, Current Mhz: 1100, Mhz Limit: 2401

Memory: 4k page, system-wide physical 7834M (695M free)
TotalPageFile size 19193M (AvailPageFile size 25M)
current process WorkingSet (physical memory assigned to process): 207M, peak: 389M
current process commit charge ("private bytes"): 528M, peak: 571M

vm_info: Java HotSpot(TM) 64-Bit Server VM (21.0.7+8-LTS-245) for windows-amd64 JRE (21.0.7+8-LTS-245), built on 2025-02-21T05:11:27Z by "mach5one" with MS VC++ 17.6 (VS2022)

END.
