#
# There is insufficient memory for the Java Runtime Environment to continue.
# Native memory allocation (mmap) failed to map 65536 bytes for Failed to commit metaspace.
# Possible reasons:
#   The system is out of physical RAM or swap space
#   The process is running with CompressedOops enabled, and the Java Heap may be blocking the growth of the native heap
# Possible solutions:
#   Reduce memory load on the system
#   Increase physical memory or swap space
#   Check if swap backing store is full
#   Decrease Java heap size (-Xmx/-Xms)
#   Decrease number of Java threads
#   Decrease Java thread stack sizes (-Xss)
#   Set larger code cache with -XX:ReservedCodeCacheSize=
#
#  
#
# 
 elapsed time: 27.081814 seconds (0d 0h 0m 27s)

---------------  T H R E A D  ---------------

Current thread (0x0000014cdc4b79e0):  JavaThread "main"             [_thread_in_vm, id=10856, stack(0x0000003262a00000,0x0000003262b00000) (1024K)]

Stack: [0x0000003262a00000,0x0000003262b00000]
Native frames: (J=compiled Java code, j=interpreted, Vv=VM code, C=native code)
V  [jvm.dll+0x6cae19]
V  [jvm.dll+0x855741]
V  [jvm.dll+0x857c6e]
V  [jvm.dll+0x858343]
V  [jvm.dll+0x27e0b6]
V  [jvm.dll+0x85135e]
V  [jvm.dll+0x66ea55]
V  [jvm.dll+0x1e410c]
V  [jvm.dll+0x1e3ede]
V  [jvm.dll+0x671383]
V  [jvm.dll+0x6711a2]
V  [jvm.dll+0x66f42e]
V  [jvm.dll+0x3bd9bf]
V  [jvm.dll+0x20d04b]
V  [jvm.dll+0x5ad9f6]
V  [jvm.dll+0x7cf846]
V  [jvm.dll+0x471336]
V  [jvm.dll+0x4771b8]
C  [java.dll+0x17ec]

Java frames: (J=compiled Java code, j=interpreted, Vv=VM code)
J 711  java.lang.ClassLoader.defineClass1(Ljava/lang/ClassLoader;Ljava/lang/String;[BIILjava/security/ProtectionDomain;Ljava/lang/String;)Ljava/lang/Class; java.base@21.0.7 (0 bytes) @ 0x0000014ce6200391 [0x0000014ce62002c0+0x00000000000000d1]
J 1037 c1 java.lang.ClassLoader.defineClass(Ljava/lang/String;[BIILjava/security/ProtectionDomain;)Ljava/lang/Class; java.base@21.0.7 (43 bytes) @ 0x0000014ce63a207c [0x0000014ce63a1f60+0x000000000000011c]
J 906 c1 jdk.internal.loader.BuiltinClassLoader.defineClass(Ljava/lang/String;Ljdk/internal/loader/Resource;)Ljava/lang/Class; java.base@21.0.7 (121 bytes) @ 0x0000014ce6372894 [0x0000014ce6372340+0x0000000000000554]
J 903 c1 jdk.internal.loader.BuiltinClassLoader.findClassOnClassPathOrNull(Ljava/lang/String;)Ljava/lang/Class; java.base@21.0.7 (64 bytes) @ 0x0000014ce636feb4 [0x0000014ce636fbe0+0x00000000000002d4]
J 513 c1 jdk.internal.loader.BuiltinClassLoader.loadClassOrNull(Ljava/lang/String;Z)Ljava/lang/Class; java.base@21.0.7 (143 bytes) @ 0x0000014ce61b567c [0x0000014ce61b5280+0x00000000000003fc]
J 789 c1 jdk.internal.loader.ClassLoaders$AppClassLoader.loadClass(Ljava/lang/String;Z)Ljava/lang/Class; java.base@21.0.7 (40 bytes) @ 0x0000014ce633da0c [0x0000014ce633d9c0+0x000000000000004c]
J 788 c1 java.lang.ClassLoader.loadClass(Ljava/lang/String;)Ljava/lang/Class; java.base@21.0.7 (7 bytes) @ 0x0000014ce633ce94 [0x0000014ce633ce40+0x0000000000000054]
v  ~StubRoutines::call_stub 0x0000014ce5f310e7
j  org.springframework.security.config.annotation.authentication.configuration.AuthenticationConfiguration.authenticationManagerBuilder(Lorg/springframework/security/config/ObjectPostProcessor;Lorg/springframework/context/ApplicationContext;)Lorg/springframework/security/config/annotation/authentication/builders/AuthenticationManagerBuilder;+16
j  java.lang.invoke.LambdaForm$DMH+0x0000014c812bd000.invokeVirtual(Ljava/lang/Object;Ljava/lang/Object;Ljava/lang/Object;Ljava/lang/Object;)Ljava/lang/Object;+14 java.base@21.0.7
j  java.lang.invoke.LambdaForm$MH+0x0000014c81524400.invoke(Ljava/lang/Object;Ljava/lang/Object;Ljava/lang/Object;Ljava/lang/Object;)Ljava/lang/Object;+73 java.base@21.0.7
J 3598 c1 jdk.internal.reflect.DirectMethodHandleAccessor.invoke(Ljava/lang/Object;[Ljava/lang/Object;)Ljava/lang/Object; java.base@21.0.7 (92 bytes) @ 0x0000014ce67c543c [0x0000014ce67c5160+0x00000000000002dc]
J 3600 c1 java.lang.reflect.Method.invoke(Ljava/lang/Object;[Ljava/lang/Object;)Ljava/lang/Object; java.base@21.0.7 (108 bytes) @ 0x0000014ce67c3f54 [0x0000014ce67c3d80+0x00000000000001d4]
j  org.springframework.beans.factory.support.SimpleInstantiationStrategy.lambda$instantiate$0(Ljava/lang/reflect/Method;Ljava/lang/Object;[Ljava/lang/Object;Lorg/springframework/beans/factory/support/RootBeanDefinition;Lorg/springframework/beans/factory/BeanFactory;)Ljava/lang/Object;+7
j  org.springframework.beans.factory.support.SimpleInstantiationStrategy$$Lambda+0x0000014c8143dc50.get()Ljava/lang/Object;+20
j  org.springframework.beans.factory.support.SimpleInstantiationStrategy.instantiateWithFactoryMethod(Ljava/lang/reflect/Method;Ljava/util/function/Supplier;)Ljava/lang/Object;+18
j  org.springframework.beans.factory.support.SimpleInstantiationStrategy.instantiate(Lorg/springframework/beans/factory/support/RootBeanDefinition;Ljava/lang/String;Lorg/springframework/beans/factory/BeanFactory;Ljava/lang/Object;Ljava/lang/reflect/Method;[Ljava/lang/Object;)Ljava/lang/Object;+15
j  org.springframework.beans.factory.support.ConstructorResolver.instantiate(Ljava/lang/String;Lorg/springframework/beans/factory/support/RootBeanDefinition;Ljava/lang/Object;Ljava/lang/reflect/Method;[Ljava/lang/Object;)Ljava/lang/Object;+18
j  org.springframework.beans.factory.support.ConstructorResolver.instantiateUsingFactoryMethod(Ljava/lang/String;Lorg/springframework/beans/factory/support/RootBeanDefinition;[Ljava/lang/Object;)Lorg/springframework/beans/BeanWrapper;+1484
j  org.springframework.beans.factory.support.AbstractAutowireCapableBeanFactory.instantiateUsingFactoryMethod(Ljava/lang/String;Lorg/springframework/beans/factory/support/RootBeanDefinition;[Ljava/lang/Object;)Lorg/springframework/beans/BeanWrapper;+11
j  org.springframework.beans.factory.support.AbstractAutowireCapableBeanFactory.createBeanInstance(Ljava/lang/String;Lorg/springframework/beans/factory/support/RootBeanDefinition;[Ljava/lang/Object;)Lorg/springframework/beans/BeanWrapper;+93
j  org.springframework.beans.factory.support.AbstractAutowireCapableBeanFactory.doCreateBean(Ljava/lang/String;Lorg/springframework/beans/factory/support/RootBeanDefinition;[Ljava/lang/Object;)Ljava/lang/Object;+34
j  org.springframework.beans.factory.support.AbstractAutowireCapableBeanFactory.createBean(Ljava/lang/String;Lorg/springframework/beans/factory/support/RootBeanDefinition;[Ljava/lang/Object;)Ljava/lang/Object;+153
j  org.springframework.beans.factory.support.AbstractBeanFactory.lambda$doGetBean$0(Ljava/lang/String;Lorg/springframework/beans/factory/support/RootBeanDefinition;[Ljava/lang/Object;)Ljava/lang/Object;+4
j  org.springframework.beans.factory.support.AbstractBeanFactory$$Lambda+0x0000014c811d25b8.getObject()Ljava/lang/Object;+16
j  org.springframework.beans.factory.support.DefaultSingletonBeanRegistry.getSingleton(Ljava/lang/String;Lorg/springframework/beans/factory/ObjectFactory;)Ljava/lang/Object;+897
J 3222 c1 org.springframework.beans.factory.support.AbstractBeanFactory.doGetBean(Ljava/lang/String;Ljava/lang/Class;[Ljava/lang/Object;Z)Ljava/lang/Object; (787 bytes) @ 0x0000014ce6725ddc [0x0000014ce6725720+0x00000000000006bc]
j  org.springframework.beans.factory.support.AbstractBeanFactory.getBean(Ljava/lang/String;Ljava/lang/Class;[Ljava/lang/Object;)Ljava/lang/Object;+5
j  org.springframework.beans.factory.support.DefaultListableBeanFactory.resolveNamedBean(Ljava/lang/String;Lorg/springframework/core/ResolvableType;[Ljava/lang/Object;)Lorg/springframework/beans/factory/config/NamedBeanHolder;+4
j  org.springframework.beans.factory.support.DefaultListableBeanFactory.resolveNamedBean(Lorg/springframework/core/ResolvableType;[Ljava/lang/Object;Z)Lorg/springframework/beans/factory/config/NamedBeanHolder;+128
j  org.springframework.beans.factory.support.DefaultListableBeanFactory.resolveBean(Lorg/springframework/core/ResolvableType;[Ljava/lang/Object;Z)Ljava/lang/Object;+4
j  org.springframework.beans.factory.support.DefaultListableBeanFactory.getBean(Ljava/lang/Class;[Ljava/lang/Object;)Ljava/lang/Object;+13
j  org.springframework.beans.factory.support.DefaultListableBeanFactory.getBean(Ljava/lang/Class;)Ljava/lang/Object;+6
j  org.springframework.context.support.AbstractApplicationContext.getBean(Ljava/lang/Class;)Ljava/lang/Object;+9
j  org.springframework.security.config.annotation.authentication.configuration.AuthenticationConfiguration.getAuthenticationManager()Lorg/springframework/security/authentication/AuthenticationManager;+18
j  edu.iuh.fit.se.authservice.config.SecurityConfig.authenticationManager(Lorg/springframework/security/config/annotation/authentication/configuration/AuthenticationConfiguration;)Lorg/springframework/security/authentication/AuthenticationManager;+1
j  edu.iuh.fit.se.authservice.config.SecurityConfig$$SpringCGLIB$$0.CGLIB$authenticationManager$2(Lorg/springframework/security/config/annotation/authentication/configuration/AuthenticationConfiguration;)Lorg/springframework/security/authentication/AuthenticationManager;+2
j  edu.iuh.fit.se.authservice.config.SecurityConfig$$SpringCGLIB$$FastClass$$1.invoke(ILjava/lang/Object;[Ljava/lang/Object;)Ljava/lang/Object;+194
j  org.springframework.cglib.proxy.MethodProxy.invokeSuper(Ljava/lang/Object;[Ljava/lang/Object;)Ljava/lang/Object;+19
j  org.springframework.context.annotation.ConfigurationClassEnhancer$BeanMethodInterceptor.intercept(Ljava/lang/Object;Ljava/lang/reflect/Method;[Ljava/lang/Object;Lorg/springframework/cglib/proxy/MethodProxy;)Ljava/lang/Object;+180
j  edu.iuh.fit.se.authservice.config.SecurityConfig$$SpringCGLIB$$0.authenticationManager(Lorg/springframework/security/config/annotation/authentication/configuration/AuthenticationConfiguration;)Lorg/springframework/security/authentication/AuthenticationManager;+36
j  java.lang.invoke.LambdaForm$DMH+0x0000014c81114400.invokeVirtual(Ljava/lang/Object;Ljava/lang/Object;Ljava/lang/Object;)Ljava/lang/Object;+11 java.base@21.0.7
j  java.lang.invoke.LambdaForm$MH+0x0000014c81088000.invoke(Ljava/lang/Object;Ljava/lang/Object;Ljava/lang/Object;)Ljava/lang/Object;+52 java.base@21.0.7
J 3598 c1 jdk.internal.reflect.DirectMethodHandleAccessor.invoke(Ljava/lang/Object;[Ljava/lang/Object;)Ljava/lang/Object; java.base@21.0.7 (92 bytes) @ 0x0000014ce67c53f4 [0x0000014ce67c5160+0x0000000000000294]
J 3600 c1 java.lang.reflect.Method.invoke(Ljava/lang/Object;[Ljava/lang/Object;)Ljava/lang/Object; java.base@21.0.7 (108 bytes) @ 0x0000014ce67c3f54 [0x0000014ce67c3d80+0x00000000000001d4]
j  org.springframework.beans.factory.support.SimpleInstantiationStrategy.lambda$instantiate$0(Ljava/lang/reflect/Method;Ljava/lang/Object;[Ljava/lang/Object;Lorg/springframework/beans/factory/support/RootBeanDefinition;Lorg/springframework/beans/factory/BeanFactory;)Ljava/lang/Object;+7
j  org.springframework.beans.factory.support.SimpleInstantiationStrategy$$Lambda+0x0000014c8143dc50.get()Ljava/lang/Object;+20
j  org.springframework.beans.factory.support.SimpleInstantiationStrategy.instantiateWithFactoryMethod(Ljava/lang/reflect/Method;Ljava/util/function/Supplier;)Ljava/lang/Object;+18
j  org.springframework.beans.factory.support.SimpleInstantiationStrategy.instantiate(Lorg/springframework/beans/factory/support/RootBeanDefinition;Ljava/lang/String;Lorg/springframework/beans/factory/BeanFactory;Ljava/lang/Object;Ljava/lang/reflect/Method;[Ljava/lang/Object;)Ljava/lang/Object;+15
j  org.springframework.beans.factory.support.ConstructorResolver.instantiate(Ljava/lang/String;Lorg/springframework/beans/factory/support/RootBeanDefinition;Ljava/lang/Object;Ljava/lang/reflect/Method;[Ljava/lang/Object;)Ljava/lang/Object;+18
j  org.springframework.beans.factory.support.ConstructorResolver.instantiateUsingFactoryMethod(Ljava/lang/String;Lorg/springframework/beans/factory/support/RootBeanDefinition;[Ljava/lang/Object;)Lorg/springframework/beans/BeanWrapper;+1484
j  org.springframework.beans.factory.support.AbstractAutowireCapableBeanFactory.instantiateUsingFactoryMethod(Ljava/lang/String;Lorg/springframework/beans/factory/support/RootBeanDefinition;[Ljava/lang/Object;)Lorg/springframework/beans/BeanWrapper;+11
j  org.springframework.beans.factory.support.AbstractAutowireCapableBeanFactory.createBeanInstance(Ljava/lang/String;Lorg/springframework/beans/factory/support/RootBeanDefinition;[Ljava/lang/Object;)Lorg/springframework/beans/BeanWrapper;+93
j  org.springframework.beans.factory.support.AbstractAutowireCapableBeanFactory.doCreateBean(Ljava/lang/String;Lorg/springframework/beans/factory/support/RootBeanDefinition;[Ljava/lang/Object;)Ljava/lang/Object;+34
j  org.springframework.beans.factory.support.AbstractAutowireCapableBeanFactory.createBean(Ljava/lang/String;Lorg/springframework/beans/factory/support/RootBeanDefinition;[Ljava/lang/Object;)Ljava/lang/Object;+153
j  org.springframework.beans.factory.support.AbstractBeanFactory.lambda$doGetBean$0(Ljava/lang/String;Lorg/springframework/beans/factory/support/RootBeanDefinition;[Ljava/lang/Object;)Ljava/lang/Object;+4
j  org.springframework.beans.factory.support.AbstractBeanFactory$$Lambda+0x0000014c811d25b8.getObject()Ljava/lang/Object;+16
j  org.springframework.beans.factory.support.DefaultSingletonBeanRegistry.getSingleton(Ljava/lang/String;Lorg/springframework/beans/factory/ObjectFactory;)Ljava/lang/Object;+897
J 3222 c1 org.springframework.beans.factory.support.AbstractBeanFactory.doGetBean(Ljava/lang/String;Ljava/lang/Class;[Ljava/lang/Object;Z)Ljava/lang/Object; (787 bytes) @ 0x0000014ce6725ddc [0x0000014ce6725720+0x00000000000006bc]
j  org.springframework.beans.factory.support.AbstractBeanFactory.getBean(Ljava/lang/String;)Ljava/lang/Object;+5
j  org.springframework.beans.factory.support.DefaultListableBeanFactory.doResolveDependency(Lorg/springframework/beans/factory/config/DependencyDescriptor;Ljava/lang/String;Ljava/util/Set;Lorg/springframework/beans/TypeConverter;)Ljava/lang/Object;+354
j  org.springframework.beans.factory.support.DefaultListableBeanFactory.resolveDependency(Lorg/springframework/beans/factory/config/DependencyDescriptor;Ljava/lang/String;Ljava/util/Set;Lorg/springframework/beans/TypeConverter;)Ljava/lang/Object;+117
j  org.springframework.beans.factory.support.ConstructorResolver.resolveAutowiredArgument(Lorg/springframework/beans/factory/config/DependencyDescriptor;Ljava/lang/Class;Ljava/lang/String;Ljava/util/Set;Lorg/springframework/beans/TypeConverter;Z)Ljava/lang/Object;+56
j  org.springframework.beans.factory.support.ConstructorResolver.createArgumentArray(Ljava/lang/String;Lorg/springframework/beans/factory/support/RootBeanDefinition;Lorg/springframework/beans/factory/config/ConstructorArgumentValues;Lorg/springframework/beans/BeanWrapper;[Ljava/lang/Class;[Ljava/lang/String;Ljava/lang/reflect/Executable;ZZ)Lorg/springframework/beans/factory/support/ConstructorResolver$ArgumentsHolder;+420
j  org.springframework.beans.factory.support.ConstructorResolver.autowireConstructor(Ljava/lang/String;Lorg/springframework/beans/factory/support/RootBeanDefinition;[Ljava/lang/reflect/Constructor;[Ljava/lang/Object;)Lorg/springframework/beans/BeanWrapper;+533
j  org.springframework.beans.factory.support.AbstractAutowireCapableBeanFactory.autowireConstructor(Ljava/lang/String;Lorg/springframework/beans/factory/support/RootBeanDefinition;[Ljava/lang/reflect/Constructor;[Ljava/lang/Object;)Lorg/springframework/beans/BeanWrapper;+13
j  org.springframework.beans.factory.support.AbstractAutowireCapableBeanFactory.createBeanInstance(Ljava/lang/String;Lorg/springframework/beans/factory/support/RootBeanDefinition;[Ljava/lang/Object;)Lorg/springframework/beans/BeanWrapper;+213
j  org.springframework.beans.factory.support.AbstractAutowireCapableBeanFactory.doCreateBean(Ljava/lang/String;Lorg/springframework/beans/factory/support/RootBeanDefinition;[Ljava/lang/Object;)Ljava/lang/Object;+34
j  org.springframework.beans.factory.support.AbstractAutowireCapableBeanFactory.createBean(Ljava/lang/String;Lorg/springframework/beans/factory/support/RootBeanDefinition;[Ljava/lang/Object;)Ljava/lang/Object;+153
j  org.springframework.beans.factory.support.AbstractBeanFactory.lambda$doGetBean$0(Ljava/lang/String;Lorg/springframework/beans/factory/support/RootBeanDefinition;[Ljava/lang/Object;)Ljava/lang/Object;+4
j  org.springframework.beans.factory.support.AbstractBeanFactory$$Lambda+0x0000014c811d25b8.getObject()Ljava/lang/Object;+16
j  org.springframework.beans.factory.support.DefaultSingletonBeanRegistry.getSingleton(Ljava/lang/String;Lorg/springframework/beans/factory/ObjectFactory;)Ljava/lang/Object;+897
J 3222 c1 org.springframework.beans.factory.support.AbstractBeanFactory.doGetBean(Ljava/lang/String;Ljava/lang/Class;[Ljava/lang/Object;Z)Ljava/lang/Object; (787 bytes) @ 0x0000014ce6725ddc [0x0000014ce6725720+0x00000000000006bc]
j  org.springframework.beans.factory.support.AbstractBeanFactory.getBean(Ljava/lang/String;)Ljava/lang/Object;+5
j  org.springframework.beans.factory.support.DefaultListableBeanFactory.doResolveDependency(Lorg/springframework/beans/factory/config/DependencyDescriptor;Ljava/lang/String;Ljava/util/Set;Lorg/springframework/beans/TypeConverter;)Ljava/lang/Object;+354
j  org.springframework.beans.factory.support.DefaultListableBeanFactory.resolveDependency(Lorg/springframework/beans/factory/config/DependencyDescriptor;Ljava/lang/String;Ljava/util/Set;Lorg/springframework/beans/TypeConverter;)Ljava/lang/Object;+117
j  org.springframework.beans.factory.support.ConstructorResolver.resolveAutowiredArgument(Lorg/springframework/beans/factory/config/DependencyDescriptor;Ljava/lang/Class;Ljava/lang/String;Ljava/util/Set;Lorg/springframework/beans/TypeConverter;Z)Ljava/lang/Object;+56
j  org.springframework.beans.factory.support.ConstructorResolver.createArgumentArray(Ljava/lang/String;Lorg/springframework/beans/factory/support/RootBeanDefinition;Lorg/springframework/beans/factory/config/ConstructorArgumentValues;Lorg/springframework/beans/BeanWrapper;[Ljava/lang/Class;[Ljava/lang/String;Ljava/lang/reflect/Executable;ZZ)Lorg/springframework/beans/factory/support/ConstructorResolver$ArgumentsHolder;+420
j  org.springframework.beans.factory.support.ConstructorResolver.autowireConstructor(Ljava/lang/String;Lorg/springframework/beans/factory/support/RootBeanDefinition;[Ljava/lang/reflect/Constructor;[Ljava/lang/Object;)Lorg/springframework/beans/BeanWrapper;+533
j  org.springframework.beans.factory.support.AbstractAutowireCapableBeanFactory.autowireConstructor(Ljava/lang/String;Lorg/springframework/beans/factory/support/RootBeanDefinition;[Ljava/lang/reflect/Constructor;[Ljava/lang/Object;)Lorg/springframework/beans/BeanWrapper;+13
j  org.springframework.beans.factory.support.AbstractAutowireCapableBeanFactory.createBeanInstance(Ljava/lang/String;Lorg/springframework/beans/factory/support/RootBeanDefinition;[Ljava/lang/Object;)Lorg/springframework/beans/BeanWrapper;+213
j  org.springframework.beans.factory.support.AbstractAutowireCapableBeanFactory.doCreateBean(Ljava/lang/String;Lorg/springframework/beans/factory/support/RootBeanDefinition;[Ljava/lang/Object;)Ljava/lang/Object;+34
j  org.springframework.beans.factory.support.AbstractAutowireCapableBeanFactory.createBean(Ljava/lang/String;Lorg/springframework/beans/factory/support/RootBeanDefinition;[Ljava/lang/Object;)Ljava/lang/Object;+153
j  org.springframework.beans.factory.support.AbstractBeanFactory.lambda$doGetBean$0(Ljava/lang/String;Lorg/springframework/beans/factory/support/RootBeanDefinition;[Ljava/lang/Object;)Ljava/lang/Object;+4
j  org.springframework.beans.factory.support.AbstractBeanFactory$$Lambda+0x0000014c811d25b8.getObject()Ljava/lang/Object;+16
j  org.springframework.beans.factory.support.DefaultSingletonBeanRegistry.getSingleton(Ljava/lang/String;Lorg/springframework/beans/factory/ObjectFactory;)Ljava/lang/Object;+897
J 3222 c1 org.springframework.beans.factory.support.AbstractBeanFactory.doGetBean(Ljava/lang/String;Ljava/lang/Class;[Ljava/lang/Object;Z)Ljava/lang/Object; (787 bytes) @ 0x0000014ce6725ddc [0x0000014ce6725720+0x00000000000006bc]
j  org.springframework.beans.factory.support.AbstractBeanFactory.getBean(Ljava/lang/String;)Ljava/lang/Object;+5
j  org.springframework.beans.factory.support.DefaultListableBeanFactory.instantiateSingleton(Ljava/lang/String;)V+51
j  org.springframework.beans.factory.support.DefaultListableBeanFactory.preInstantiateSingleton(Ljava/lang/String;Lorg/springframework/beans/factory/support/RootBeanDefinition;)Ljava/util/concurrent/CompletableFuture;+141
j  org.springframework.beans.factory.support.DefaultListableBeanFactory.preInstantiateSingletons()V+130
j  org.springframework.context.support.AbstractApplicationContext.finishBeanFactoryInitialization(Lorg/springframework/beans/factory/config/ConfigurableListableBeanFactory;)V+290
j  org.springframework.context.support.AbstractApplicationContext.refresh()V+94
j  org.springframework.boot.web.servlet.context.ServletWebServerApplicationContext.refresh()V+1
j  org.springframework.boot.SpringApplication.refresh(Lorg/springframework/context/ConfigurableApplicationContext;)V+1
j  org.springframework.boot.SpringApplication.refreshContext(Lorg/springframework/context/ConfigurableApplicationContext;)V+19
j  org.springframework.boot.SpringApplication.run([Ljava/lang/String;)Lorg/springframework/context/ConfigurableApplicationContext;+113
j  org.springframework.boot.SpringApplication.run([Ljava/lang/Class;[Ljava/lang/String;)Lorg/springframework/context/ConfigurableApplicationContext;+9
j  org.springframework.boot.SpringApplication.run(Ljava/lang/Class;[Ljava/lang/String;)Lorg/springframework/context/ConfigurableApplicationContext;+9
j  edu.iuh.fit.se.authservice.AuthServiceApplication.main([Ljava/lang/String;)V+3
v  ~StubRoutines::call_stub 0x0000014ce5f310e7

Compiled method (n/a)   27143  711     n 0       java.lang.ClassLoader::defineClass1 (native)
 total in heap  [0x0000014ce6200110,0x0000014ce6200870] = 1888
 relocation     [0x0000014ce6200270,0x0000014ce62002b0] = 64
 main code      [0x0000014ce62002c0,0x0000014ce620086f] = 1455
 stub code      [0x0000014ce620086f,0x0000014ce6200870] = 1

[Constant Pool (empty)]

[MachCode]
[Entry Point]
  # {method} {0x0000014c80439a30} 'defineClass1' '(Ljava/lang/ClassLoader;Ljava/lang/String;[BIILjava/security/ProtectionDomain;Ljava/lang/String;)Ljava/lang/Class;' in 'java/lang/ClassLoader'
  # parm0:    rdx:rdx   = 'java/lang/ClassLoader'
  # parm1:    r8:r8     = 'java/lang/String'
  # parm2:    r9:r9     = '[B'
  # parm3:    rdi       = int
  # parm4:    rsi       = int
  # parm5:    rcx:rcx   = 'java/security/ProtectionDomain'
  # parm6:    [sp+0xa0]   = 'java/lang/String'  (sp of caller)
  0x0000014ce62002c0: 448b 5208 | 49bb 0000 | 0080 4c01 | 0000 4d03 | d349 3bc2 | 0f84 0600 

  0x0000014ce62002d8: ;   {runtime_call ic_miss_stub}
  0x0000014ce62002d8: 0000 e9a1 | e6d7 ff90 
[Verified Entry Point]
  0x0000014ce62002e0: 8984 2400 | 80ff ff55 | 488b ec48 | 81ec 9000 | 0000 6690 | 4181 7f20 | 0900 0000 

  0x0000014ce62002fc: ;   {runtime_call StubRoutines (final stubs)}
  0x0000014ce62002fc: 7405 e87d | 5ad6 ff48 | 837d 1000 | 488d 4510 | 480f 4445 | 1048 8944 | 2440 4889 | 4c24 7048 
  0x0000014ce620031c: 83f9 0048 | 8d44 2470 | 480f 4444 | 2470 4889 | 4424 3848 | 8974 2430 | 4889 7c24 | 284c 894c 
  0x0000014ce620033c: 2458 4983 | f900 488d | 4424 5848 | 0f44 4424 | 5848 8944 | 2420 4c89 | 4424 5049 | 83f8 004c 
  0x0000014ce620035c: 8d4c 2450 | 4c0f 444c | 2450 4889 | 5424 4848 | 83fa 004c | 8d44 2448 | 4c0f 4444 

  0x0000014ce6200378: ;   {oop(a 'java/lang/Class'{0x0000000085ec0068} = 'java/lang/ClassLoader')}
  0x0000014ce6200378: 2448 49be | 6800 ec85 | 0000 0000 | 4c89 7424 | 784c 8d74 | 2478 498b | d6c5 f877 

  0x0000014ce6200394: ;   {internal_word}
  0x0000014ce6200394: 49ba 9103 | 20e6 4c01 | 0000 4d89 | 97a0 0300 | 0049 89a7 | 9803 0000 

  0x0000014ce62003ac: ;   {external_word}
  0x0000014ce62003ac: 49ba 2058 | c85e fe7f | 0000 4180 | 3a00 0f84 | 4e00 0000 | 5241 5041 

  0x0000014ce62003c4: ;   {metadata({method} {0x0000014c80439a30} 'defineClass1' '(Ljava/lang/ClassLoader;Ljava/lang/String;[BIILjava/security/ProtectionDomain;Ljava/lang/String;)Ljava/lang/Class;' in 'java/lang/ClassLoader')}
  0x0000014ce62003c4: 5148 ba28 | 9a43 804c | 0100 0049 | 8bcf 4883 | ec20 40f6 | c40f 0f84 | 1900 0000 | 4883 ec08 
  0x0000014ce62003e4: ;   {runtime_call}
  0x0000014ce62003e4: 48b8 500d | 795e fe7f | 0000 ffd0 | 4883 c408 | e90c 0000 

  0x0000014ce62003f8: ;   {runtime_call}
  0x0000014ce62003f8: 0048 b850 | 0d79 5efe | 7f00 00ff | d048 83c4 | 2041 5941 | 585a 498d | 8fb8 0300 | 0041 c787 
  0x0000014ce6200418: 4404 0000 | 0400 0000 

  0x0000014ce6200420: ;   {runtime_call}
  0x0000014ce6200420: 48b8 ac16 | 24c5 fe7f | 0000 ffd0 | c5f8 7741 | c787 4404 | 0000 0500 | 0000 f083 | 4424 c000 
  0x0000014ce6200440: 493b af48 | 0400 000f | 870e 0000 | 0041 83bf | 4004 0000 | 000f 842b | 0000 00c5 | f877 4889 
  0x0000014ce6200460: 45f8 498b | cf4c 8be4 | 4883 ec20 | 4883 e4f0 

  0x0000014ce6200470: ;   {runtime_call}
  0x0000014ce6200470: 48b8 30b9 | 445e fe7f | 0000 ffd0 | 498b e44d | 33e4 488b | 45f8 41c7 | 8744 0400 | 0008 0000 
  0x0000014ce6200490: 0041 83bf | c004 0000 | 020f 84a3 

  0x0000014ce620049c: ;   {external_word}
  0x0000014ce620049c: 0300 0049 | ba20 58c8 | 5efe 7f00 | 0041 803a | 000f 844c | 0000 0048 

  0x0000014ce62004b4: ;   {metadata({method} {0x0000014c80439a30} 'defineClass1' '(Ljava/lang/ClassLoader;Ljava/lang/String;[BIILjava/security/ProtectionDomain;Ljava/lang/String;)Ljava/lang/Class;' in 'java/lang/ClassLoader')}
  0x0000014ce62004b4: 8945 f848 | ba28 9a43 | 804c 0100 | 0049 8bcf | 4883 ec20 | 40f6 c40f | 0f84 1900 | 0000 4883 
  0x0000014ce62004d4: ;   {runtime_call}
  0x0000014ce62004d4: ec08 48b8 | 500d 795e | fe7f 0000 | ffd0 4883 | c408 e90c 

  0x0000014ce62004e8: ;   {runtime_call}
  0x0000014ce62004e8: 0000 0048 | b850 0d79 | 5efe 7f00 | 00ff d048 | 83c4 2048 | 8b45 f849 | c787 9803 | 0000 0000 
  0x0000014ce6200508: 0000 49c7 | 87a0 0300 | 0000 0000 | 00c5 f877 | 4885 c00f | 84fe 0200 | 00a8 030f | 8508 0000 
  0x0000014ce6200528: 0048 8b00 | e9ee 0200 | 00a8 010f | 8509 0000 | 0048 8b40 | fee9 dd02 | 0000 488b | 40ff 4180 
  0x0000014ce6200548: 7f40 000f | 84ce 0200 | 0048 83f8 | 000f 84c4 | 0200 0049 | 8b4f 2848 | 83f9 000f | 8414 0000 
  0x0000014ce6200568: 0048 83e9 | 0849 894f | 2849 034f | 3848 8901 | e9a2 0200 | 0048 81ec | 5001 0000 | 4889 0424 
  0x0000014ce6200588: 4889 4c24 | 0848 8954 | 2410 4889 | 7424 1848 | 897c 2420 | 4c89 4424 | 284c 894c | 2430 4c89 
  0x0000014ce62005a8: 5424 384c | 895c 2440 | c5fb 1144 | 2450 c5fb | 114c 2458 | c5fb 1154 | 2460 c5fb | 115c 2468 
  0x0000014ce62005c8: c5fb 1164 | 2470 c5fb | 116c 2478 | c5fb 11b4 | 2480 0000 | 00c5 fb11 | bc24 8800 | 0000 c57b 
  0x0000014ce62005e8: ;   {no_reloc}
  0x0000014ce62005e8: 1184 2490 | 0000 00c5 | 7b11 8c24 | 9800 0000 | c57b 1194 | 24a0 0000 | 00c5 7b11 | 9c24 a800 
  0x0000014ce6200608: 0000 c57b | 11a4 24b0 | 0000 00c5 | 7b11 ac24 | b800 0000 | c57b 11b4 | 24c0 0000 | 00c5 7b11 
  0x0000014ce6200628: bc24 c800 | 0000 62e1 | ff08 1144 | 241a 62e1 | ff08 114c | 241b 62e1 | ff08 1154 | 241c 62e1 
  0x0000014ce6200648: ff08 115c | 241d 62e1 | ff08 1164 | 241e 62e1 | ff08 116c | 241f 62e1 | ff08 1174 | 2420 62e1 
  0x0000014ce6200668: ff08 117c | 2421 6261 | ff08 1144 | 2422 6261 | ff08 114c | 2423 6261 | ff08 1154 | 2424 6261 
  0x0000014ce6200688: ff08 115c | 2425 6261 | ff08 1164 | 2426 6261 | ff08 116c | 2427 6261 | ff08 1174 | 2428 6261 
  0x0000014ce62006a8: ff08 117c | 2429 498b | d748 8bc8 | 4883 ec20 | 40f6 c40f | 0f84 1900 | 0000 4883 

  0x0000014ce62006c4: ;   {runtime_call}
  0x0000014ce62006c4: ec08 48b8 | 90f6 375e | fe7f 0000 | ffd0 4883 | c408 e90c 

  0x0000014ce62006d8: ;   {runtime_call}
  0x0000014ce62006d8: 0000 0048 | b890 f637 | 5efe 7f00 | 00ff d048 | 83c4 2062 | 61ff 0810 | 7c24 2962 | 61ff 0810 
  0x0000014ce62006f8: 7424 2862 | 61ff 0810 | 6c24 2762 | 61ff 0810 | 6424 2662 | 61ff 0810 | 5c24 2562 | 61ff 0810 
  0x0000014ce6200718: 5424 2462 | 61ff 0810 | 4c24 2362 | 61ff 0810 | 4424 2262 | e1ff 0810 | 7c24 2162 | e1ff 0810 
  0x0000014ce6200738: 7424 2062 | e1ff 0810 | 6c24 1f62 | e1ff 0810 | 6424 1e62 | e1ff 0810 | 5c24 1d62 | e1ff 0810 
  0x0000014ce6200758: 5424 1c62 | e1ff 0810 | 4c24 1b62 | e1ff 0810 | 4424 1ac5 | 7b10 bc24 | c800 0000 | c57b 10b4 
  0x0000014ce6200778: 24c0 0000 | 00c5 7b10 | ac24 b800 | 0000 c57b | 10a4 24b0 | 0000 00c5 | 7b10 9c24 | a800 0000 
  0x0000014ce6200798: c57b 1094 | 24a0 0000 | 00c5 7b10 | 8c24 9800 | 0000 c57b | 1084 2490 | 0000 00c5 | fb10 bc24 
  0x0000014ce62007b8: 8800 0000 | c5fb 10b4 | 2480 0000 | 00c5 fb10 | 6c24 78c5 | fb10 6424 | 70c5 fb10 | 5c24 68c5 
  0x0000014ce62007d8: ;   {no_reloc}
  0x0000014ce62007d8: fb10 5424 | 60c5 fb10 | 4c24 58c5 | fb10 4424 | 504c 8b5c | 2440 4c8b | 5424 384c | 8b4c 2430 
  0x0000014ce62007f8: 4c8b 4424 | 2848 8b7c | 2420 488b | 7424 1848 | 8b54 2410 | 488b 4c24 | 0848 8b04 | 2448 81c4 
  0x0000014ce6200818: 5001 0000 | c5f8 7749 | 8b8f 2804 | 0000 c781 | 0001 0000 | 0000 0000 | c949 837f | 0800 0f85 
  0x0000014ce6200838: 0100 0000 

  0x0000014ce620083c: ;   {runtime_call StubRoutines (initial stubs)}
  0x0000014ce620083c: c3e9 be06 | d3ff c5f8 | 7748 8945 | f84c 8be4 | 4883 ec20 | 4883 e4f0 

  0x0000014ce6200854: ;   {runtime_call}
  0x0000014ce6200854: 48b8 4045 | 795e fe7f | 0000 ffd0 | 498b e44d | 33e4 488b | 45f8 e930 | fcff fff4 
[/MachCode]


Compiled method (c1)   27164 1037       1       java.lang.ClassLoader::defineClass (43 bytes)
 total in heap  [0x0000014ce63a1d90,0x0000014ce63a2350] = 1472
 relocation     [0x0000014ce63a1ef0,0x0000014ce63a1f60] = 112
 main code      [0x0000014ce63a1f60,0x0000014ce63a2120] = 448
 stub code      [0x0000014ce63a2120,0x0000014ce63a2198] = 120
 metadata       [0x0000014ce63a2198,0x0000014ce63a21c8] = 48
 scopes data    [0x0000014ce63a21c8,0x0000014ce63a2280] = 184
 scopes pcs     [0x0000014ce63a2280,0x0000014ce63a2320] = 160
 dependencies   [0x0000014ce63a2320,0x0000014ce63a2328] = 8
 nul chk table  [0x0000014ce63a2328,0x0000014ce63a2350] = 40

[Constant Pool (empty)]

[MachCode]
[Entry Point]
  # {method} {0x0000014c80439db0} 'defineClass' '(Ljava/lang/String;[BIILjava/security/ProtectionDomain;)Ljava/lang/Class;' in 'java/lang/ClassLoader'
  # this:     rdx:rdx   = 'java/lang/ClassLoader'
  # parm0:    r8:r8     = 'java/lang/String'
  # parm1:    r9:r9     = '[B'
  # parm2:    rdi       = int
  # parm3:    rsi       = int
  # parm4:    rcx:rcx   = 'java/security/ProtectionDomain'
  #           [sp+0xc0]  (sp of caller)
  0x0000014ce63a1f60: 448b 5208 | 49bb 0000 | 0080 4c01 | 0000 4d03 | d34c 3bd0 

  0x0000014ce63a1f74: ;   {runtime_call ic_miss_stub}
  0x0000014ce63a1f74: 0f85 06ca | bdff 660f | 1f44 0000 
[Verified Entry Point]
  0x0000014ce63a1f80: 8984 2400 | 80ff ff55 | 4881 ecb0 | 0000 0090 | 4181 7f20 | 0900 0000 

  0x0000014ce63a1f98: ;   {runtime_call StubRoutines (final stubs)}
  0x0000014ce63a1f98: 7405 e8e1 | 3dbc ff48 | 8954 2478 | 89b4 2494 | 0000 0089 | bc24 9000 | 0000 4c89 | 8c24 8800 
  0x0000014ce63a1fb8: 0000 498b | d84c 8bc3 | 4c8b c948 | 8bca 488b | d148 899c | 2480 0000 | 0066 0f1f 

  0x0000014ce63a1fd4: ;   {optimized virtual_call}
  0x0000014ce63a1fd4: 4400 00e8 

  0x0000014ce63a1fd8: ; ImmutableOopMap {[120]=Oop [128]=Oop [136]=Oop }
                      ;*invokevirtual preDefineClass {reexecute=0 rethrow=0 return_oop=0}
                      ; - java.lang.ClassLoader::defineClass@4 (line 1025)
  0x0000014ce63a1fd8: e414 0000 

  0x0000014ce63a1fdc: ;   {other}
  0x0000014ce63a1fdc: 0f1f 8400 | 4c02 0000 | 4889 8424 | 9800 0000 

  0x0000014ce63a1fec: ; implicit exception: dispatches to 0x0000014ce63a20ca
  0x0000014ce63a1fec: 448b 4010 | 4d85 c00f | 850f 0000 

  0x0000014ce63a1ff8: ;   {oop(nullptr)}
  0x0000014ce63a1ff8: 0048 bb00 | 0000 0000 | 0000 00e9 | 3f00 0000 

  0x0000014ce63a2008: ; implicit exception: dispatches to 0x0000014ce63a20cf
  0x0000014ce63a2008: 458b 400c | 4d85 c00f | 850f 0000 

  0x0000014ce63a2014: ;   {oop(nullptr)}
  0x0000014ce63a2014: 0048 bb00 | 0000 0000 | 0000 00e9 | 2300 0000 

  0x0000014ce63a2024: ; implicit exception: dispatches to 0x0000014ce63a20d4
  0x0000014ce63a2024: 418b 5038 

  0x0000014ce63a2028: ; implicit exception: dispatches to 0x0000014ce63a20d9
  0x0000014ce63a2028: 483b 020f 

  0x0000014ce63a202c: ;   {optimized virtual_call}
  0x0000014ce63a202c: 1f40 00e8 

  0x0000014ce63a2030: ; ImmutableOopMap {[120]=Oop [128]=Oop [136]=Oop [152]=Oop }
                      ;*invokevirtual toExternalForm {reexecute=0 rethrow=0 return_oop=0}
                      ; - java.net.URL::toExternalForm@5 (line 1203)
                      ; - java.net.URL::toString@1 (line 1189)
                      ; - java.lang.ClassLoader::defineClassSourceLocation@22 (line 927)
                      ; - java.lang.ClassLoader::defineClass@12 (line 1026)
  0x0000014ce63a2030: 4c1e e6ff 

  0x0000014ce63a2034: ;   {other}
  0x0000014ce63a2034: 0f1f 8400 | a402 0001 | 488b d848 | 8b84 2498 | 0000 008b | b424 9400 | 0000 8bbc | 2490 0000 
  0x0000014ce63a2054: 004c 8b8c | 2488 0000 | 004c 8b84 | 2480 0000 | 0048 8b54 | 2478 4c8b | da49 8bd3 | 488b c848 
  0x0000014ce63a2074: ;   {static_call}
  0x0000014ce63a2074: 891c 24e8 

  0x0000014ce63a2078: ; ImmutableOopMap {[120]=Oop [152]=Oop }
                      ;*invokestatic defineClass1 {reexecute=0 rethrow=0 return_oop=0}
                      ; - java.lang.ClassLoader::defineClass@27 (line 1027)
  0x0000014ce63a2078: 64e2 e5ff 

  0x0000014ce63a207c: ;   {other}
  0x0000014ce63a207c: 0f1f 8400 | ec02 0002 | 4c8b c04c | 8b8c 2498 | 0000 0048 | 8b54 2478 | 4889 8424 | a000 0000 
  0x0000014ce63a209c: ;   {optimized virtual_call}
  0x0000014ce63a209c: 6666 90e8 

  0x0000014ce63a20a0: ; ImmutableOopMap {[160]=Oop }
                      ;*invokevirtual postDefineClass {reexecute=0 rethrow=0 return_oop=0}
                      ; - java.lang.ClassLoader::defineClass@37 (line 1028)
  0x0000014ce63a20a0: 5c2d fdff 

  0x0000014ce63a20a4: ;   {other}
  0x0000014ce63a20a4: 0f1f 8400 | 1403 0003 | 488b 8424 | a000 0000 | 4881 c4b0 | 0000 005d 

  0x0000014ce63a20bc: ;   {poll_return}
  0x0000014ce63a20bc: 493b a748 | 0400 000f | 8715 0000 

  0x0000014ce63a20c8: ;   {runtime_call throw_null_pointer_exception Runtime1 stub}
  0x0000014ce63a20c8: 00c3 e851 

  0x0000014ce63a20cc: ; ImmutableOopMap {rax=Oop [120]=Oop [128]=Oop [136]=Oop [152]=Oop }
                      ;*invokevirtual getCodeSource {reexecute=0 rethrow=0 return_oop=0}
                      ; - java.lang.ClassLoader::defineClassSourceLocation@1 (line 924)
                      ; - java.lang.ClassLoader::defineClass@12 (line 1026)
                      ;   {runtime_call throw_null_pointer_exception Runtime1 stub}
  0x0000014ce63a20cc: e6c9 ffe8 

  0x0000014ce63a20d0: ; ImmutableOopMap {rax=Oop [120]=Oop [128]=Oop [136]=Oop [152]=Oop }
                      ;*invokevirtual getLocation {reexecute=0 rethrow=0 return_oop=0}
                      ; - java.lang.ClassLoader::defineClassSourceLocation@12 (line 926)
                      ; - java.lang.ClassLoader::defineClass@12 (line 1026)
  0x0000014ce63a20d0: 4ce6 c9ff 

  0x0000014ce63a20d4: ;   {runtime_call throw_null_pointer_exception Runtime1 stub}
  0x0000014ce63a20d4: e847 e6c9 

  0x0000014ce63a20d8: ; ImmutableOopMap {r8=Oop [120]=Oop [128]=Oop [136]=Oop [152]=Oop }
                      ;*invokevirtual toString {reexecute=0 rethrow=0 return_oop=0}
                      ; - java.lang.ClassLoader::defineClassSourceLocation@22 (line 927)
                      ; - java.lang.ClassLoader::defineClass@12 (line 1026)
                      ;   {runtime_call throw_null_pointer_exception Runtime1 stub}
  0x0000014ce63a20d8: ffe8 42e6 

  0x0000014ce63a20dc: ; ImmutableOopMap {r8=Oop rdx=Oop [120]=Oop [128]=Oop [136]=Oop [152]=Oop }
                      ;*invokevirtual toExternalForm {reexecute=0 rethrow=0 return_oop=0}
                      ; - java.net.URL::toExternalForm@5 (line 1203)
                      ; - java.net.URL::toString@1 (line 1189)
                      ; - java.lang.ClassLoader::defineClassSourceLocation@22 (line 927)
                      ; - java.lang.ClassLoader::defineClass@12 (line 1026)
                      ;   {internal_word}
  0x0000014ce63a20dc: c9ff 49ba | bc20 3ae6 | 4c01 0000 | 4d89 9760 

  0x0000014ce63a20ec: ;   {runtime_call SafepointBlob}
  0x0000014ce63a20ec: 0400 00e9 | 8c4a beff | 498b 87f8 | 0400 0049 | c787 f804 | 0000 0000 | 0000 49c7 | 8700 0500 
  0x0000014ce63a210c: 0000 0000 | 0048 81c4 | b000 0000 

  0x0000014ce63a2118: ;   {runtime_call unwind_exception Runtime1 stub}
  0x0000014ce63a2118: 5de9 e2d0 | c9ff f4f4 
[Stub Code]
  0x0000014ce63a2120: ;   {no_reloc}
  0x0000014ce63a2120: 0f1f 4400 

  0x0000014ce63a2124: ;   {static_stub}
  0x0000014ce63a2124: 0048 bb00 | 0000 0000 

  0x0000014ce63a212c: ;   {runtime_call}
  0x0000014ce63a212c: 0000 00e9 | fbff ffff 

  0x0000014ce63a2134: ;   {static_stub}
  0x0000014ce63a2134: 48bb e89a | 4380 4c01 

  0x0000014ce63a213c: ;   {runtime_call I2C/C2I adapters}
  0x0000014ce63a213c: 0000 e948 

  0x0000014ce63a2140: ;   {static_stub}
  0x0000014ce63a2140: 8fbd ff48 | bb00 0000 | 0000 0000 

  0x0000014ce63a214c: ;   {runtime_call}
  0x0000014ce63a214c: 00e9 fbff 

  0x0000014ce63a2150: ;   {static_stub}
  0x0000014ce63a2150: ffff 48bb | 0000 0000 | 0000 0000 

  0x0000014ce63a215c: ;   {runtime_call}
  0x0000014ce63a215c: e9fb ffff 

  0x0000014ce63a2160: ;   {runtime_call handle_exception_from_callee Runtime1 stub}
  0x0000014ce63a2160: ffe8 9a11 

  0x0000014ce63a2164: ;   {external_word}
  0x0000014ce63a2164: caff 48b9 | b048 a05e | fe7f 0000 | 4883 e4f0 

  0x0000014ce63a2174: ;   {runtime_call}
  0x0000014ce63a2174: 48b8 202f | 685e fe7f | 0000 ffd0 

  0x0000014ce63a2180: ;   {section_word}
  0x0000014ce63a2180: f449 ba81 | 213a e64c | 0100 0041 

  0x0000014ce63a218c: ;   {runtime_call DeoptimizationBlob}
  0x0000014ce63a218c: 52e9 8e5e | beff f4f4 | f4f4 f4f4 
[/MachCode]


Compiled method (c1)   27177  906       1       jdk.internal.loader.BuiltinClassLoader::defineClass (121 bytes)
 total in heap  [0x0000014ce6372090,0x0000014ce6372fa0] = 3856
 relocation     [0x0000014ce63721f0,0x0000014ce6372338] = 328
 main code      [0x0000014ce6372340,0x0000014ce6372a00] = 1728
 stub code      [0x0000014ce6372a00,0x0000014ce6372b20] = 288
 metadata       [0x0000014ce6372b20,0x0000014ce6372b68] = 72
 scopes data    [0x0000014ce6372b68,0x0000014ce6372dc0] = 600
 scopes pcs     [0x0000014ce6372dc0,0x0000014ce6372f60] = 416
 dependencies   [0x0000014ce6372f60,0x0000014ce6372f68] = 8
 handler table  [0x0000014ce6372f68,0x0000014ce6372f80] = 24
 nul chk table  [0x0000014ce6372f80,0x0000014ce6372fa0] = 32

[Constant Pool (empty)]

[MachCode]
[Entry Point]
  # {method} {0x0000014c80069b80} 'defineClass' '(Ljava/lang/String;Ljdk/internal/loader/Resource;)Ljava/lang/Class;' in 'jdk/internal/loader/BuiltinClassLoader'
  # this:     rdx:rdx   = 'jdk/internal/loader/BuiltinClassLoader'
  # parm0:    r8:r8     = 'java/lang/String'
  # parm1:    r9:r9     = 'jdk/internal/loader/Resource'
  #           [sp+0x110]  (sp of caller)
  0x0000014ce6372340: 448b 5208 | 49bb 0000 | 0080 4c01 | 0000 4d03 | d34c 3bd0 

  0x0000014ce6372354: ;   {runtime_call ic_miss_stub}
  0x0000014ce6372354: 0f85 26c6 | c0ff 660f | 1f44 0000 
[Verified Entry Point]
  0x0000014ce6372360: 8984 2400 | 80ff ff55 | 4881 ec00 | 0100 0090 | 4181 7f20 | 0900 0000 

  0x0000014ce6372378: ;   {runtime_call StubRoutines (final stubs)}
  0x0000014ce6372378: 7405 e801 | 3abf ff48 | 8994 24a0 | 0000 004c | 8984 2490 | 0000 004c | 898c 2498 | 0000 0049 
  0x0000014ce6372398: 8bd1 6666 | 9048 b8ff | ffff ffff 

  0x0000014ce63723a4: ;   {virtual_call}
  0x0000014ce63723a4: ffff ffe8 

  0x0000014ce63723a8: ; ImmutableOopMap {[144]=Oop [152]=Oop [160]=Oop }
                      ;*invokevirtual getCodeSourceURL {reexecute=0 rethrow=0 return_oop=0}
                      ; - jdk.internal.loader.BuiltinClassLoader::defineClass@1 (line 842)
  0x0000014ce63723a8: f4e7 cdff 

  0x0000014ce63723ac: ;   {other}
  0x0000014ce63723ac: 0f1f 8400 | 1c03 0000 | 4889 8424 | a800 0000 | 4c8b 8424 | 9000 0000 

  0x0000014ce63723c4: ; implicit exception: dispatches to 0x0000014ce6372902
  0x0000014ce63723c4: 418b 7014 

  0x0000014ce63723c8: ; implicit exception: dispatches to 0x0000014ce6372907
  0x0000014ce63723c8: 8b56 0c45 | 0fbe 4810 | 498b c9c1 | e118 c1f9 | 18d3 fa48 | 8bfa ffcf | 4585 c9ba | 0000 0000 
  0x0000014ce63723e8: 7505 ba01 | 0000 0083 | e201 85d2 | 488b d641 | b82e 0000 | 004c 8bcf | 0f84 1300 

  0x0000014ce6372404: ;   {static_call}
  0x0000014ce6372404: 0000 90e8 

  0x0000014ce6372408: ; ImmutableOopMap {[144]=Oop [152]=Oop [160]=Oop [168]=Oop }
                      ;*invokestatic lastIndexOf {reexecute=0 rethrow=0 return_oop=0}
                      ; - java.lang.String::lastIndexOf@13 (line 2573)
                      ; - java.lang.String::lastIndexOf@8 (line 2535)
                      ; - jdk.internal.loader.BuiltinClassLoader::defineClass@8 (line 845)
  0x0000014ce6372408: 34f8 ceff 

  0x0000014ce637240c: ;   {other}
  0x0000014ce637240c: 0f1f 8400 | 7c03 0001 | e913 0000 | 0066 0f1f 

  0x0000014ce637241c: ;   {static_call}
  0x0000014ce637241c: 4400 00e8 

  0x0000014ce6372420: ; ImmutableOopMap {[144]=Oop [152]=Oop [160]=Oop [168]=Oop }
                      ;*invokestatic lastIndexOf {reexecute=0 rethrow=0 return_oop=0}
                      ; - java.lang.String::lastIndexOf@25 (line 2574)
                      ; - java.lang.String::lastIndexOf@8 (line 2535)
                      ; - jdk.internal.loader.BuiltinClassLoader::defineClass@8 (line 845)
  0x0000014ce6372420: 5cd4 c0ff 

  0x0000014ce6372424: ;   {other}
  0x0000014ce6372424: 0f1f 8400 | 9403 0002 | 83f8 ff0f | 847f 0000 | 0041 b800 | 0000 004c | 8bc8 488b | 9424 9000 
  0x0000014ce6372444: ;   {optimized virtual_call}
  0x0000014ce6372444: 0000 90e8 

  0x0000014ce6372448: ; ImmutableOopMap {[144]=Oop [152]=Oop [160]=Oop [168]=Oop }
                      ;*invokevirtual substring {reexecute=0 rethrow=0 return_oop=0}
                      ; - jdk.internal.loader.BuiltinClassLoader::defineClass@23 (line 847)
  0x0000014ce6372448: b447 dbff 

  0x0000014ce637244c: ;   {other}
  0x0000014ce637244c: 0f1f 8400 | bc03 0003 | 488b 9424 | 9800 0000 | 4889 8424 | b000 0000 | 9048 b8ff | ffff ffff 
  0x0000014ce637246c: ;   {virtual_call}
  0x0000014ce637246c: ffff ffe8 

  0x0000014ce6372470: ; ImmutableOopMap {[144]=Oop [152]=Oop [160]=Oop [168]=Oop [176]=Oop }
                      ;*invokevirtual getManifest {reexecute=0 rethrow=0 return_oop=0}
                      ; - jdk.internal.loader.BuiltinClassLoader::defineClass@29 (line 848)
  0x0000014ce6372470: b4c9 2700 

  0x0000014ce6372474: ;   {other}
  0x0000014ce6372474: 0f1f 8400 | e403 0004 | 4c8b 8424 | b000 0000 | 4c8b c848 | 8bbc 24a8 | 0000 0048 | 8b94 24a0 
  0x0000014ce6372494: 0000 0066 | 0f1f 4400 | 0048 b8c0 | a106 804c 

  0x0000014ce63724a4: ;   {virtual_call}
  0x0000014ce63724a4: 0100 00e8 

  0x0000014ce63724a8: ; ImmutableOopMap {[144]=Oop [152]=Oop [160]=Oop [168]=Oop }
                      ;*invokevirtual defineOrCheckPackage {reexecute=0 rethrow=0 return_oop=0}
                      ; - jdk.internal.loader.BuiltinClassLoader::defineClass@40 (line 849)
  0x0000014ce63724a8: 14e3 ffff 

  0x0000014ce63724ac: ;   {other}
  0x0000014ce63724ac: 0f1f 8400 | 1c04 0005 | 4c8b 8c24 | 9800 0000 | 488d 9424 | e000 0000 | 4c89 4a08 | 498b 0148 
  0x0000014ce63724cc: 83c8 0148 | 8902 f049 | 0fb1 110f | 8412 0000 | 0048 2bc4 | 4825 07f0 | ffff 4889 | 020f 851d 
  0x0000014ce63724ec: 0400 0049 | ff87 4805 | 0000 418b | 510c 4885 | d20f 8551 | 0000 0049 | 8bd1 0f1f | 8000 0000 
  0x0000014ce637250c: 0048 b8ff | ffff ffff 

  0x0000014ce6372514: ;   {virtual_call}
  0x0000014ce6372514: ffff ffe8 

  0x0000014ce6372518: ; ImmutableOopMap {[144]=Oop [152]=Oop [160]=Oop [168]=Oop [232]=Oop }
                      ;*invokevirtual getInputStream {reexecute=0 rethrow=0 return_oop=0}
                      ; - jdk.internal.loader.Resource::cachedInputStream@9 (line 77)
                      ; - jdk.internal.loader.Resource::getByteBuffer@1 (line 163)
                      ; - jdk.internal.loader.BuiltinClassLoader::defineClass@45 (line 853)
  0x0000014ce6372518: 54e0 cdff 

  0x0000014ce637251c: ;   {other}
  0x0000014ce637251c: 0f1f 8400 | 8c04 0006 | 410f be57 | 4085 d24c | 8b8c 2498 | 0000 000f | 85e6 0300 | 004c 8bd0 
  0x0000014ce637253c: 4589 510c | 498b d148 | 33d0 48c1 | ea14 4883 | fa00 0f85 | e703 0000 | 418b 510c | 488d 8424 
  0x0000014ce637255c: e000 0000 | 488b 3048 | 85f6 0f84 | 0f00 0000 | 488b 7808 | f048 0fb1 | 370f 85d8 | 0300 0049 
  0x0000014ce637257c: ff8f 4805 | 0000 4885 | d20f 8443 

  0x0000014ce6372588: ;   {metadata('sun/nio/ByteBuffered')}
  0x0000014ce6372588: 0000 0048 | b860 b636 | 804c 0100 | 008b 5a08 | 49ba 0000 | 0080 4c01 | 0000 4903 | da48 3b43 
  0x0000014ce63725a8: 200f 8424 | 0000 0048 | 3bd8 0f84 | 1b00 0000 

  0x0000014ce63725b8: ;   {runtime_call slow_subtype_check Runtime1 stub}
  0x0000014ce63725b8: 5350 e8c1 | 2acd ff5b | 5b85 db0f | 8405 0000 | 00e9 0500 | 0000 4833 | f6eb 0a48 | be01 0000 
  0x0000014ce63725d8: 0000 0000 | 0085 f60f | 846c 0000 | 0048 85d2 | 0f84 4300 

  0x0000014ce63725ec: ;   {metadata('sun/nio/ByteBuffered')}
  0x0000014ce63725ec: 0000 48bb | 60b6 3680 | 4c01 0000 | 8b7a 0849 | ba00 0000 | 804c 0100 | 0049 03fa | 483b 5f20 
  0x0000014ce637260c: 0f84 1f00 | 0000 483b | fb0f 8416 | 0000 0057 

  0x0000014ce637261c: ;   {runtime_call slow_subtype_check Runtime1 stub}
  0x0000014ce637261c: 53e8 5e2a | cdff 5f5f | 85ff 0f84 | 3d03 0000 | e900 0000 | 000f 1f40 | 0048 b8ff | ffff ffff 
  0x0000014ce637263c: ;   {virtual_call}
  0x0000014ce637263c: ffff ffe8 

  0x0000014ce6372640: ; ImmutableOopMap {[144]=Oop [152]=Oop [160]=Oop [168]=Oop }
                      ;*invokeinterface getByteBuffer {reexecute=0 rethrow=0 return_oop=0}
                      ; - jdk.internal.loader.Resource::getByteBuffer@16 (line 165)
                      ; - jdk.internal.loader.BuiltinClassLoader::defineClass@45 (line 853)
  0x0000014ce6372640: 3ccd c0ff 

  0x0000014ce6372644: ;   {other}
  0x0000014ce6372644: 0f1f 8400 | b405 0007 | e90a 0000 

  0x0000014ce6372650: ;   {oop(nullptr)}
  0x0000014ce6372650: 0048 b800 | 0000 0000 | 0000 0048 | 85c0 0f84 | 0601 0000 | 4889 8424 | b800 0000 | 488b 9424 
  0x0000014ce6372670: 9800 0000 | 9048 b8ff | ffff ffff 

  0x0000014ce637267c: ;   {virtual_call}
  0x0000014ce637267c: ffff ffe8 

  0x0000014ce6372680: ; ImmutableOopMap {[144]=Oop [160]=Oop [168]=Oop [184]=Oop }
                      ;*invokevirtual getCodeSigners {reexecute=0 rethrow=0 return_oop=0}
                      ; - jdk.internal.loader.BuiltinClassLoader::defineClass@56 (line 855)
  0x0000014ce6372680: fccc c0ff 

  0x0000014ce6372684: ;   {other}
  0x0000014ce6372684: 0f1f 8400 | f405 0008 

  0x0000014ce637268c: ;   {metadata('java/security/CodeSource')}
  0x0000014ce637268c: 4c8b c848 | bac0 5c00 | 804c 0100 | 0049 8b87 | b801 0000 | 488d 7828 | 493b bfc8 | 0100 000f 
  0x0000014ce63726ac: 87c1 0200 | 0049 89bf | b801 0000 | 48c7 0001 | 0000 0048 | 8bca 49ba | 0000 0080 | 4c01 0000 
  0x0000014ce63726cc: 492b ca89 | 4808 4833 | c989 480c | 4833 c948 | 8948 1048 | 8948 1848 | 8948 204c | 8b84 24a8 
  0x0000014ce63726ec: 0000 0048 | 8bd0 4889 | 8424 c000 | 0000 0f1f 

  0x0000014ce63726fc: ;   {optimized virtual_call}
  0x0000014ce63726fc: 4400 00e8 

  0x0000014ce6372700: ; ImmutableOopMap {[144]=Oop [160]=Oop [184]=Oop [192]=Oop }
                      ;*invokespecial <init> {reexecute=0 rethrow=0 return_oop=0}
                      ; - jdk.internal.loader.BuiltinClassLoader::defineClass@68 (line 856)
  0x0000014ce6372700: 7cc7 c0ff 

  0x0000014ce6372704: ;   {other}
  0x0000014ce6372704: 0f1f 8400 | 7406 0009 | 4c8b 8424 | c000 0000 | 488b 9424 | a000 0000 

  0x0000014ce637271c: ;   {optimized virtual_call}
  0x0000014ce637271c: 6666 90e8 

  0x0000014ce6372720: ; ImmutableOopMap {[144]=Oop [160]=Oop [184]=Oop }
                      ;*invokevirtual getProtectionDomain {reexecute=0 rethrow=0 return_oop=0}
                      ; - java.security.SecureClassLoader::defineClass@5 (line 182)
                      ; - jdk.internal.loader.BuiltinClassLoader::defineClass@79 (line 857)
  0x0000014ce6372720: 5cc7 c0ff 

  0x0000014ce6372724: ;   {other}
  0x0000014ce6372724: 0f1f 8400 | 9406 000a | 4c8b 8424 | 9000 0000 | 4c8b 8c24 | b800 0000 | 488b f848 | 8b94 24a0 
  0x0000014ce6372744: ;   {optimized virtual_call}
  0x0000014ce6372744: 0000 00e8 

  0x0000014ce6372748: ; ImmutableOopMap {}
                      ;*invokevirtual defineClass {reexecute=0 rethrow=0 return_oop=0}
                      ; - java.security.SecureClassLoader::defineClass@8 (line 182)
                      ; - jdk.internal.loader.BuiltinClassLoader::defineClass@79 (line 857)
  0x0000014ce6372748: 34c7 c0ff 

  0x0000014ce637274c: ;   {other}
  0x0000014ce637274c: 0f1f 8400 | bc06 000b | 4881 c400 | 0100 005d 

  0x0000014ce637275c: ;   {poll_return}
  0x0000014ce637275c: 493b a748 | 0400 000f | 8716 0200 | 00c3 4c8b | 8c24 9800 | 0000 498b | d148 b8ff | ffff ffff 
  0x0000014ce637277c: ;   {virtual_call}
  0x0000014ce637277c: ffff ffe8 

  0x0000014ce6372780: ; ImmutableOopMap {[144]=Oop [152]=Oop [160]=Oop [168]=Oop }
                      ;*invokevirtual getBytes {reexecute=0 rethrow=0 return_oop=0}
                      ; - jdk.internal.loader.BuiltinClassLoader::defineClass@84 (line 859)
  0x0000014ce6372780: 8c1c 0f00 

  0x0000014ce6372784: ;   {other}
  0x0000014ce6372784: 0f1f 8400 | f406 000c | 4889 8424 | c800 0000 | 488b 9424 | 9800 0000 | 9048 b8ff | ffff ffff 
  0x0000014ce63727a4: ;   {virtual_call}
  0x0000014ce63727a4: ffff ffe8 

  0x0000014ce63727a8: ; ImmutableOopMap {[144]=Oop [160]=Oop [168]=Oop [200]=Oop }
                      ;*invokevirtual getCodeSigners {reexecute=0 rethrow=0 return_oop=0}
                      ; - jdk.internal.loader.BuiltinClassLoader::defineClass@90 (line 860)
  0x0000014ce63727a8: 1cc6 2700 

  0x0000014ce63727ac: ;   {other}
  0x0000014ce63727ac: 0f1f 8400 | 1c07 000d 

  0x0000014ce63727b4: ;   {metadata('java/security/CodeSource')}
  0x0000014ce63727b4: 4c8b c848 | bac0 5c00 | 804c 0100 | 0049 8b87 | b801 0000 | 488d 7828 | 493b bfc8 | 0100 000f 
  0x0000014ce63727d4: 87bc 0100 | 0049 89bf | b801 0000 | 48c7 0001 | 0000 0048 | 8bca 49ba | 0000 0080 | 4c01 0000 
  0x0000014ce63727f4: 492b ca89 | 4808 4833 | c989 480c | 4833 c948 | 8948 1048 | 8948 1848 | 8948 204c | 8b84 24a8 
  0x0000014ce6372814: 0000 0048 | 8bd0 4889 | 8424 d000 | 0000 0f1f 

  0x0000014ce6372824: ;   {optimized virtual_call}
  0x0000014ce6372824: 4400 00e8 

  0x0000014ce6372828: ; ImmutableOopMap {[144]=Oop [160]=Oop [200]=Oop [208]=Oop }
                      ;*invokespecial <init> {reexecute=0 rethrow=0 return_oop=0}
                      ; - jdk.internal.loader.BuiltinClassLoader::defineClass@102 (line 861)
  0x0000014ce6372828: d41f 0000 

  0x0000014ce637282c: ;   {other}
  0x0000014ce637282c: 0f1f 8400 | 9c07 000e | 488b 8424 | c800 0000 

  0x0000014ce637283c: ; implicit exception: dispatches to 0x0000014ce63729a2
  0x0000014ce637283c: 8b70 0c4c | 8b84 24d0 | 0000 0048 | 8b94 24a0 | 0000 0089 | b424 d800 

  0x0000014ce6372854: ;   {optimized virtual_call}
  0x0000014ce6372854: 0000 90e8 

  0x0000014ce6372858: ; ImmutableOopMap {[144]=Oop [160]=Oop [200]=Oop }
                      ;*invokevirtual getProtectionDomain {reexecute=0 rethrow=0 return_oop=0}
                      ; - java.security.SecureClassLoader::defineClass@9 (line 150)
                      ; - jdk.internal.loader.BuiltinClassLoader::defineClass@117 (line 862)
  0x0000014ce6372858: a4ed 0200 

  0x0000014ce637285c: ;   {other}
  0x0000014ce637285c: 0f1f 8400 | cc07 000f | 4c8b 8424 | 9000 0000 | 4c8b 8c24 | c800 0000 | bf00 0000 | 008b b424 
  0x0000014ce637287c: d800 0000 | 488b c848 | 8b94 24a0 | 0000 000f 

  0x0000014ce637288c: ;   {optimized virtual_call}
  0x0000014ce637288c: 1f40 00e8 

  0x0000014ce6372890: ; ImmutableOopMap {}
                      ;*invokevirtual defineClass {reexecute=0 rethrow=0 return_oop=0}
                      ; - java.security.SecureClassLoader::defineClass@12 (line 150)
                      ; - jdk.internal.loader.BuiltinClassLoader::defineClass@117 (line 862)
  0x0000014ce6372890: ecf6 0200 

  0x0000014ce6372894: ;   {other}
  0x0000014ce6372894: 0f1f 8400 | 0408 0010 | 4881 c400 | 0100 005d 

  0x0000014ce63728a4: ;   {poll_return}
  0x0000014ce63728a4: 493b a748 | 0400 000f | 87f6 0000 | 00c3 498b | 87f8 0400 | 004d 33d2 | 4d89 97f8 | 0400 004d 
  0x0000014ce63728c4: 33d2 4d89 | 9700 0500 | 0048 8bf0 | 488d 8424 | e000 0000 | 488b 3848 | 85ff 0f84 | 0f00 0000 
  0x0000014ce63728e4: 488b 5808 | f048 0fb1 | 3b0f 85ca | 0000 0049 | ff8f 4805 | 0000 488b | c6e9 ee00 

  0x0000014ce6372900: ;   {runtime_call throw_null_pointer_exception Runtime1 stub}
  0x0000014ce6372900: 0000 e819 

  0x0000014ce6372904: ; ImmutableOopMap {rax=Oop r8=Oop [144]=Oop [152]=Oop [160]=Oop [168]=Oop }
                      ;*invokevirtual lastIndexOf {reexecute=0 rethrow=0 return_oop=0}
                      ; - jdk.internal.loader.BuiltinClassLoader::defineClass@8 (line 845)
                      ;   {runtime_call throw_null_pointer_exception Runtime1 stub}
  0x0000014ce6372904: decc ffe8 

  0x0000014ce6372908: ; ImmutableOopMap {rax=Oop r8=Oop rsi=Oop [144]=Oop [152]=Oop [160]=Oop [168]=Oop }
                      ;*arraylength {reexecute=0 rethrow=0 return_oop=0}
                      ; - java.lang.String::length@4 (line 1519)
                      ; - java.lang.String::lastIndexOf@3 (line 2535)
                      ; - jdk.internal.loader.BuiltinClassLoader::defineClass@8 (line 845)
  0x0000014ce6372908: 14de ccff | 4c89 4c24 | 0848 8914 

  0x0000014ce6372914: ;   {runtime_call monitorenter_nofpu Runtime1 stub}
  0x0000014ce6372914: 24e8 e62d 

  0x0000014ce6372918: ; ImmutableOopMap {r9=Oop [144]=Oop [152]=Oop [160]=Oop [168]=Oop [232]=Oop }
                      ;*synchronization entry
                      ; - jdk.internal.loader.Resource::cachedInputStream@-1 (line 76)
                      ; - jdk.internal.loader.Resource::getByteBuffer@1 (line 163)
                      ; - jdk.internal.loader.BuiltinClassLoader::defineClass@45 (line 853)
  0x0000014ce6372918: cdff e9d7 | fbff ff41 | 8b51 0c48 | 83fa 000f | 840c fcff | ff48 8914 

  0x0000014ce6372930: ;   {runtime_call g1_pre_barrier_slow}
  0x0000014ce6372930: 24e8 ca7c | cdff e9fe | fbff ff48 | 83f8 000f | 840f fcff | ff4c 890c 

  0x0000014ce6372948: ;   {runtime_call g1_post_barrier_slow}
  0x0000014ce6372948: 24e8 3280 | cdff e901 | fcff ff48 | 8d84 24e0 | 0000 0048 

  0x0000014ce637295c: ;   {runtime_call monitorexit_nofpu Runtime1 stub}
  0x0000014ce637295c: 8904 24e8 | 1c34 cdff | e919 fcff | ff48 8914 

  0x0000014ce637296c: ;   {runtime_call throw_class_cast_exception Runtime1 stub}
  0x0000014ce637296c: 24e8 2e1b 

  0x0000014ce6372970: ; ImmutableOopMap {[144]=Oop [152]=Oop [160]=Oop [168]=Oop }
                      ;*checkcast {reexecute=0 rethrow=0 return_oop=0}
                      ; - jdk.internal.loader.Resource::getByteBuffer@13 (line 165)
                      ; - jdk.internal.loader.BuiltinClassLoader::defineClass@45 (line 853)
  0x0000014ce6372970: cdff 488b 

  0x0000014ce6372974: ;   {runtime_call fast_new_instance Runtime1 stub}
  0x0000014ce6372974: d2e8 86ee 

  0x0000014ce6372978: ; ImmutableOopMap {r9=Oop [144]=Oop [160]=Oop [168]=Oop [184]=Oop }
                      ;*new {reexecute=0 rethrow=0 return_oop=0}
                      ; - jdk.internal.loader.BuiltinClassLoader::defineClass@61 (line 856)
  0x0000014ce6372978: ccff e968 

  0x0000014ce637297c: ;   {internal_word}
  0x0000014ce637297c: fdff ff49 | ba5c 2737 | e64c 0100 | 004d 8997 | 6004 0000 

  0x0000014ce6372990: ;   {runtime_call SafepointBlob}
  0x0000014ce6372990: e9eb 41c1 | ff48 8bd2 

  0x0000014ce6372998: ;   {runtime_call fast_new_instance Runtime1 stub}
  0x0000014ce6372998: e863 eecc 

  0x0000014ce637299c: ; ImmutableOopMap {r9=Oop [144]=Oop [160]=Oop [168]=Oop [200]=Oop }
                      ;*new {reexecute=0 rethrow=0 return_oop=0}
                      ; - jdk.internal.loader.BuiltinClassLoader::defineClass@95 (line 861)
  0x0000014ce637299c: ffe9 6dfe 

  0x0000014ce63729a0: ;   {runtime_call throw_null_pointer_exception Runtime1 stub}
  0x0000014ce63729a0: ffff e879 

  0x0000014ce63729a4: ; ImmutableOopMap {rax=Oop [144]=Oop [160]=Oop [200]=Oop [208]=Oop }
                      ;*arraylength {reexecute=0 rethrow=0 return_oop=0}
                      ; - jdk.internal.loader.BuiltinClassLoader::defineClass@114 (line 862)
                      ;   {internal_word}
  0x0000014ce63729a4: ddcc ff49 | baa4 2837 | e64c 0100 | 004d 8997 | 6004 0000 

  0x0000014ce63729b8: ;   {runtime_call SafepointBlob}
  0x0000014ce63729b8: e9c3 41c1 | ff48 8d84 | 24e0 0000 | 0048 8904 

  0x0000014ce63729c8: ;   {runtime_call monitorexit_nofpu Runtime1 stub}
  0x0000014ce63729c8: 24e8 b233 | cdff e927 | ffff ff49 | 8b87 f804 | 0000 49c7 | 87f8 0400 | 0000 0000 | 0049 c787 
  0x0000014ce63729e8: 0005 0000 | 0000 0000 | 4881 c400 | 0100 005d 

  0x0000014ce63729f8: ;   {runtime_call unwind_exception Runtime1 stub}
  0x0000014ce63729f8: e903 c8cc | fff4 f4f4 
[Stub Code]
  0x0000014ce6372a00: ;   {no_reloc}
  0x0000014ce6372a00: 0f1f 4400 

  0x0000014ce6372a04: ;   {static_stub}
  0x0000014ce6372a04: 0048 bb00 | 0000 0000 

  0x0000014ce6372a0c: ;   {runtime_call}
  0x0000014ce6372a0c: 0000 00e9 | fbff ffff 

  0x0000014ce6372a14: ;   {static_stub}
  0x0000014ce6372a14: 9048 bb00 | 0000 0000 

  0x0000014ce6372a1c: ;   {runtime_call}
  0x0000014ce6372a1c: 0000 00e9 | fbff ffff 

  0x0000014ce6372a24: ;   {static_stub}
  0x0000014ce6372a24: 9048 bb00 | 0000 0000 

  0x0000014ce6372a2c: ;   {runtime_call}
  0x0000014ce6372a2c: 0000 00e9 | fbff ffff 

  0x0000014ce6372a34: ;   {static_stub}
  0x0000014ce6372a34: 9048 bb00 | 0000 0000 

  0x0000014ce6372a3c: ;   {runtime_call}
  0x0000014ce6372a3c: 0000 00e9 | fbff ffff 

  0x0000014ce6372a44: ;   {static_stub}
  0x0000014ce6372a44: 9048 bb00 | 0000 0000 

  0x0000014ce6372a4c: ;   {runtime_call}
  0x0000014ce6372a4c: 0000 00e9 | fbff ffff 

  0x0000014ce6372a54: ;   {static_stub}
  0x0000014ce6372a54: 9048 bb00 | 0000 0000 

  0x0000014ce6372a5c: ;   {runtime_call}
  0x0000014ce6372a5c: 0000 00e9 | fbff ffff 

  0x0000014ce6372a64: ;   {static_stub}
  0x0000014ce6372a64: 9048 bb00 | 0000 0000 

  0x0000014ce6372a6c: ;   {runtime_call}
  0x0000014ce6372a6c: 0000 00e9 | fbff ffff 

  0x0000014ce6372a74: ;   {static_stub}
  0x0000014ce6372a74: 9048 bb00 | 0000 0000 

  0x0000014ce6372a7c: ;   {runtime_call}
  0x0000014ce6372a7c: 0000 00e9 | fbff ffff 

  0x0000014ce6372a84: ;   {static_stub}
  0x0000014ce6372a84: 48bb 0000 | 0000 0000 

  0x0000014ce6372a8c: ;   {runtime_call}
  0x0000014ce6372a8c: 0000 e9fb 

  0x0000014ce6372a90: ;   {static_stub}
  0x0000014ce6372a90: ffff ff48 | bbb8 d204 | 804c 0100 

  0x0000014ce6372a9c: ;   {runtime_call I2C/C2I adapters}
  0x0000014ce6372a9c: 00e9 6524 

  0x0000014ce6372aa0: ;   {static_stub}
  0x0000014ce6372aa0: c1ff 48bb | 0000 0000 | 0000 0000 

  0x0000014ce6372aac: ;   {runtime_call}
  0x0000014ce6372aac: e9fb ffff 

  0x0000014ce6372ab0: ;   {static_stub}
  0x0000014ce6372ab0: ff48 bba8 | 9d43 804c 

  0x0000014ce6372ab8: ;   {runtime_call I2C/C2I adapters}
  0x0000014ce6372ab8: 0100 00e9 | d5ba bfff 

  0x0000014ce6372ac0: ;   {static_stub}
  0x0000014ce6372ac0: 48bb 0000 | 0000 0000 

  0x0000014ce6372ac8: ;   {runtime_call}
  0x0000014ce6372ac8: 0000 e9fb 

  0x0000014ce6372acc: ;   {static_stub}
  0x0000014ce6372acc: ffff ff48 | bb00 0000 | 0000 0000 

  0x0000014ce6372ad8: ;   {runtime_call}
  0x0000014ce6372ad8: 00e9 fbff 

  0x0000014ce6372adc: ;   {static_stub}
  0x0000014ce6372adc: ffff 48bb | 0000 0000 | 0000 0000 

  0x0000014ce6372ae8: ;   {runtime_call}
  0x0000014ce6372ae8: e9fb ffff 

  0x0000014ce6372aec: ;   {runtime_call handle_exception_from_callee Runtime1 stub}
  0x0000014ce6372aec: ffe8 0e08 

  0x0000014ce6372af0: ;   {external_word}
  0x0000014ce6372af0: cdff 48b9 | b048 a05e | fe7f 0000 | 4883 e4f0 

  0x0000014ce6372b00: ;   {runtime_call}
  0x0000014ce6372b00: 48b8 202f | 685e fe7f | 0000 ffd0 

  0x0000014ce6372b0c: ;   {section_word}
  0x0000014ce6372b0c: f449 ba0d | 2b37 e64c | 0100 0041 

  0x0000014ce6372b18: ;   {runtime_call DeoptimizationBlob}
  0x0000014ce6372b18: 52e9 0255 | c1ff f4f4 
[/MachCode]


---------------  P R O C E S S  ---------------

Threads class SMR info:
_java_thread_list=0x0000014cf434e470, length=18, elements={
0x0000014cdc4b79e0, 0x0000014cee84b780, 0x0000014cee84c2c0, 0x0000014cee858c10,
0x0000014cee8599b0, 0x0000014cee85d070, 0x0000014cee85dce0, 0x0000014cee86bc60,
0x0000014cee823a40, 0x0000014ceea8cde0, 0x0000014cf32b7c20, 0x0000014cf32b8280,
0x0000014cf3678b90, 0x0000014cf36791f0, 0x0000014cf3679850, 0x0000014cf4bdd6f0,
0x0000014cf4f9e450, 0x0000014cf5f97710
}

Java Threads: ( => current thread )
=>0x0000014cdc4b79e0 JavaThread "main"                              [_thread_in_vm, id=10856, stack(0x0000003262a00000,0x0000003262b00000) (1024K)]
  0x0000014cee84b780 JavaThread "Reference Handler"          daemon [_thread_blocked, id=18236, stack(0x0000003263200000,0x0000003263300000) (1024K)]
  0x0000014cee84c2c0 JavaThread "Finalizer"                  daemon [_thread_blocked, id=10480, stack(0x0000003263300000,0x0000003263400000) (1024K)]
  0x0000014cee858c10 JavaThread "Signal Dispatcher"          daemon [_thread_blocked, id=15028, stack(0x0000003263400000,0x0000003263500000) (1024K)]
  0x0000014cee8599b0 JavaThread "Attach Listener"            daemon [_thread_blocked, id=18000, stack(0x0000003263500000,0x0000003263600000) (1024K)]
  0x0000014cee85d070 JavaThread "Service Thread"             daemon [_thread_blocked, id=4060, stack(0x0000003263600000,0x0000003263700000) (1024K)]
  0x0000014cee85dce0 JavaThread "Monitor Deflation Thread"   daemon [_thread_blocked, id=328, stack(0x0000003263700000,0x0000003263800000) (1024K)]
  0x0000014cee86bc60 JavaThread "C1 CompilerThread0"         daemon [_thread_blocked, id=15760, stack(0x0000003263800000,0x0000003263900000) (1024K)]
  0x0000014cee823a40 JavaThread "Common-Cleaner"             daemon [_thread_blocked, id=18924, stack(0x0000003263900000,0x0000003263a00000) (1024K)]
  0x0000014ceea8cde0 JavaThread "C1 CompilerThread1"         daemon [_thread_blocked, id=8692, stack(0x0000003263a00000,0x0000003263b00000) (1024K)]
  0x0000014cf32b7c20 JavaThread "Monitor Ctrl-Break"         daemon [_thread_in_native, id=9536, stack(0x0000003263b00000,0x0000003263c00000) (1024K)]
  0x0000014cf32b8280 JavaThread "Notification Thread"        daemon [_thread_blocked, id=13508, stack(0x0000003263c00000,0x0000003263d00000) (1024K)]
  0x0000014cf3678b90 JavaThread "Catalina-utility-1"                [_thread_blocked, id=3656, stack(0x0000003264700000,0x0000003264800000) (1024K)]
  0x0000014cf36791f0 JavaThread "Catalina-utility-2"                [_thread_blocked, id=16092, stack(0x0000003264800000,0x0000003264900000) (1024K)]
  0x0000014cf3679850 JavaThread "container-0"                       [_thread_blocked, id=16084, stack(0x0000003264900000,0x0000003264a00000) (1024K)]
  0x0000014cf4bdd6f0 JavaThread "Cleaner-0"                  daemon [_thread_blocked, id=5900, stack(0x0000003264b00000,0x0000003264c00000) (1024K)]
  0x0000014cf4f9e450 JavaThread "HikariPool-1:housekeeper"   daemon [_thread_blocked, id=18496, stack(0x0000003264c00000,0x0000003264d00000) (1024K)]
  0x0000014cf5f97710 JavaThread "lettuce-timer-3-1"          daemon [_thread_blocked, id=16404, stack(0x0000003263d00000,0x0000003263e00000) (1024K)]
Total: 18

Other Threads:
  0x0000014cee8343d0 VMThread "VM Thread"                           [id=9668, stack(0x0000003263100000,0x0000003263200000) (1024K)]
  0x0000014cee822a90 WatcherThread "VM Periodic Task Thread"        [id=5272, stack(0x0000003263000000,0x0000003263100000) (1024K)]
  0x0000014cdc50d720 WorkerThread "GC Thread#0"                     [id=3168, stack(0x0000003262b00000,0x0000003262c00000) (1024K)]
  0x0000014cf3754960 WorkerThread "GC Thread#1"                     [id=13212, stack(0x0000003263f00000,0x0000003264000000) (1024K)]
  0x0000014cf3731630 WorkerThread "GC Thread#2"                     [id=10936, stack(0x0000003264000000,0x0000003264100000) (1024K)]
  0x0000014cf375e160 WorkerThread "GC Thread#3"                     [id=19332, stack(0x0000003264100000,0x0000003264200000) (1024K)]
  0x0000014cf375e500 WorkerThread "GC Thread#4"                     [id=9856, stack(0x0000003264200000,0x0000003264300000) (1024K)]
  0x0000014cf3a38f30 WorkerThread "GC Thread#5"                     [id=10928, stack(0x0000003264400000,0x0000003264500000) (1024K)]
  0x0000014cf3a38450 WorkerThread "GC Thread#6"                     [id=18388, stack(0x0000003264500000,0x0000003264600000) (1024K)]
  0x0000014cf3a387f0 WorkerThread "GC Thread#7"                     [id=1200, stack(0x0000003264600000,0x0000003264700000) (1024K)]
  0x0000014cdc51e410 ConcurrentGCThread "G1 Main Marker"            [id=13260, stack(0x0000003262c00000,0x0000003262d00000) (1024K)]
  0x0000014cdc51ef10 WorkerThread "G1 Conc#0"                       [id=5044, stack(0x0000003262d00000,0x0000003262e00000) (1024K)]
  0x0000014cf3a392d0 WorkerThread "G1 Conc#1"                       [id=8144, stack(0x0000003264300000,0x0000003264400000) (1024K)]
  0x0000014cee6eee70 ConcurrentGCThread "G1 Refine#0"               [id=18812, stack(0x0000003262e00000,0x0000003262f00000) (1024K)]
  0x0000014cee6f63d0 ConcurrentGCThread "G1 Service"                [id=9508, stack(0x0000003262f00000,0x0000003263000000) (1024K)]
Total: 15

Threads with active compile tasks:
Total: 0

VM state: not at safepoint (normal execution)

VM Mutex/Monitor currently owned by a thread:  ([mutex/lock_event])
[0x00007ffe5ec9be50] Metaspace_lock - owner thread: 0x0000014cdc4b79e0

Heap address: 0x0000000085800000, size: 1960 MB, Compressed Oops mode: 32-bit

CDS archive(s) mapped at: [0x0000014c80000000-0x0000014c80c90000-0x0000014c80c90000), size 13172736, SharedBaseAddress: 0x0000014c80000000, ArchiveRelocationMode: 1.
Compressed class space mapped at: 0x0000014c81000000-0x0000014cc1000000, reserved size: 1073741824
Narrow klass base: 0x0000014c80000000, Narrow klass shift: 0, Narrow klass range: 0x100000000

GC Precious Log:
 CardTable entry size: 512
 Card Set container configuration: InlinePtr #cards 5 size 8 Array Of Cards #cards 12 size 40 Howl #buckets 4 coarsen threshold 1843 Howl Bitmap #cards 512 size 80 coarsen threshold 460 Card regions per heap region 1 cards per card region 2048
 CPUs: 8 total, 8 available
 Memory: 7834M
 Large Page Support: Disabled
 NUMA Support: Disabled
 Compressed Oops: Enabled (32-bit)
 Heap Region Size: 1M
 Heap Min Capacity: 8M
 Heap Initial Capacity: 124M
 Heap Max Capacity: 1960M
 Pre-touch: Disabled
 Parallel Workers: 8
 Concurrent Workers: 2
 Concurrent Refinement Workers: 8
 Periodic GC: Disabled

Heap:
 garbage-first heap   total 82944K, used 67951K [0x0000000085800000, 0x0000000100000000)
  region size 1024K, 32 young (32768K), 3 survivors (3072K)
 Metaspace       used 79660K, committed 80384K, reserved 1179648K
  class space    used 11535K, committed 11840K, reserved 1048576K

Heap Regions: E=young(eden), S=young(survivor), O=old, HS=humongous(starts), HC=humongous(continues), CS=collection set, F=free, TAMS=top-at-mark-start, PB=parsable bottom
|   0|0x0000000085800000, 0x0000000085900000, 0x0000000085900000|100%|HS|  |TAMS 0x0000000085800000| PB 0x0000000085800000| Complete 
|   1|0x0000000085900000, 0x0000000085a00000, 0x0000000085a00000|100%|HS|  |TAMS 0x0000000085900000| PB 0x0000000085900000| Complete 
|   2|0x0000000085a00000, 0x0000000085b00000, 0x0000000085b00000|100%| O|  |TAMS 0x0000000085a00000| PB 0x0000000085a00000| Untracked 
|   3|0x0000000085b00000, 0x0000000085c00000, 0x0000000085c00000|100%| O|  |TAMS 0x0000000085b00000| PB 0x0000000085b00000| Untracked 
|   4|0x0000000085c00000, 0x0000000085d00000, 0x0000000085d00000|100%| O|  |TAMS 0x0000000085c00000| PB 0x0000000085c00000| Untracked 
|   5|0x0000000085d00000, 0x0000000085e00000, 0x0000000085e00000|100%| O|  |TAMS 0x0000000085d00000| PB 0x0000000085d00000| Untracked 
|   6|0x0000000085e00000, 0x0000000085f00000, 0x0000000085f00000|100%| O|  |TAMS 0x0000000085e00000| PB 0x0000000085e00000| Untracked 
|   7|0x0000000085f00000, 0x0000000086000000, 0x0000000086000000|100%| O|  |TAMS 0x0000000085f00000| PB 0x0000000085f00000| Untracked 
|   8|0x0000000086000000, 0x0000000086100000, 0x0000000086100000|100%| O|  |TAMS 0x0000000086000000| PB 0x0000000086000000| Untracked 
|   9|0x0000000086100000, 0x0000000086200000, 0x0000000086200000|100%| O|  |TAMS 0x0000000086100000| PB 0x0000000086100000| Untracked 
|  10|0x0000000086200000, 0x0000000086300000, 0x0000000086300000|100%| O|  |TAMS 0x0000000086200000| PB 0x0000000086200000| Untracked 
|  11|0x0000000086300000, 0x0000000086400000, 0x0000000086400000|100%| O|  |TAMS 0x0000000086300000| PB 0x0000000086300000| Untracked 
|  12|0x0000000086400000, 0x0000000086500000, 0x0000000086500000|100%| O|  |TAMS 0x0000000086400000| PB 0x0000000086400000| Untracked 
|  13|0x0000000086500000, 0x0000000086600000, 0x0000000086600000|100%| O|  |TAMS 0x0000000086500000| PB 0x0000000086500000| Untracked 
|  14|0x0000000086600000, 0x0000000086700000, 0x0000000086700000|100%| O|  |TAMS 0x0000000086600000| PB 0x0000000086600000| Untracked 
|  15|0x0000000086700000, 0x0000000086800000, 0x0000000086800000|100%| O|  |TAMS 0x0000000086700000| PB 0x0000000086700000| Untracked 
|  16|0x0000000086800000, 0x0000000086900000, 0x0000000086900000|100%| O|  |TAMS 0x0000000086800000| PB 0x0000000086800000| Untracked 
|  17|0x0000000086900000, 0x0000000086a00000, 0x0000000086a00000|100%| O|  |TAMS 0x0000000086900000| PB 0x0000000086900000| Untracked 
|  18|0x0000000086a00000, 0x0000000086b00000, 0x0000000086b00000|100%| O|  |TAMS 0x0000000086a00000| PB 0x0000000086a00000| Untracked 
|  19|0x0000000086b00000, 0x0000000086c00000, 0x0000000086c00000|100%| O|Cm|TAMS 0x0000000086b00000| PB 0x0000000086b00000| Complete 
|  20|0x0000000086c00000, 0x0000000086d00000, 0x0000000086d00000|100%| O|  |TAMS 0x0000000086c00000| PB 0x0000000086c00000| Untracked 
|  21|0x0000000086d00000, 0x0000000086e00000, 0x0000000086e00000|100%| O|  |TAMS 0x0000000086d00000| PB 0x0000000086d00000| Untracked 
|  22|0x0000000086e00000, 0x0000000086f00000, 0x0000000086f00000|100%| O|  |TAMS 0x0000000086e00000| PB 0x0000000086e00000| Untracked 
|  23|0x0000000086f00000, 0x0000000087000000, 0x0000000087000000|100%| O|  |TAMS 0x0000000086f00000| PB 0x0000000086f00000| Untracked 
|  24|0x0000000087000000, 0x0000000087100000, 0x0000000087100000|100%| O|  |TAMS 0x0000000087000000| PB 0x0000000087000000| Untracked 
|  25|0x0000000087100000, 0x0000000087200000, 0x0000000087200000|100%| O|  |TAMS 0x0000000087100000| PB 0x0000000087100000| Untracked 
|  26|0x0000000087200000, 0x0000000087300000, 0x0000000087300000|100%| O|  |TAMS 0x0000000087200000| PB 0x0000000087200000| Untracked 
|  27|0x0000000087300000, 0x0000000087400000, 0x0000000087400000|100%| O|  |TAMS 0x0000000087300000| PB 0x0000000087300000| Untracked 
|  28|0x0000000087400000, 0x0000000087500000, 0x0000000087500000|100%| O|  |TAMS 0x0000000087400000| PB 0x0000000087400000| Untracked 
|  29|0x0000000087500000, 0x0000000087600000, 0x0000000087600000|100%| O|  |TAMS 0x0000000087500000| PB 0x0000000087500000| Untracked 
|  30|0x0000000087600000, 0x0000000087700000, 0x0000000087700000|100%| O|  |TAMS 0x0000000087600000| PB 0x0000000087600000| Untracked 
|  31|0x0000000087700000, 0x0000000087800000, 0x0000000087800000|100%| O|Cm|TAMS 0x0000000087700000| PB 0x0000000087700000| Complete 
|  32|0x0000000087800000, 0x0000000087900000, 0x0000000087900000|100%| O|  |TAMS 0x0000000087800000| PB 0x0000000087800000| Untracked 
|  33|0x0000000087900000, 0x0000000087a00000, 0x0000000087a00000|100%| O|  |TAMS 0x0000000087900000| PB 0x0000000087900000| Untracked 
|  34|0x0000000087a00000, 0x0000000087a00000, 0x0000000087b00000|  0%| F|  |TAMS 0x0000000087a00000| PB 0x0000000087a00000| Untracked 
|  35|0x0000000087b00000, 0x0000000087b00000, 0x0000000087c00000|  0%| F|  |TAMS 0x0000000087b00000| PB 0x0000000087b00000| Untracked 
|  36|0x0000000087c00000, 0x0000000087d00000, 0x0000000087d00000|100%| O|  |TAMS 0x0000000087c00000| PB 0x0000000087c00000| Untracked 
|  37|0x0000000087d00000, 0x0000000087e00000, 0x0000000087e00000|100%| O|  |TAMS 0x0000000087d00000| PB 0x0000000087d00000| Untracked 
|  38|0x0000000087e00000, 0x0000000087f00000, 0x0000000087f00000|100%| O|  |TAMS 0x0000000087e00000| PB 0x0000000087e00000| Untracked 
|  39|0x0000000087f00000, 0x0000000087f00000, 0x0000000088000000|  0%| F|  |TAMS 0x0000000087f00000| PB 0x0000000087f00000| Untracked 
|  40|0x0000000088000000, 0x0000000088000000, 0x0000000088100000|  0%| F|  |TAMS 0x0000000088000000| PB 0x0000000088000000| Untracked 
|  41|0x0000000088100000, 0x0000000088100000, 0x0000000088200000|  0%| F|  |TAMS 0x0000000088100000| PB 0x0000000088100000| Untracked 
|  42|0x0000000088200000, 0x000000008823f180, 0x0000000088300000| 24%| S|CS|TAMS 0x0000000088200000| PB 0x0000000088200000| Complete 
|  43|0x0000000088300000, 0x000000008831ce20, 0x0000000088400000| 11%| O|  |TAMS 0x0000000088300000| PB 0x0000000088300000| Untracked 
|  44|0x0000000088400000, 0x0000000088500000, 0x0000000088500000|100%| S|CS|TAMS 0x0000000088400000| PB 0x0000000088400000| Complete 
|  45|0x0000000088500000, 0x0000000088600000, 0x0000000088600000|100%| S|CS|TAMS 0x0000000088500000| PB 0x0000000088500000| Complete 
|  46|0x0000000088600000, 0x0000000088600000, 0x0000000088700000|  0%| F|  |TAMS 0x0000000088600000| PB 0x0000000088600000| Untracked 
|  47|0x0000000088700000, 0x0000000088700000, 0x0000000088800000|  0%| F|  |TAMS 0x0000000088700000| PB 0x0000000088700000| Untracked 
|  48|0x0000000088800000, 0x0000000088800000, 0x0000000088900000|  0%| F|  |TAMS 0x0000000088800000| PB 0x0000000088800000| Untracked 
|  49|0x0000000088900000, 0x0000000088900000, 0x0000000088a00000|  0%| F|  |TAMS 0x0000000088900000| PB 0x0000000088900000| Untracked 
|  50|0x0000000088a00000, 0x0000000088a00000, 0x0000000088b00000|  0%| F|  |TAMS 0x0000000088a00000| PB 0x0000000088a00000| Untracked 
|  51|0x0000000088b00000, 0x0000000088b00000, 0x0000000088c00000|  0%| F|  |TAMS 0x0000000088b00000| PB 0x0000000088b00000| Untracked 
|  52|0x0000000088c00000, 0x0000000088d00000, 0x0000000088d00000|100%| E|  |TAMS 0x0000000088c00000| PB 0x0000000088c00000| Complete 
|  53|0x0000000088d00000, 0x0000000088e00000, 0x0000000088e00000|100%| E|CS|TAMS 0x0000000088d00000| PB 0x0000000088d00000| Complete 
|  54|0x0000000088e00000, 0x0000000088f00000, 0x0000000088f00000|100%| E|CS|TAMS 0x0000000088e00000| PB 0x0000000088e00000| Complete 
|  55|0x0000000088f00000, 0x0000000089000000, 0x0000000089000000|100%| E|CS|TAMS 0x0000000088f00000| PB 0x0000000088f00000| Complete 
|  56|0x0000000089000000, 0x0000000089100000, 0x0000000089100000|100%| E|CS|TAMS 0x0000000089000000| PB 0x0000000089000000| Complete 
|  57|0x0000000089100000, 0x0000000089200000, 0x0000000089200000|100%| E|CS|TAMS 0x0000000089100000| PB 0x0000000089100000| Complete 
|  58|0x0000000089200000, 0x0000000089300000, 0x0000000089300000|100%| E|CS|TAMS 0x0000000089200000| PB 0x0000000089200000| Complete 
|  59|0x0000000089300000, 0x0000000089400000, 0x0000000089400000|100%| E|CS|TAMS 0x0000000089300000| PB 0x0000000089300000| Complete 
|  60|0x0000000089400000, 0x0000000089500000, 0x0000000089500000|100%| E|CS|TAMS 0x0000000089400000| PB 0x0000000089400000| Complete 
|  61|0x0000000089500000, 0x0000000089600000, 0x0000000089600000|100%| E|CS|TAMS 0x0000000089500000| PB 0x0000000089500000| Complete 
|  62|0x0000000089600000, 0x0000000089700000, 0x0000000089700000|100%| E|CS|TAMS 0x0000000089600000| PB 0x0000000089600000| Complete 
|  63|0x0000000089700000, 0x0000000089800000, 0x0000000089800000|100%| E|CS|TAMS 0x0000000089700000| PB 0x0000000089700000| Complete 
|  64|0x0000000089800000, 0x0000000089900000, 0x0000000089900000|100%| E|CS|TAMS 0x0000000089800000| PB 0x0000000089800000| Complete 
|  65|0x0000000089900000, 0x0000000089a00000, 0x0000000089a00000|100%| E|CS|TAMS 0x0000000089900000| PB 0x0000000089900000| Complete 
|  66|0x0000000089a00000, 0x0000000089b00000, 0x0000000089b00000|100%| E|CS|TAMS 0x0000000089a00000| PB 0x0000000089a00000| Complete 
|  67|0x0000000089b00000, 0x0000000089c00000, 0x0000000089c00000|100%| E|CS|TAMS 0x0000000089b00000| PB 0x0000000089b00000| Complete 
|  68|0x0000000089c00000, 0x0000000089d00000, 0x0000000089d00000|100%| E|CS|TAMS 0x0000000089c00000| PB 0x0000000089c00000| Complete 
|  69|0x0000000089d00000, 0x0000000089e00000, 0x0000000089e00000|100%| E|CS|TAMS 0x0000000089d00000| PB 0x0000000089d00000| Complete 
|  70|0x0000000089e00000, 0x0000000089f00000, 0x0000000089f00000|100%| E|CS|TAMS 0x0000000089e00000| PB 0x0000000089e00000| Complete 
|  71|0x0000000089f00000, 0x000000008a000000, 0x000000008a000000|100%| E|CS|TAMS 0x0000000089f00000| PB 0x0000000089f00000| Complete 
|  72|0x000000008a000000, 0x000000008a100000, 0x000000008a100000|100%| E|CS|TAMS 0x000000008a000000| PB 0x000000008a000000| Complete 
|  73|0x000000008a100000, 0x000000008a200000, 0x000000008a200000|100%| E|CS|TAMS 0x000000008a100000| PB 0x000000008a100000| Complete 
|  74|0x000000008a200000, 0x000000008a300000, 0x000000008a300000|100%| E|CS|TAMS 0x000000008a200000| PB 0x000000008a200000| Complete 
|  75|0x000000008a300000, 0x000000008a400000, 0x000000008a400000|100%| E|CS|TAMS 0x000000008a300000| PB 0x000000008a300000| Complete 
|  76|0x000000008a400000, 0x000000008a500000, 0x000000008a500000|100%| E|CS|TAMS 0x000000008a400000| PB 0x000000008a400000| Complete 
|  77|0x000000008a500000, 0x000000008a600000, 0x000000008a600000|100%| E|  |TAMS 0x000000008a500000| PB 0x000000008a500000| Complete 
|  78|0x000000008a600000, 0x000000008a700000, 0x000000008a700000|100%| E|CS|TAMS 0x000000008a600000| PB 0x000000008a600000| Complete 
|  79|0x000000008a700000, 0x000000008a800000, 0x000000008a800000|100%| E|CS|TAMS 0x000000008a700000| PB 0x000000008a700000| Complete 
| 123|0x000000008d300000, 0x000000008d400000, 0x000000008d400000|100%| E|CS|TAMS 0x000000008d300000| PB 0x000000008d300000| Complete 

Card table byte_map: [0x0000014ce9ba0000,0x0000014ce9f80000] _byte_map_base: 0x0000014ce9774000

Marking Bits: (CMBitMap*) 0x0000014cdc50e630
 Bits: [0x0000014ce9f80000, 0x0000014cebe20000)

Polling page: 0x0000014cdbf80000

Metaspace:

Usage:
  Non-class:     66.53 MB used.
      Class:     11.27 MB used.
       Both:     77.79 MB used.

Virtual space:
  Non-class space:      128.00 MB reserved,      66.94 MB ( 52%) committed,  2 nodes.
      Class space:        1.00 GB reserved,      11.56 MB (  1%) committed,  1 nodes.
             Both:        1.12 GB reserved,      78.50 MB (  7%) committed. 

Chunk freelists:
   Non-Class:  12.48 MB
       Class:  4.42 MB
        Both:  16.91 MB

MaxMetaspaceSize: unlimited
CompressedClassSpaceSize: 1.00 GB
Initial GC threshold: 21.00 MB
Current GC threshold: 123.06 MB
CDS: on
 - commit_granule_bytes: 65536.
 - commit_granule_words: 8192.
 - virtual_space_node_default_size: 8388608.
 - enlarge_chunks_in_place: 1.
 - use_allocation_guard: 0.


Internal statistics:

num_allocs_failed_limit: 9.
num_arena_births: 1032.
num_arena_deaths: 0.
num_vsnodes_births: 3.
num_vsnodes_deaths: 0.
num_space_committed: 1256.
num_space_uncommitted: 0.
num_chunks_returned_to_freelist: 9.
num_chunks_taken_from_freelist: 3853.
num_chunk_merges: 9.
num_chunk_splits: 2850.
num_chunks_enlarged: 2286.
num_inconsistent_stats: 0.

CodeCache: size=49152Kb used=12734Kb max_used=13248Kb free=36418Kb
 bounds [0x0000014ce5f30000, 0x0000014ce6c30000, 0x0000014ce8f30000]
 total_blobs=7606 nmethods=6867 adapters=661
 compilation: enabled
              stopped_count=0, restarted_count=0
 full_count=0

Compilation events (20 events):
Event: 27.026 Thread 0x0000014cee86bc60 nmethod 6956 0x0000014ce628f510 code [0x0000014ce628f6a0, 0x0000014ce628f768]
Event: 27.026 Thread 0x0000014ceea8cde0 nmethod 6955 0x0000014ce628ed90 code [0x0000014ce628ef80, 0x0000014ce628f368]
Event: 27.037 Thread 0x0000014cee86bc60 6957       1       java.util.concurrent.ConcurrentHashMap::entrySet (25 bytes)
Event: 27.037 Thread 0x0000014ceea8cde0 6958       1       java.util.concurrent.ConcurrentHashMap$EntrySetView::iterator (34 bytes)
Event: 27.038 Thread 0x0000014cee86bc60 nmethod 6957 0x0000014ce628e910 code [0x0000014ce628eac0, 0x0000014ce628ecc8]
Event: 27.038 Thread 0x0000014ceea8cde0 nmethod 6958 0x0000014ce628e410 code [0x0000014ce628e5c0, 0x0000014ce628e7e0]
Event: 27.038 Thread 0x0000014cee86bc60 6959       1       java.util.concurrent.ConcurrentHashMap$EntryIterator::<init> (12 bytes)
Event: 27.038 Thread 0x0000014cee86bc60 nmethod 6959 0x0000014ce628e010 code [0x0000014ce628e1c0, 0x0000014ce628e328]
Event: 27.039 Thread 0x0000014cee86bc60 6960       1       org.springframework.core.MethodClassKey::<init> (15 bytes)
Event: 27.039 Thread 0x0000014cee86bc60 nmethod 6960 0x0000014ce628dc90 code [0x0000014ce628de20, 0x0000014ce628df80]
Event: 27.043 Thread 0x0000014cee86bc60 6961       1       org.springframework.beans.factory.support.DefaultListableBeanFactory$$Lambda/0x0000014c81186bf0::test (12 bytes)
Event: 27.043 Thread 0x0000014ceea8cde0 6962       1       org.springframework.beans.factory.support.DefaultListableBeanFactory::lambda$addSingleton$6 (21 bytes)
Event: 27.044 Thread 0x0000014ceea8cde0 nmethod 6962 0x0000014ce628d990 code [0x0000014ce628db20, 0x0000014ce628dc10]
Event: 27.044 Thread 0x0000014cee86bc60 nmethod 6961 0x0000014ce628d590 code [0x0000014ce628d740, 0x0000014ce628d898]
Event: 27.044 Thread 0x0000014cee86bc60 6963       1       org.springframework.beans.factory.support.AbstractBeanFactory::containsBean (72 bytes)
Event: 27.045 Thread 0x0000014ceea8cde0 6964   !   1       org.springframework.beans.factory.support.AbstractBeanFactory::doResolveBeanClass (255 bytes)
Event: 27.046 Thread 0x0000014cee86bc60 nmethod 6963 0x0000014ce628c710 code [0x0000014ce628c980, 0x0000014ce628d070]
Event: 27.047 Thread 0x0000014ceea8cde0 nmethod 6964 0x0000014ce628b110 code [0x0000014ce628b420, 0x0000014ce628c038]
Event: 27.058 Thread 0x0000014cee86bc60 6965       1       java.lang.reflect.Constructor::getAnnotationBytes (5 bytes)
Event: 27.058 Thread 0x0000014cee86bc60 nmethod 6965 0x0000014ce628ae10 code [0x0000014ce628afa0, 0x0000014ce628b068]

GC Heap History (20 events):
Event: 4.356 GC heap before
{Heap before GC invocations=5 (full 0):
 garbage-first heap   total 68608K, used 51932K [0x0000000085800000, 0x0000000100000000)
  region size 1024K, 34 young (34816K), 3 survivors (3072K)
 Metaspace       used 27034K, committed 27520K, reserved 1114112K
  class space    used 3701K, committed 3904K, reserved 1048576K
}
Event: 4.369 GC heap after
{Heap after GC invocations=6 (full 0):
 garbage-first heap   total 68608K, used 22349K [0x0000000085800000, 0x0000000100000000)
  region size 1024K, 3 young (3072K), 3 survivors (3072K)
 Metaspace       used 27034K, committed 27520K, reserved 1114112K
  class space    used 3701K, committed 3904K, reserved 1048576K
}
Event: 5.222 GC heap before
{Heap before GC invocations=6 (full 0):
 garbage-first heap   total 68608K, used 54093K [0x0000000085800000, 0x0000000100000000)
  region size 1024K, 34 young (34816K), 3 survivors (3072K)
 Metaspace       used 31619K, committed 32192K, reserved 1114112K
  class space    used 4403K, committed 4672K, reserved 1048576K
}
Event: 5.234 GC heap after
{Heap after GC invocations=7 (full 0):
 garbage-first heap   total 82944K, used 24525K [0x0000000085800000, 0x0000000100000000)
  region size 1024K, 5 young (5120K), 5 survivors (5120K)
 Metaspace       used 31619K, committed 32192K, reserved 1114112K
  class space    used 4403K, committed 4672K, reserved 1048576K
}
Event: 6.110 GC heap before
{Heap before GC invocations=7 (full 0):
 garbage-first heap   total 82944K, used 42957K [0x0000000085800000, 0x0000000100000000)
  region size 1024K, 24 young (24576K), 5 survivors (5120K)
 Metaspace       used 34592K, committed 35136K, reserved 1114112K
  class space    used 4837K, committed 5120K, reserved 1048576K
}
Event: 6.125 GC heap after
{Heap after GC invocations=8 (full 0):
 garbage-first heap   total 82944K, used 26812K [0x0000000085800000, 0x0000000100000000)
  region size 1024K, 5 young (5120K), 5 survivors (5120K)
 Metaspace       used 34592K, committed 35136K, reserved 1114112K
  class space    used 4837K, committed 5120K, reserved 1048576K
}
Event: 8.889 GC heap before
{Heap before GC invocations=9 (full 0):
 garbage-first heap   total 82944K, used 68796K [0x0000000085800000, 0x0000000100000000)
  region size 1024K, 46 young (47104K), 5 survivors (5120K)
 Metaspace       used 41851K, committed 42560K, reserved 1114112K
  class space    used 5888K, committed 6208K, reserved 1048576K
}
Event: 8.898 GC heap after
{Heap after GC invocations=10 (full 0):
 garbage-first heap   total 82944K, used 29316K [0x0000000085800000, 0x0000000100000000)
  region size 1024K, 5 young (5120K), 5 survivors (5120K)
 Metaspace       used 41851K, committed 42560K, reserved 1114112K
  class space    used 5888K, committed 6208K, reserved 1048576K
}
Event: 13.651 GC heap before
{Heap before GC invocations=10 (full 0):
 garbage-first heap   total 82944K, used 70276K [0x0000000085800000, 0x0000000100000000)
  region size 1024K, 45 young (46080K), 5 survivors (5120K)
 Metaspace       used 55209K, committed 55872K, reserved 1114112K
  class space    used 7657K, committed 7936K, reserved 1048576K
}
Event: 13.658 GC heap after
{Heap after GC invocations=11 (full 0):
 garbage-first heap   total 82944K, used 32142K [0x0000000085800000, 0x0000000100000000)
  region size 1024K, 6 young (6144K), 6 survivors (6144K)
 Metaspace       used 55209K, committed 55872K, reserved 1114112K
  class space    used 7657K, committed 7936K, reserved 1048576K
}
Event: 14.072 GC heap before
{Heap before GC invocations=11 (full 0):
 garbage-first heap   total 82944K, used 46478K [0x0000000085800000, 0x0000000100000000)
  region size 1024K, 22 young (22528K), 6 survivors (6144K)
 Metaspace       used 58201K, committed 58816K, reserved 1114112K
  class space    used 8039K, committed 8320K, reserved 1048576K
}
Event: 14.079 GC heap after
{Heap after GC invocations=12 (full 0):
 garbage-first heap   total 82944K, used 33168K [0x0000000085800000, 0x0000000100000000)
  region size 1024K, 4 young (4096K), 4 survivors (4096K)
 Metaspace       used 58201K, committed 58816K, reserved 1114112K
  class space    used 8039K, committed 8320K, reserved 1048576K
}
Event: 15.758 GC heap before
{Heap before GC invocations=13 (full 0):
 garbage-first heap   total 82944K, used 72080K [0x0000000085800000, 0x0000000100000000)
  region size 1024K, 42 young (43008K), 4 survivors (4096K)
 Metaspace       used 66547K, committed 67200K, reserved 1114112K
  class space    used 9451K, committed 9728K, reserved 1048576K
}
Event: 15.762 GC heap after
{Heap after GC invocations=14 (full 0):
 garbage-first heap   total 82944K, used 34694K [0x0000000085800000, 0x0000000100000000)
  region size 1024K, 3 young (3072K), 3 survivors (3072K)
 Metaspace       used 66547K, committed 67200K, reserved 1114112K
  class space    used 9451K, committed 9728K, reserved 1048576K
}
Event: 22.430 GC heap before
{Heap before GC invocations=14 (full 0):
 garbage-first heap   total 82944K, used 73606K [0x0000000085800000, 0x0000000100000000)
  region size 1024K, 41 young (41984K), 3 survivors (3072K)
 Metaspace       used 72744K, committed 73536K, reserved 1114112K
  class space    used 10414K, committed 10752K, reserved 1048576K
}
Event: 22.437 GC heap after
{Heap after GC invocations=15 (full 0):
 garbage-first heap   total 82944K, used 38039K [0x0000000085800000, 0x0000000100000000)
  region size 1024K, 6 young (6144K), 6 survivors (6144K)
 Metaspace       used 72744K, committed 73536K, reserved 1114112K
  class space    used 10414K, committed 10752K, reserved 1048576K
}
Event: 23.017 GC heap before
{Heap before GC invocations=15 (full 0):
 garbage-first heap   total 82944K, used 70807K [0x0000000085800000, 0x0000000100000000)
  region size 1024K, 38 young (38912K), 6 survivors (6144K)
 Metaspace       used 72782K, committed 73536K, reserved 1114112K
  class space    used 10420K, committed 10752K, reserved 1048576K
}
Event: 23.025 GC heap after
{Heap after GC invocations=16 (full 0):
 garbage-first heap   total 82944K, used 40405K [0x0000000085800000, 0x0000000100000000)
  region size 1024K, 3 young (3072K), 3 survivors (3072K)
 Metaspace       used 72782K, committed 73536K, reserved 1114112K
  class space    used 10420K, committed 10752K, reserved 1048576K
}
Event: 24.776 GC heap before
{Heap before GC invocations=16 (full 0):
 garbage-first heap   total 82944K, used 72149K [0x0000000085800000, 0x0000000100000000)
  region size 1024K, 35 young (35840K), 3 survivors (3072K)
 Metaspace       used 74537K, committed 75328K, reserved 1114112K
  class space    used 10785K, committed 11136K, reserved 1048576K
}
Event: 24.780 GC heap after
{Heap after GC invocations=17 (full 0):
 garbage-first heap   total 82944K, used 40303K [0x0000000085800000, 0x0000000100000000)
  region size 1024K, 3 young (3072K), 3 survivors (3072K)
 Metaspace       used 74537K, committed 75328K, reserved 1114112K
  class space    used 10785K, committed 11136K, reserved 1048576K
}

Dll operation events (11 events):
Event: 0.013 Loaded shared library C:\Program Files\Java\jdk-21\bin\java.dll
Event: 0.199 Loaded shared library C:\Program Files\Java\jdk-21\bin\zip.dll
Event: 0.204 Loaded shared library C:\Program Files\Java\jdk-21\bin\instrument.dll
Event: 0.210 Loaded shared library C:\Program Files\Java\jdk-21\bin\net.dll
Event: 0.214 Loaded shared library C:\Program Files\Java\jdk-21\bin\nio.dll
Event: 0.218 Loaded shared library C:\Program Files\Java\jdk-21\bin\zip.dll
Event: 0.473 Loaded shared library C:\Program Files\Java\jdk-21\bin\extnet.dll
Event: 0.513 Loaded shared library C:\Program Files\Java\jdk-21\bin\jimage.dll
Event: 2.353 Loaded shared library C:\Program Files\Java\jdk-21\bin\sunmscapi.dll
Event: 6.314 Loaded shared library C:\Program Files\Java\jdk-21\bin\management.dll
Event: 6.318 Loaded shared library C:\Program Files\Java\jdk-21\bin\management_ext.dll

Deoptimization events (0 events):
No events

Classes loaded (20 events):
Event: 26.468 Loading class java/nio/ShortBuffer
Event: 26.473 Loading class java/nio/ShortBuffer done
Event: 26.473 Loading class java/nio/FloatBuffer
Event: 26.474 Loading class java/nio/FloatBuffer done
Event: 26.474 Loading class java/nio/DoubleBuffer
Event: 26.474 Loading class java/nio/DoubleBuffer done
Event: 26.564 Loading class java/util/concurrent/Executors$DelegatedScheduledExecutorService
Event: 26.569 Loading class java/util/concurrent/Executors$DelegatedExecutorService
Event: 26.570 Loading class java/util/concurrent/Executors$DelegatedExecutorService done
Event: 26.570 Loading class java/util/concurrent/Executors$DelegatedScheduledExecutorService done
Event: 26.590 Loading class jdk/jfr/Event
Event: 26.591 Loading class jdk/jfr/Event done
Event: 26.648 Loading class java/util/concurrent/locks/AbstractQueuedSynchronizer$SharedNode
Event: 26.649 Loading class java/util/concurrent/locks/AbstractQueuedSynchronizer$SharedNode done
Event: 26.681 Loading class java/util/JumboEnumSet
Event: 26.681 Loading class java/util/JumboEnumSet done
Event: 26.841 Loading class java/util/function/IntSupplier
Event: 26.842 Loading class java/util/function/IntSupplier done
Event: 26.844 Loading class java/util/function/LongFunction
Event: 26.844 Loading class java/util/function/LongFunction done

Classes unloaded (0 events):
No events

Classes redefined (0 events):
No events

Internal exceptions (20 events):
Event: 15.278 Thread 0x0000014cdc4b79e0 Exception <a 'java/lang/NoSuchMethodError'{0x000000008887cc38}: 'java.lang.Object java.lang.invoke.DirectMethodHandle$Holder.newInvokeSpecial(java.lang.Object, java.lang.Object, int, java.lang.Object)'> (0x000000008887cc38) 
thrown [s\open\src\hotspot\share\interpreter\linkResolver.cpp, line 773]
Event: 15.279 Thread 0x0000014cdc4b79e0 Exception <a 'java/lang/NoSuchMethodError'{0x00000000888845d8}: 'java.lang.Object java.lang.invoke.Invokers$Holder.linkToTargetMethod(java.lang.Object, int, java.lang.Object, java.lang.Object)'> (0x00000000888845d8) 
thrown [s\open\src\hotspot\share\interpreter\linkResolver.cpp, line 773]
Event: 15.297 Thread 0x0000014cdc4b79e0 Exception <a 'java/lang/NoSuchMethodError'{0x000000008870f3c0}: 'void java.lang.invoke.DirectMethodHandle$Holder.invokeSpecial(java.lang.Object, java.lang.Object, java.lang.Object, java.lang.Object, java.lang.Object, java.lang.Object, java.lang.Object, java.lang.Object)'> (0x000000008870f3c0) 
thrown [s\open\src\hotspot\share\interpreter\linkResolver.cpp, line 773]
Event: 15.308 Thread 0x0000014cdc4b79e0 Exception <a 'java/lang/NoSuchMethodError'{0x000000008874cf50}: 'void java.lang.invoke.DirectMethodHandle$Holder.invokeSpecial(java.lang.Object, java.lang.Object, int, java.lang.Object)'> (0x000000008874cf50) 
thrown [s\open\src\hotspot\share\interpreter\linkResolver.cpp, line 773]
Event: 15.309 Thread 0x0000014cdc4b79e0 Exception <a 'java/lang/NoSuchMethodError'{0x0000000088753298}: 'java.lang.Object java.lang.invoke.DirectMethodHandle$Holder.newInvokeSpecial(java.lang.Object, java.lang.Object, int)'> (0x0000000088753298) 
thrown [s\open\src\hotspot\share\interpreter\linkResolver.cpp, line 773]
Event: 15.309 Thread 0x0000014cdc4b79e0 Exception <a 'java/lang/IncompatibleClassChangeError'{0x0000000088756ac8}: Found class java.lang.Object, but interface was expected> (0x0000000088756ac8) 
thrown [s\open\src\hotspot\share\interpreter\linkResolver.cpp, line 840]
Event: 15.367 Thread 0x0000014cdc4b79e0 Exception <a 'java/lang/NoSuchMethodError'{0x00000000886b9d48}: 'int java.lang.invoke.DirectMethodHandle$Holder.invokeStatic(java.lang.Object, int, java.lang.Object)'> (0x00000000886b9d48) 
thrown [s\open\src\hotspot\share\interpreter\linkResolver.cpp, line 773]
Event: 15.370 Thread 0x0000014cdc4b79e0 Exception <a 'java/lang/NoSuchMethodError'{0x00000000886d5bf8}: 'java.lang.Object java.lang.invoke.DirectMethodHandle$Holder.newInvokeSpecial(java.lang.Object, java.lang.Object, java.lang.Object, java.lang.Object, java.lang.Object, int, java.lang.Object)'> (0x00000000886d5bf8) 
thrown [s\open\src\hotspot\share\interpreter\linkResolver.cpp, line 773]
Event: 15.376 Thread 0x0000014cdc4b79e0 Exception <a 'java/lang/NoSuchMethodError'{0x0000000088509d70}: 'java.lang.Object java.lang.invoke.Invokers$Holder.linkToTargetMethod(java.lang.Object, java.lang.Object, java.lang.Object, java.lang.Object, java.lang.Object, java.lang.Object, java.lang.Object, java.lang.Object, java.lang.Object, java.lang.Object, java.lang.Object, java.lang.Object)'> (0x0000000088509d70) 
thrown [s\open\src\hotspot\share\interpreter\linkResolver.cpp, line 773]
Event: 15.490 Thread 0x0000014cdc4b79e0 Exception <a 'java/lang/IncompatibleClassChangeError'{0x00000000884d7180}: Found class java.lang.Object, but interface was expected> (0x00000000884d7180) 
thrown [s\open\src\hotspot\share\interpreter\linkResolver.cpp, line 840]
Event: 15.580 Thread 0x0000014cdc4b79e0 Exception <a 'java/lang/NoSuchMethodError'{0x00000000882a2a28}: 'java.lang.Object java.lang.invoke.DirectMethodHandle$Holder.newInvokeSpecial(java.lang.Object, java.lang.Object, int, java.lang.Object, int, java.lang.Object, java.lang.Object)'> (0x00000000882a2a28) 
thrown [s\open\src\hotspot\share\interpreter\linkResolver.cpp, line 773]
Event: 17.443 Thread 0x0000014cdc4b79e0 Exception <a 'java/lang/NoSuchMethodError'{0x000000008a6ae800}: 'java.lang.Object java.lang.invoke.DirectMethodHandle$Holder.invokeSpecial(java.lang.Object, java.lang.Object, int, java.lang.Object, int)'> (0x000000008a6ae800) 
thrown [s\open\src\hotspot\share\interpreter\linkResolver.cpp, line 773]
Event: 18.710 Thread 0x0000014cdc4b79e0 Exception <a 'java/lang/IncompatibleClassChangeError'{0x0000000089e040b8}: Found class java.lang.Object, but interface was expected> (0x0000000089e040b8) 
thrown [s\open\src\hotspot\share\interpreter\linkResolver.cpp, line 840]
Event: 18.860 Thread 0x0000014cdc4b79e0 Exception <a 'java/lang/IncompatibleClassChangeError'{0x0000000089c1ea70}: Found class java.lang.Object, but interface was expected> (0x0000000089c1ea70) 
thrown [s\open\src\hotspot\share\interpreter\linkResolver.cpp, line 840]
Event: 19.865 Thread 0x0000014cdc4b79e0 Exception <a 'java/lang/IncompatibleClassChangeError'{0x00000000897acfd8}: Found class java.lang.Object, but interface was expected> (0x00000000897acfd8) 
thrown [s\open\src\hotspot\share\interpreter\linkResolver.cpp, line 840]
Event: 20.606 Thread 0x0000014cdc4b79e0 Exception <a 'java/lang/IncompatibleClassChangeError'{0x00000000891a8c10}: Found class java.lang.Object, but interface was expected> (0x00000000891a8c10) 
thrown [s\open\src\hotspot\share\interpreter\linkResolver.cpp, line 840]
Event: 20.607 Thread 0x0000014cdc4b79e0 Exception <a 'java/lang/IncompatibleClassChangeError'{0x00000000891ae118}: Found class java.lang.Object, but interface was expected> (0x00000000891ae118) 
thrown [s\open\src\hotspot\share\interpreter\linkResolver.cpp, line 840]
Event: 25.921 Thread 0x0000014cdc4b79e0 Exception <a 'java/lang/NoSuchMethodError'{0x0000000089d93418}: 'void java.lang.invoke.Invokers$Holder.invokeExact_MT(java.lang.Object, java.lang.Object, int, java.lang.Object)'> (0x0000000089d93418) 
thrown [s\open\src\hotspot\share\interpreter\linkResolver.cpp, line 773]
Event: 26.066 Thread 0x0000014cdc4b79e0 Exception <a 'java/lang/NoSuchMethodError'{0x0000000089b56fc8}: 'int java.lang.invoke.DirectMethodHandle$Holder.invokeStaticInit(java.lang.Object, int, java.lang.Object, java.lang.Object, java.lang.Object, java.lang.Object)'> (0x0000000089b56fc8) 
thrown [s\open\src\hotspot\share\interpreter\linkResolver.cpp, line 773]
Event: 26.845 Thread 0x0000014cdc4b79e0 Exception <a 'java/lang/NoSuchMethodError'{0x00000000891532e0}: 'java.lang.Object java.lang.invoke.DirectMethodHandle$Holder.invokeStaticInit(java.lang.Object, long)'> (0x00000000891532e0) 
thrown [s\open\src\hotspot\share\interpreter\linkResolver.cpp, line 773]

ZGC Phase Switch (0 events):
No events

VM Operations (20 events):
Event: 22.429 Executing VM operation: G1CollectForAllocation (G1 Evacuation Pause)
Event: 22.437 Executing VM operation: G1CollectForAllocation (G1 Evacuation Pause) done
Event: 22.698 Executing VM operation: HandshakeAllThreads (Deoptimize)
Event: 22.698 Executing VM operation: HandshakeAllThreads (Deoptimize) done
Event: 23.017 Executing VM operation: G1CollectForAllocation (G1 Evacuation Pause)
Event: 23.025 Executing VM operation: G1CollectForAllocation (G1 Evacuation Pause) done
Event: 24.776 Executing VM operation: G1CollectForAllocation (G1 Evacuation Pause)
Event: 24.781 Executing VM operation: G1CollectForAllocation (G1 Evacuation Pause) done
Event: 24.831 Executing VM operation: G1PauseRemark
Event: 24.842 Executing VM operation: G1PauseRemark done
Event: 24.861 Executing VM operation: G1PauseCleanup
Event: 24.863 Executing VM operation: G1PauseCleanup done
Event: 25.863 Executing VM operation: Cleanup
Event: 25.863 Executing VM operation: Cleanup done
Event: 26.056 Executing VM operation: HandshakeAllThreads (Deoptimize)
Event: 26.056 Executing VM operation: HandshakeAllThreads (Deoptimize) done
Event: 26.641 Executing VM operation: HandshakeAllThreads (Deoptimize)
Event: 26.641 Executing VM operation: HandshakeAllThreads (Deoptimize) done
Event: 26.683 Executing VM operation: HandshakeAllThreads (Deoptimize)
Event: 26.683 Executing VM operation: HandshakeAllThreads (Deoptimize) done

Events (20 events):
Event: 24.840 Thread 0x0000014cee8343d0 flushing nmethod 0x0000014ce6671f90
Event: 24.840 Thread 0x0000014cee8343d0 flushing nmethod 0x0000014ce676d590
Event: 24.840 Thread 0x0000014cee8343d0 flushing nmethod 0x0000014ce6386610
Event: 24.840 Thread 0x0000014cee8343d0 flushing nmethod 0x0000014ce6968b90
Event: 24.840 Thread 0x0000014cee8343d0 flushing nmethod 0x0000014ce6a5c110
Event: 24.840 Thread 0x0000014cee8343d0 flushing nmethod 0x0000014ce6773f10
Event: 24.840 Thread 0x0000014cee8343d0 flushing nmethod 0x0000014ce6798290
Event: 24.840 Thread 0x0000014cee8343d0 flushing nmethod 0x0000014ce692a410
Event: 24.840 Thread 0x0000014cee8343d0 flushing nmethod 0x0000014ce6653410
Event: 24.840 Thread 0x0000014cee8343d0 flushing nmethod 0x0000014ce68df490
Event: 24.840 Thread 0x0000014cee8343d0 flushing nmethod 0x0000014ce68df810
Event: 24.840 Thread 0x0000014cee8343d0 flushing nmethod 0x0000014ce6a05990
Event: 24.840 Thread 0x0000014cee8343d0 flushing nmethod 0x0000014ce6201910
Event: 24.840 Thread 0x0000014cee8343d0 flushing nmethod 0x0000014ce6901710
Event: 24.840 Thread 0x0000014cee8343d0 flushing nmethod 0x0000014ce66cc710
Event: 24.840 Thread 0x0000014cee8343d0 flushing nmethod 0x0000014ce6971190
Event: 24.840 Thread 0x0000014cee8343d0 flushing nmethod 0x0000014ce6971710
Event: 24.840 Thread 0x0000014cee8343d0 flushing nmethod 0x0000014ce6a31a90
Event: 26.251 Thread 0x0000014cf4cdf810 Thread exited: 0x0000014cf4cdf810
Event: 26.648 Thread 0x0000014cf5f97710 Thread added: 0x0000014cf5f97710


Dynamic libraries:
0x00007ff71c970000 - 0x00007ff71c980000 	C:\Program Files\Java\jdk-21\bin\java.exe
0x00007ffee7540000 - 0x00007ffee77a6000 	C:\WINDOWS\SYSTEM32\ntdll.dll
0x00007ffee5e00000 - 0x00007ffee5ec9000 	C:\WINDOWS\System32\KERNEL32.DLL
0x00007ffee4a30000 - 0x00007ffee4e2a000 	C:\WINDOWS\System32\KERNELBASE.dll
0x00007ffee50a0000 - 0x00007ffee51ec000 	C:\WINDOWS\System32\ucrtbase.dll
0x00007ffece9f0000 - 0x00007ffecea0b000 	C:\Program Files\Java\jdk-21\bin\VCRUNTIME140.dll
0x00007ffeceaf0000 - 0x00007ffeceb09000 	C:\Program Files\Java\jdk-21\bin\jli.dll
0x00007ffee5bc0000 - 0x00007ffee5c76000 	C:\WINDOWS\System32\ADVAPI32.dll
0x00007ffee5ed0000 - 0x00007ffee5f79000 	C:\WINDOWS\System32\msvcrt.dll
0x00007ffee6070000 - 0x00007ffee611a000 	C:\WINDOWS\System32\sechost.dll
0x00007ffee5c80000 - 0x00007ffee5d98000 	C:\WINDOWS\System32\RPCRT4.dll
0x00007ffee70f0000 - 0x00007ffee72b7000 	C:\WINDOWS\System32\USER32.dll
0x00007ffee47d0000 - 0x00007ffee47f7000 	C:\WINDOWS\System32\win32u.dll
0x00007ffee5790000 - 0x00007ffee57bb000 	C:\WINDOWS\System32\GDI32.dll
0x00007ffec83e0000 - 0x00007ffec8672000 	C:\WINDOWS\WinSxS\amd64_microsoft.windows.common-controls_6595b64144ccf1df_6.0.26100.8521_none_3e08b75ce33403b3\COMCTL32.dll
0x00007ffee4f70000 - 0x00007ffee509b000 	C:\WINDOWS\System32\gdi32full.dll
0x00007ffee4800000 - 0x00007ffee48a3000 	C:\WINDOWS\System32\msvcp_win.dll
0x00007ffed3380000 - 0x00007ffed338b000 	C:\WINDOWS\SYSTEM32\VERSION.dll
0x00007ffee52c0000 - 0x00007ffee52f2000 	C:\WINDOWS\System32\IMM32.DLL
0x00007ffece9e0000 - 0x00007ffece9ec000 	C:\Program Files\Java\jdk-21\bin\vcruntime140_1.dll
0x00007ffece950000 - 0x00007ffece9de000 	C:\Program Files\Java\jdk-21\bin\msvcp140.dll
0x00007ffe5e060000 - 0x00007ffe5ed7a000 	C:\Program Files\Java\jdk-21\bin\server\jvm.dll
0x00007ffee7460000 - 0x00007ffee74e0000 	C:\WINDOWS\System32\WS2_32.dll
0x00007ffee4630000 - 0x00007ffee468e000 	C:\WINDOWS\SYSTEM32\POWRPROF.dll
0x00007ffed9a40000 - 0x00007ffed9a76000 	C:\WINDOWS\SYSTEM32\WINMM.dll
0x00007ffee4610000 - 0x00007ffee4624000 	C:\WINDOWS\SYSTEM32\UMPDC.dll
0x00007ffee3560000 - 0x00007ffee357b000 	C:\WINDOWS\SYSTEM32\kernel.appcore.dll
0x00007ffece940000 - 0x00007ffece94a000 	C:\Program Files\Java\jdk-21\bin\jimage.dll
0x00007ffee1da0000 - 0x00007ffee1fe2000 	C:\WINDOWS\SYSTEM32\DBGHELP.DLL
0x00007ffee6590000 - 0x00007ffee6913000 	C:\WINDOWS\System32\combase.dll
0x00007ffee6230000 - 0x00007ffee6309000 	C:\WINDOWS\System32\OLEAUT32.dll
0x00007ffec2520000 - 0x00007ffec255b000 	C:\WINDOWS\SYSTEM32\dbgcore.DLL
0x00007ffee4ec0000 - 0x00007ffee4f68000 	C:\WINDOWS\System32\bcryptPrimitives.dll
0x00007ffeb3980000 - 0x00007ffeb398f000 	C:\Program Files\Java\jdk-21\bin\instrument.dll
0x00007ffec5240000 - 0x00007ffec525f000 	C:\Program Files\Java\jdk-21\bin\java.dll
0x00007ffee6920000 - 0x00007ffee70a4000 	C:\WINDOWS\System32\SHELL32.dll
0x00007ffee2370000 - 0x00007ffee2bf0000 	C:\WINDOWS\SYSTEM32\windows.storage.dll
0x00007ffee6310000 - 0x00007ffee6406000 	C:\WINDOWS\System32\SHCORE.dll
0x00007ffee5f80000 - 0x00007ffee5fe7000 	C:\WINDOWS\System32\shlwapi.dll
0x00007ffee46f0000 - 0x00007ffee4719000 	C:\WINDOWS\SYSTEM32\profapi.dll
0x00007ffeb1b60000 - 0x00007ffeb1b78000 	C:\Program Files\Java\jdk-21\bin\zip.dll
0x00007ffec4300000 - 0x00007ffec4310000 	C:\Program Files\Java\jdk-21\bin\net.dll
0x00007ffed5050000 - 0x00007ffed5179000 	C:\WINDOWS\SYSTEM32\WINHTTP.dll
0x00007ffee3ad0000 - 0x00007ffee3b3c000 	C:\WINDOWS\system32\mswsock.dll
0x00007ffec42e0000 - 0x00007ffec42f6000 	C:\Program Files\Java\jdk-21\bin\nio.dll
0x00007ffec42d0000 - 0x00007ffec42d9000 	C:\Program Files\Java\jdk-21\bin\extnet.dll
0x00007ffec5260000 - 0x00007ffec526e000 	C:\Program Files\Java\jdk-21\bin\sunmscapi.dll
0x00007ffee48b0000 - 0x00007ffee4a28000 	C:\WINDOWS\System32\CRYPT32.dll
0x00007ffee3fd0000 - 0x00007ffee4000000 	C:\WINDOWS\SYSTEM32\ncrypt.dll
0x00007ffee3f80000 - 0x00007ffee3fbf000 	C:\WINDOWS\SYSTEM32\NTASN1.dll
0x00007ffee3db0000 - 0x00007ffee3dcb000 	C:\WINDOWS\SYSTEM32\CRYPTSP.dll
0x00007ffee34c0000 - 0x00007ffee34f9000 	C:\WINDOWS\system32\rsaenh.dll
0x00007ffee3b80000 - 0x00007ffee3bb3000 	C:\WINDOWS\SYSTEM32\USERENV.dll
0x00007ffee46c0000 - 0x00007ffee46ea000 	C:\WINDOWS\SYSTEM32\bcrypt.dll
0x00007ffee3dd0000 - 0x00007ffee3ddc000 	C:\WINDOWS\SYSTEM32\CRYPTBASE.dll
0x00007ffee2f20000 - 0x00007ffee2f53000 	C:\WINDOWS\SYSTEM32\IPHLPAPI.DLL
0x00007ffee74f0000 - 0x00007ffee74fa000 	C:\WINDOWS\System32\NSI.dll
0x00007ffeb1df0000 - 0x00007ffeb1dfa000 	C:\Program Files\Java\jdk-21\bin\management.dll
0x00007ffeb09b0000 - 0x00007ffeb09bb000 	C:\Program Files\Java\jdk-21\bin\management_ext.dll
0x00007ffee70e0000 - 0x00007ffee70e8000 	C:\WINDOWS\System32\PSAPI.DLL
0x00007ffee3010000 - 0x00007ffee315a000 	C:\WINDOWS\SYSTEM32\DNSAPI.dll
0x00007ffee38f0000 - 0x00007ffee38fd000 	C:\WINDOWS\SYSTEM32\DSPARSE.dll
0x00007ffed4920000 - 0x00007ffed492b000 	C:\Windows\System32\rasadhlp.dll
0x00007ffedbc20000 - 0x00007ffedbca6000 	C:\WINDOWS\System32\fwpuclnt.dll

dbghelp: loaded successfully - version: 4.0.5 - missing functions: none
symbol engine: initialized successfully - sym options: 0x614 - pdb path: .;C:\Program Files\Java\jdk-21\bin;C:\WINDOWS\SYSTEM32;C:\WINDOWS\WinSxS\amd64_microsoft.windows.common-controls_6595b64144ccf1df_6.0.26100.8521_none_3e08b75ce33403b3;C:\Program Files\Java\jdk-21\bin\server

VM Arguments:
jvm_args: -XX:TieredStopAtLevel=1 -Dspring.output.ansi.enabled=always -javaagent:C:\Program Files\JetBrains\IntelliJ IDEA 2026.1\lib\idea_rt.jar=60828 -Dfile.encoding=UTF-8 -Dsun.stdout.encoding=UTF-8 -Dsun.stderr.encoding=UTF-8 
java_command: edu.iuh.fit.se.authservice.AuthServiceApplication
java_class_path (initial): D:\KTrucPM\BackEnd\AuthService\target\classes;C:\Users\HELLO\.m2\repository\org\springframework\boot\spring-boot-starter-web\3.5.11\spring-boot-starter-web-3.5.11.jar;C:\Users\HELLO\.m2\repository\org\springframework\boot\spring-boot-starter\3.5.11\spring-boot-starter-3.5.11.jar;C:\Users\HELLO\.m2\repository\org\springframework\boot\spring-boot\3.5.11\spring-boot-3.5.11.jar;C:\Users\HELLO\.m2\repository\org\springframework\boot\spring-boot-autoconfigure\3.5.11\spring-boot-autoconfigure-3.5.11.jar;C:\Users\HELLO\.m2\repository\org\springframework\boot\spring-boot-starter-logging\3.5.11\spring-boot-starter-logging-3.5.11.jar;C:\Users\HELLO\.m2\repository\ch\qos\logback\logback-classic\1.5.32\logback-classic-1.5.32.jar;C:\Users\HELLO\.m2\repository\ch\qos\logback\logback-core\1.5.32\logback-core-1.5.32.jar;C:\Users\HELLO\.m2\repository\org\apache\logging\log4j\log4j-to-slf4j\2.24.3\log4j-to-slf4j-2.24.3.jar;C:\Users\HELLO\.m2\repository\org\apache\logging\log4j\log4j-api\2.24.3\log4j-api-2.24.3.jar;C:\Users\HELLO\.m2\repository\org\slf4j\jul-to-slf4j\2.0.17\jul-to-slf4j-2.0.17.jar;C:\Users\HELLO\.m2\repository\jakarta\annotation\jakarta.annotation-api\2.1.1\jakarta.annotation-api-2.1.1.jar;C:\Users\HELLO\.m2\repository\org\yaml\snakeyaml\2.4\snakeyaml-2.4.jar;C:\Users\HELLO\.m2\repository\org\springframework\boot\spring-boot-starter-json\3.5.11\spring-boot-starter-json-3.5.11.jar;C:\Users\HELLO\.m2\repository\com\fasterxml\jackson\datatype\jackson-datatype-jdk8\2.19.4\jackson-datatype-jdk8-2.19.4.jar;C:\Users\HELLO\.m2\repository\com\fasterxml\jackson\datatype\jackson-datatype-jsr310\2.19.4\jackson-datatype-jsr310-2.19.4.jar;C:\Users\HELLO\.m2\repository\com\fasterxml\jackson\module\jackson-module-parameter-names\2.19.4\jackson-module-parameter-names-2.19.4.jar;C:\Users\HELLO\.m2\repository\org\springframework\boot\spring-boot-starter-tomcat\3.5.11\spring-boot-starter-tomcat-3.5.11.jar;C:\Users\HELLO\.m2\repository\org\apache\tomcat\embed\tomcat-embed-core\10.1.52\tomcat-embed-core-10.1.52.jar;C:\Users\HELLO\.m2\repository\org\apache\tomcat\embed\tomcat-embed-websocket\10.1.52\tomcat-embed-websocket-10.1.52.jar;C:\Users\HELLO\.m2\repository\org\springframework\spring-web\6.2.16\spring-web-6.2.16.jar;C:\Users\HELLO\.m2\repository\org\springframework\spring-beans\6.2.16\spring-beans-6.2.16.jar;C:\Users\HELLO\.m2\repository\org\springframework\spring-webmvc\6.2.16\spring-webmvc-6.2.16.jar;C:\Users\HELLO\.m2\repository\org\springframework\spring-expression\6.2.16\spring-expression-6.2.16.jar;C:\Users\HELLO\.m2\repository\org\springframework\boot\spring-boot-starter-security\3.5.11\spring-boot-starter-security-3.5.11.jar;C:\Users\HELLO\.m2\repository\org\springframework\spring-aop\6.2.16\spring-aop-6.2.16.jar;C:\Users\HELLO\.m2\repository\org\springframework\security\spring-security-config\6.5.8\spring-security-config-6.5.8.jar;C:\Users\HELLO\.m2\repository\org\springframework\security\spring-security-core\6.5.8\spring-security-core-6.5.8.jar;C:\Users\HELLO\.m2\repository\org\springframework\security\spring-security-crypto\6.5.8\spring-security-crypto-6.5.8.jar;C:\Users\HELLO\.m2\repository\org\springframework\security\spring-security-web\6.5.8\spring-security-web-6.5.8.jar;C:\Users\HELLO\.m2\repository\org\springframework\boot\spring-boot-starter-validation\3.5.11\spring-boot-starter-validation-3.5.11.jar;C:\Users\HELLO\.m2\repository\org\apache\tomcat\embed\tomcat-embed-el\10.1.52\tomcat-embed-el-10.1.52.jar;C:\Users\HELLO\.m2\repository\org\hibernate\validator\hibernate-validator\8.0.3.Final\hibernate-validator-8.0.3.Final.jar;C:\Users\HELLO\.m2\repository\jakarta\validation\jakarta.validation-api\3.0.2\jakarta.validation-api-3.0.2.jar;C:\Users\HELLO\.m2\repository\org\jboss\logging\jboss-logging\3.6.2.Final\jboss-logging-3.6.2.Final.jar;C:\Users\HELLO\.m2\repository\com\fasterxml\classmate\1.7.3\classmate-1.7.3.jar;C:\Users\HELLO\.m2\repository\org\springframework\boot\spring-boot-starter-data-jpa\3.5.11\spring-boot-starter-data-jpa-3.5.11.jar;C:\Users\HELLO\.m2\repository\org\springframework\boot\spring-boot-starter-jdbc\3.5.11\spring-boot-starter-jdbc-3.5.11.jar;C:\Users\HELLO\.m2\repository\com\zaxxer\HikariCP\6.3.3\HikariCP-6.3.3.jar;C:\Users\HELLO\.m2\repository\org\springframework\spring-jdbc\6.2.16\spring-jdbc-6.2.16.jar;C:\Users\HELLO\.m2\repository\org\hibernate\orm\hibernate-core\6.6.42.Final\hibernate-core-6.6.42.Final.jar;C:\Users\HELLO\.m2\repository\jakarta\persistence\jakarta.persistence-api\3.1.0\jakarta.persistence-api-3.1.0.jar;C:\Users\HELLO\.m2\repository\jakarta\transaction\jakarta.transaction-api\2.0.1\jakarta.transaction-api-2.0.1.jar;C:\Users\HELLO\.m2\repository\org\hibernate\common\hibernate-commons-annotations\7.0.3.Final\hibernate-commons-annotations-7.0.3.Final.jar;C:\Users\HELLO\.m2\repository\io\smallrye\jandex\3.2.0\jandex-3.2.0.jar;C:\Users\HELLO\.m2\repository\net\bytebuddy\byte-buddy\1.17.8\byte-buddy-1.17.8.jar;C:\Users\HELLO\.m2\repository\org\glassfish\jaxb\jaxb-runtime\4.0.6\jaxb-runtime-4.0.6.jar;C:\Users\HELLO\.m2\repository\org\glassfish\jaxb\jaxb-core\4.0.6\jaxb-core-4.0.6.jar;C:\Users\HELLO\.m2\repository\org\glassfish\jaxb\txw2\4.0.6\txw2-4.0.6.jar;C:\Users\HELLO\.m2\repository\com\sun\istack\istack-commons-runtime\4.1.2\istack-commons-runtime-4.1.2.jar;C:\Users\HELLO\.m2\repository\jakarta\inject\jakarta.inject-api\2.0.1\jakarta.inject-api-2.0.1.jar;C:\Users\HELLO\.m2\repository\org\antlr\antlr4-runtime\4.13.0\antlr4-runtime-4.13.0.jar;C:\Users\HELLO\.m2\repository\org\springframework\data\spring-data-jpa\3.5.9\spring-data-jpa-3.5.9.jar;C:\Users\HELLO\.m2\repository\org\springframework\data\spring-data-commons\3.5.9\spring-data-commons-3.5.9.jar;C:\Users\HELLO\.m2\repository\org\springframework\spring-orm\6.2.16\spring-orm-6.2.16.jar;C:\Users\HELLO\.m2\repository\org\slf4j\slf4j-api\2.0.17\slf4j-api-2.0.17.jar;C:\Users\HELLO\.m2\repository\org\springframework\spring-aspects\6.2.16\spring-aspects-6.2.16.jar;C:\Users\HELLO\.m2\repository\org\aspectj\aspectjweaver\1.9.25.1\aspectjweaver-1.9.25.1.jar;C:\Users\HELLO\.m2\repository\org\postgresql\postgresql\42.7.10\postgresql-42.7.10.jar;C:\Users\HELLO\.m2\repository\org\checkerframework\checker-qual\3.52.0\checker-qual-3.52.0.jar;C:\Users\HELLO\.m2\repository\org\springframework\boot\spring-boot-starter-data-redis\3.5.11\spring-boot-starter-data-redis-3.5.11.jar;C:\Users\HELLO\.m2\repository\io\lettuce\lettuce-core\6.6.0.RELEASE\lettuce-core-6.6.0.RELEASE.jar;C:\Users\HELLO\.m2\repository\redis\clients\authentication\redis-authx-core\0.1.1-beta2\redis-authx-core-0.1.1-beta2.jar;C:\Users\HELLO\.m2\repository\io\netty\netty-common\4.1.131.Final\netty-common-4.1.131.Final.jar;C:\Users\HELLO\.m2\repository\io\netty\netty-handler\4.1.131.Final\netty-handler-4.1.131.Final.jar;C:\Users\HELLO\.m2\repository\io\netty\netty-resolver\4.1.131.Final\netty-resolver-4.1.131.Final.jar;C:\Users\HELLO\.m2\repository\io\netty\netty-buffer\4.1.131.Final\netty-buffer-4.1.131.Final.jar;C:\Users\HELLO\.m2\repository\io\netty\netty-transport-native-unix-common\4.1.131.Final\netty-transport-native-unix-common-4.1.131.Final.jar;C:\Users\HELLO\.m2\repository\io\netty\netty-codec\4.1.131.Final\netty-codec-4.1.131.Final.jar;C:\Users\HELLO\.m2\repository\io\netty\netty-transport\4.1.131.Final\netty-transport-4.1.131.Final.jar;C:\Users\HELLO\.m2\repository\io\projectreactor\reactor-core\3.7.16\reactor-core-3.7.16.jar;C:\Users\HELLO\.m2\repository\org\reactivestreams\reactive-streams\1.0.4\reactive-streams-1.0.4.jar;C:\Users\HELLO\.m2\repository\org\springframework\data\spring-data-redis\3.5.9\spring-data-redis-3.5.9.jar;C:\Users\HELLO\.m2\repository\org\springframework\data\spring-data-keyvalue\3.5.9\spring-data-keyvalue-3.5.9.jar;C:\Users\HELLO\.m2\repository\org\springframework\spring-oxm\6.2.16\spring-oxm-6.2.16.jar;C:\Users\HELLO\.m2\repository\org\springframework\kafka\spring-kafka\3.3.13\spring-kafka-3.3.13.jar;C:\Users\HELLO\.m2\repository\org\springframework\spring-context\6.2.16\spring-context-6.2.16.jar;C:\Users\HELLO\.m2\repository\org\springframework\spring-messaging\6.2.16\spring-messaging-6.2.16.jar;C:\Users\HELLO\.m2\repository\org\springframework\spring-tx\6.2.16\spring-tx-6.2.16.jar;C:\Users\HELLO\.m2\repository\org\springframework\retry\spring-retry\2.0.12\spring-retry-2.0.12.jar;C:\Users\HELLO\.m2\repository\org\apache\kafka\kafka-clients\3.9.1\kafka-clients-3.9.1.jar;C:\Users\HELLO\.m2\repository\com\github\luben\zstd-jni\1.5.6-4\zstd-jni-1.5.6-4.jar;C:\Users\HELLO\.m2\repository\org\lz4\lz4-java\1.8.0\lz4-java-1.8.0.jar;C:\Users\HELLO\.m2\repository\org\xerial\snappy\snappy-java\1.1.10.5\snappy-java-1.1.10.5.jar;C:\Users\HELLO\.m2\repository\io\micrometer\micrometer-observation\1.15.9\micrometer-observation-1.15.9.jar;C:\Users\HELLO\.m2\repository\io\micrometer\micrometer-commons\1.15.9\micrometer-commons-1.15.9.jar;C:\Users\HELLO\.m2\repository\org\springframework\boot\spring-boot-starter-actuator\3.5.11\spring-boot-starter-actuator-3.5.11.jar;C:\Users\HELLO\.m2\repository\org\springframework\boot\spring-boot-actuator-autoconfigure\3.5.11\spring-boot-actuator-autoconfigure-3.5.11.jar;C:\Users\HELLO\.m2\repository\org\springframework\boot\spring-boot-actuator\3.5.11\spring-boot-actuator-3.5.11.jar;C:\Users\HELLO\.m2\repository\io\micrometer\micrometer-jakarta9\1.15.9\micrometer-jakarta9-1.15.9.jar;C:\Users\HELLO\.m2\repository\io\micrometer\micrometer-core\1.15.9\micrometer-core-1.15.9.jar;C:\Users\HELLO\.m2\repository\org\hdrhistogram\HdrHistogram\2.2.2\HdrHistogram-2.2.2.jar;C:\Users\HELLO\.m2\repository\org\latencyutils\LatencyUtils\2.0.3\LatencyUtils-2.0.3.jar;C:\Users\HELLO\.m2\repository\io\jsonwebtoken\jjwt-api\0.12.3\jjwt-api-0.12.3.jar;C:\Users\HELLO\.m2\repository\io\jsonwebtoken\jjwt-impl\0.12.3\jjwt-impl-0.12.3.jar;C:\Users\HELLO\.m2\repository\io\jsonwebtoken\jjwt-jackson\0.12.3\jjwt-jackson-0.12.3.jar;C:\Users\HELLO\.m2\repository\com\fasterxml\jackson\core\jackson-databind\2.19.4\jackson-databind-2.19.4.jar;C:\Users\HELLO\.m2\repository\com\fasterxml\jackson\core\jackson-annotations\2.19.4\jackson-annotations-2.19.4.jar;C:\Users\HELLO\.m2\repository\com\fasterxml\jackson\core\jackson-core\2.19.4\jackson-core-2.19.4.jar;C:\Users\HELLO\.m2\repository\org\springdoc\springdoc-openapi-starter-webmvc-ui\2.3.0\springdoc-openapi-starter-webmvc-ui-2.3.0.jar;C:\Users\HELLO\.m2\repository\org\springdoc\springdoc-openapi-starter-webmvc-api\2.3.0\springdoc-openapi-starter-webmvc-api-2.3.0.jar;C:\Users\HELLO\.m2\repository\org\springdoc\springdoc-openapi-starter-common\2.3.0\springdoc-openapi-starter-common-2.3.0.jar;C:\Users\HELLO\.m2\repository\io\swagger\core\v3\swagger-core-jakarta\2.2.19\swagger-core-jakarta-2.2.19.jar;C:\Users\HELLO\.m2\repository\org\apache\commons\commons-lang3\3.17.0\commons-lang3-3.17.0.jar;C:\Users\HELLO\.m2\repository\io\swagger\core\v3\swagger-annotations-jakarta\2.2.19\swagger-annotations-jakarta-2.2.19.jar;C:\Users\HELLO\.m2\repository\io\swagger\core\v3\swagger-models-jakarta\2.2.19\swagger-models-jakarta-2.2.19.jar;C:\Users\HELLO\.m2\repository\com\fasterxml\jackson\dataformat\jackson-dataformat-yaml\2.19.4\jackson-dataformat-yaml-2.19.4.jar;C:\Users\HELLO\.m2\repository\org\webjars\swagger-ui\5.10.3\swagger-ui-5.10.3.jar;C:\Users\HELLO\.m2\repository\org\springframework\boot\spring-boot-starter-mail\3.5.11\spring-boot-starter-mail-3.5.11.jar;C:\Users\HELLO\.m2\repository\org\springframework\spring-context-support\6.2.16\spring-context-support-6.2.16.jar;C:\Users\HELLO\.m2\repository\org\eclipse\angus\jakarta.mail\2.0.5\jakarta.mail-2.0.5.jar;C:\Users\HELLO\.m2\repository\jakarta\activation\jakarta.activation-api\2.1.4\jakarta.activation-api-2.1.4.jar;C:\Users\HELLO\.m2\repository\org\eclipse\angus\angus-activation\2.0.3\angus-activation-2.0.3.jar;C:\Users\HELLO\.m2\repository\org\projectlombok\lombok\1.18.42\lombok-1.18.42.jar;C:\Users\HELLO\.m2\repository\jakarta\xml\bind\jakarta.xml.bind-api\4.0.4\jakarta.xml.bind-api-4.0.4.jar;C:\Users\HELLO\.m2\repository\org\springframework\spring-core\6.2.16\spring-core-6.2.16.jar;C:\Users\HELLO\.m2\repository\org\springframework\spring-jcl\6.2.16\spring-jcl-6.2.16.jar;C:\Users\HELLO\.m2\repository\dev\samstevens\totp\totp\1.7.1\totp-1.7.1.jar;C:\Users\HELLO\.m2\repository\commons-codec\commons-codec\1.18.0\commons-codec-1.18.0.jar;C:\Users\HELLO\.m2\repository\com\google\zxing\core\3.4.0\core-3.4.0.jar;C:\Users\HELLO\.m2\repository\com\google\zxing\javase\3.4.0\javase-3.4.0.jar;C:\Users\HELLO\.m2\repository\com\beust\jcommander\1.72\jcommander-1.72.jar;C:\Users\HELLO\.m2\repository\com\github\jai-imageio\jai-imageio-core\1.4.0\jai-imageio-core-1.4.0.jar
Launcher Type: SUN_STANDARD

[Global flags]
     intx CICompilerCount                          = 4                                         {product} {ergonomic}
     uint ConcGCThreads                            = 2                                         {product} {ergonomic}
     uint G1ConcRefinementThreads                  = 8                                         {product} {ergonomic}
   size_t G1HeapRegionSize                         = 1048576                                   {product} {ergonomic}
    uintx GCDrainStackTargetSize                   = 64                                        {product} {ergonomic}
   size_t InitialHeapSize                          = 130023424                                 {product} {ergonomic}
   size_t MarkStackSize                            = 4194304                                   {product} {ergonomic}
   size_t MaxHeapSize                              = 2055208960                                {product} {ergonomic}
   size_t MaxNewSize                               = 1233125376                                {product} {ergonomic}
   size_t MinHeapDeltaBytes                        = 1048576                                   {product} {ergonomic}
   size_t MinHeapSize                              = 8388608                                   {product} {ergonomic}
    uintx NonNMethodCodeHeapSize                   = 4096                                   {pd product} {ergonomic}
    uintx NonProfiledCodeHeapSize                  = 0                                      {pd product} {ergonomic}
     bool ProfileInterpreter                       = false                                  {pd product} {command line}
    uintx ProfiledCodeHeapSize                     = 0                                      {pd product} {ergonomic}
   size_t SoftMaxHeapSize                          = 2055208960                             {manageable} {ergonomic}
     intx TieredStopAtLevel                        = 1                                         {product} {command line}
     bool UseCompressedOops                        = true                           {product lp64_product} {ergonomic}
     bool UseG1GC                                  = true                                      {product} {ergonomic}
     bool UseLargePagesIndividualAllocation        = false                                  {pd product} {ergonomic}

Logging:
Log output configuration:
 #0: stdout all=warning uptime,level,tags foldmultilines=false
 #1: stderr all=off uptime,level,tags foldmultilines=false

Environment Variables:
JAVA_HOME=C:\Program Files\Java\jdk-21
PATH=C:\OracleXE\dbhomeXE\bin;C:\Program Files\Common Files\Oracle\Java\javapath;C:\WINDOWS\system32;C:\WINDOWS;C:\WINDOWS\System32\Wbem;C:\WINDOWS\System32\WindowsPowerShell\v1.0\;C:\WINDOWS\System32\OpenSSH\;C:\Program Files\nodejs\;C:\Program Files\Java\jdk-21\bin;C:\Program Files\Apache\apache-maven-3.9.10\bin;C:\Program Files\Git\cmd;C:\Program Files\PuTTY\;C:\Program Files\Docker\Docker\resources\bin;C:\Users\HELLO\AppData\Local\Programs\Python\Python313\Scripts\;C:\Users\HELLO\AppData\Local\Programs\Python\Python313\;C:\Users\HELLO\AppData\Local\Programs\Python\Launcher\;C:\Users\HELLO\AppData\Local\Microsoft\WindowsApps;C:\Users\HELLO\AppData\Local\Programs\Microsoft VS Code\bin;C:\Users\HELLO\AppData\Roaming\npm;C:\Program Files\JetBrains\IntelliJ IDEA 2026.1\bin;C:\Users\HELLO\AppData\Local\Microsoft\WinGet\Packages\BurntSushi.ripgrep.MSVC_Microsoft.Winget.Source_8wekyb3d8bbwe\ripgrep-15.1.0-x86_64-pc-windows-msvc;C:\Users\HELLO\AppData\Local\Programs\Antigravity\bin;C:\Users\HELLO\AppData\Local\Programs\Antigravity IDE\bin
USERNAME=HELLO
OS=Windows_NT
PROCESSOR_IDENTIFIER=Intel64 Family 6 Model 140 Stepping 1, GenuineIntel
TMP=C:\Users\HELLO\AppData\Local\Temp
TEMP=C:\Users\HELLO\AppData\Local\Temp




Periodic native trim disabled

---------------  S Y S T E M  ---------------

OS:
 Windows 11 , 64 bit Build 26100 (10.0.26100.8521)
OS uptime: 0 days 2:46 hours
Hyper-V role detected

CPU: total 8 (initial active 8) (4 cores per cpu, 2 threads per core) family 6 model 140 stepping 1 microcode 0xb4, cx8, cmov, fxsr, ht, mmx, 3dnowpref, sse, sse2, sse3, ssse3, sse4.1, sse4.2, popcnt, lzcnt, tsc, tscinvbit, avx, avx2, aes, erms, clmul, bmi1, bmi2, adx, avx512f, avx512dq, avx512cd, avx512bw, avx512vl, sha, fma, vzeroupper, avx512_vpopcntdq, avx512_vpclmulqdq, avx512_vaes, avx512_vnni, clflush, clflushopt, clwb, avx512_vbmi2, avx512_vbmi, hv, rdtscp, rdpid, fsrm, gfni, avx512_bitalg, f16c, cet_ibt, cet_ss, avx512_ifma
Processor Information for all 8 processors :
  Max Mhz: 2401, Current Mhz: 2400, Mhz Limit: 2376

Memory: 4k page, system-wide physical 7834M (694M free)
TotalPageFile size 15649M (AvailPageFile size 192M)
current process WorkingSet (physical memory assigned to process): 207M, peak: 216M
current process commit charge ("private bytes"): 297M, peak: 297M

vm_info: Java HotSpot(TM) 64-Bit Server VM (21.0.7+8-LTS-245) for windows-amd64 JRE (21.0.7+8-LTS-245), built on 2025-02-21T05:11:27Z by "mach5one" with MS VC++ 17.6 (VS2022)

END.
